dataset,source_format,source_path,sample_rank,sample_index,series_name,series_length_original,series_length_used,downsampled,value_source,mode_5,mode_10,acf_timescale,acf_first_min,ami2,trev,high_fluctuation,stretch_high,transition_matrix,periodicity,embedding_dist,ami_timescale,whiten_timescale,outlier_timing_pos,outlier_timing_neg,centroid_freq,stretch_decreasing,entropy_pairs,rs_range,dfa,low_freq_power,forecast_error
australian_electricity_demand_dataset,tsf,australian_electricity_demand_dataset/australian_electricity_demand_dataset.tsf,1,1,T1,230736,50000,True,value,-0.345038112,-0.011638152,2.024542846,6.000000000,0.117117805,0.292093484,0.938818776,11.000000000,0.001339284,9.000000000,0.298027609,3.000000000,0.500000000,-0.038420000,0.062940000,0.804144768,9.000000000,1.893536990,0.120000000,0.160000000,0.604100809,0.963016453
australian_electricity_demand_dataset,tsf,australian_electricity_demand_dataset/australian_electricity_demand_dataset.tsf,2,2,T2,230736,50000,True,value,0.135710568,0.135710568,2.578080871,5.000000000,0.112616303,0.201595003,0.927598552,31.000000000,0.000433763,9.000000000,0.271436064,5.000000000,0.400000000,0.229730000,-0.196900000,0.851067818,10.000000000,1.855921134,0.120000000,0.840000000,0.603909061,0.867439455
australian_electricity_demand_dataset,tsf,australian_electricity_demand_dataset/australian_electricity_demand_dataset.tsf,3,3,T3,232272,50000,True,value,0.504700340,0.190617243,1.958577750,5.000000000,0.113347998,0.237462674,0.923138463,10.000000000,0.004807378,9.000000000,0.300242385,2.000000000,0.500000000,0.056080000,-0.048280000,0.827433244,9.000000000,1.907045121,0.600000000,0.360000000,0.608127509,1.003105011
australian_electricity_demand_dataset,tsf,australian_electricity_demand_dataset/australian_electricity_demand_dataset.tsf,4,4,T4,230784,50000,True,value,0.056782041,-0.388197745,2.676686040,6.000000000,0.087463421,0.068941533,0.928318566,83.000000000,0.000365923,9.000000000,0.312766334,5.000000000,0.133333333,0.075830000,0.065820000,0.837189401,10.000000000,1.908867186,0.120000000,0.740000000,0.564504930,0.851991633
australian_electricity_demand_dataset,tsf,australian_electricity_demand_dataset/australian_electricity_demand_dataset.tsf,5,5,T5,230736,50000,True,value,-0.535747376,-0.088774924,1.852189999,3.000000000,0.047989362,0.360604736,0.932558651,53.000000000,0.001838062,4.000000000,0.184212029,2.000000000,0.007905138,-0.146640000,0.136960000,0.685450658,10.000000000,1.951771669,0.600000000,0.520000000,0.604004935,0.977493993
bitcoin_dataset_without_missing_values,tsf,bitcoin_dataset_without_missing_values/bitcoin_dataset_without_missing_values.tsf,1,1,difficulty,4581,4581,False,value,-0.149860276,-0.349544770,580.047951215,3362.000000000,0.866876577,-0.000118600,0.014410480,1218.000000000,0.074074074,0.000000000,1.325635462,40.000000000,0.001745201,0.873608382,-0.285527177,0.999183920,3.000000000,1.102243242,0.122448980,0.530612245,0.001533981,0.031814075
bitcoin_dataset_without_missing_values,tsf,bitcoin_dataset_without_missing_values/bitcoin_dataset_without_missing_values.tsf,2,8,mining_profitability,4021,4021,False,value,1.545015559,0.663806402,42.060652082,73.000000000,0.062810744,0.136481055,0.073383085,382.000000000,0.074074074,76.000000000,0.094233660,3.000000000,0.001904762,-0.992539169,0.217607560,0.969486424,7.000000000,1.243673200,0.489795918,0.510204082,0.023009712,0.187807784
bitcoin_dataset_without_missing_values,tsf,bitcoin_dataset_without_missing_values/bitcoin_dataset_without_missing_values.tsf,3,11,median_transaction_value,4021,4021,False,value,0.641871596,-0.001438279,85.335233239,4.000000000,0.066317362,0.074620987,0.511940299,392.000000000,0.166666667,6.000000000,0.135693895,3.000000000,0.000662691,0.356876399,-0.453867197,0.932652199,7.000000000,1.507948655,0.408163265,0.877551020,0.010737866,0.359884934
bitcoin_dataset_without_missing_values,tsf,bitcoin_dataset_without_missing_values/bitcoin_dataset_without_missing_values.tsf,4,12,av_transaction_value,4021,4021,False,value,0.711946908,0.129928150,152.536238109,6.000000000,0.183039682,0.030540527,0.323383085,343.000000000,0.166666667,0.000000000,0.126561659,5.000000000,0.000707714,0.951753295,-0.358368565,0.946574893,8.000000000,1.421306231,0.122448980,0.122448980,0.007669904,0.329012982
bitcoin_dataset_without_missing_values,tsf,bitcoin_dataset_without_missing_values/bitcoin_dataset_without_missing_values.tsf,5,18,price,4021,4021,False,value,0.122430559,-0.186456580,164.079708458,419.000000000,0.335776070,-0.000119438,0.078358209,489.000000000,0.074074074,1191.000000000,1.641549257,40.000000000,0.002257336,0.946530714,-0.367570256,0.998087254,9.000000000,1.159458187,0.285714286,0.183673469,0.006135923,0.056652680
car_parts_dataset_without_missing_values,tsf,car_parts_dataset_without_missing_values/car_parts_dataset_without_missing_values.tsf,1,262,T262,51,51,False,value,0.360489488,0.063957812,0.598454940,6.000000000,0.003995737,0.000000000,0.120000000,2.000000000,0.242933333,7.000000000,0.099022099,8.000000000,1.000000000,0.098039216,0.000000000,0.084990519,2.000000000,0.450102653,0.666666667,0.666666667,1.668971097,1.223396281
car_parts_dataset_without_missing_values,tsf,car_parts_dataset_without_missing_values/car_parts_dataset_without_missing_values.tsf,2,373,T373,51,51,False,value,0.282575312,0.005434141,0.595375497,4.000000000,0.005387802,-0.425728908,0.140000000,2.000000000,0.226933333,9.000000000,0.089636119,4.000000000,1.000000000,0.215686275,0.019607843,0.108259949,2.000000000,0.500570620,0.714285714,0.714285714,1.668971097,1.151145751
car_parts_dataset_without_missing_values,tsf,car_parts_dataset_without_missing_values/car_parts_dataset_without_missing_values.tsf,3,1575,T1575,51,51,False,value,-0.059564133,-0.293238810,0.742001742,2.000000000,0.105262780,0.765572280,0.400000000,5.000000000,0.166666667,2.000000000,0.151550224,1.000000000,0.166666667,-0.372549020,0.176470588,0.301961184,3.000000000,1.194422384,0.666666667,0.285714286,1.276272016,1.118512136
car_parts_dataset_without_missing_values,tsf,car_parts_dataset_without_missing_values/car_parts_dataset_without_missing_values.tsf,4,1991,T1991,51,51,False,value,-0.277872311,-0.459558053,0.654704305,2.000000000,0.148104967,-0.989569914,0.540000000,4.000000000,0.021866667,6.000000000,0.142344234,2.000000000,0.500000000,-0.313725490,0.176470588,0.138269832,2.000000000,1.874290934,0.666666667,0.619047619,1.472621556,1.084155766
car_parts_dataset_without_missing_values,tsf,car_parts_dataset_without_missing_values/car_parts_dataset_without_missing_values.tsf,5,2026,T2026,51,51,False,value,-0.173807254,-0.366506601,0.630674191,1.000000000,0.118153622,0.577020504,0.420000000,4.000000000,0.079866667,4.000000000,0.059204470,3.000000000,1.000000000,0.627450980,-0.294117647,0.235112795,3.000000000,1.217174314,0.571428571,0.714285714,1.570796327,1.100637629
cif_2016_dataset,tsf,cif_2016_dataset/cif_2016_dataset.tsf,1,1,T1,120,120,False,value,-0.774697879,0.158553567,25.209896293,71.000000000,0.903511855,0.002329600,0.865546218,49.000000000,0.166666667,0.000000000,1.013931906,2.000000000,0.022222222,0.758333333,-0.762500000,0.938656264,5.000000000,1.519597047,0.552631579,0.210526316,0.049087385,0.198270930
cif_2016_dataset,tsf,cif_2016_dataset/cif_2016_dataset.tsf,2,7,T7,120,120,False,value,1.091058749,1.235159134,27.874688107,74.000000000,0.946268496,0.000793605,0.798319328,59.000000000,0.166666667,0.000000000,1.437866898,1.000000000,0.023809524,0.650000000,-0.662500000,0.963764820,4.000000000,1.451139897,0.184210526,0.657894737,0.049087385,0.151091626
cif_2016_dataset,tsf,cif_2016_dataset/cif_2016_dataset.tsf,3,9,T9,120,120,False,value,-1.166963828,-1.016940069,28.068850502,74.000000000,1.008142796,-0.001331777,0.865546218,55.000000000,0.166666667,0.000000000,1.249119400,3.000000000,0.023809524,-0.650000000,0.633333333,0.958355504,6.000000000,1.401817219,0.236842105,0.184210526,0.049087385,0.160604850
cif_2016_dataset,tsf,cif_2016_dataset/cif_2016_dataset.tsf,4,25,T25,120,120,False,value,0.144661567,0.847383294,20.909145601,4.000000000,0.457830610,-0.076734278,0.957983193,41.000000000,0.166666667,4.000000000,0.239667788,3.000000000,0.022222222,0.758333333,-0.616666667,0.756112513,5.000000000,1.879242221,0.184210526,0.684210526,0.049087385,0.574601558
cif_2016_dataset,tsf,cif_2016_dataset/cif_2016_dataset.tsf,5,52,T52,68,68,False,value,-0.768700936,-1.001150382,9.734626891,11.000000000,0.468933033,0.179904733,0.955223881,13.000000000,0.074074074,3.000000000,0.167862966,1.000000000,0.045454545,-0.750000000,0.617647059,0.748751801,5.000000000,1.948309071,0.379310345,0.482758621,0.098174770,0.549810596
covid_deaths_dataset,tsf,covid_deaths_dataset/covid_deaths_dataset.tsf,1,80,T80,212,212,False,value,0.296147354,0.429918460,29.410346470,157.000000000,0.718310238,0.010084444,0.014218009,156.000000000,0.083333333,0.000000000,0.424115439,40.000000000,0.020408163,0.264150943,-0.759433962,0.979396345,1.000000000,0.000000000,0.857142857,0.857142857,0.024543693,0.131091978
covid_deaths_dataset,tsf,covid_deaths_dataset/covid_deaths_dataset.tsf,2,109,T109,212,212,False,value,-0.279639054,-0.456604664,30.630671598,154.000000000,0.835927452,0.000045312,0.189573460,57.000000000,0.111111111,0.000000000,7.873215076,40.000000000,1.000000000,0.867924528,-0.339622642,0.973768820,1.000000000,1.148338310,0.857142857,0.761904762,0.024543693,0.044687723
covid_deaths_dataset,tsf,covid_deaths_dataset/covid_deaths_dataset.tsf,3,155,T155,212,212,False,value,-0.329095704,-0.518118036,31.468215032,144.000000000,0.919722542,0.000109748,0.113744076,68.000000000,0.074074074,0.000000000,5.633441444,15.000000000,1.000000000,0.891509434,-0.452830189,0.971100813,1.000000000,1.148338310,0.857142857,0.761904762,0.024543693,0.050298028
covid_deaths_dataset,tsf,covid_deaths_dataset/covid_deaths_dataset.tsf,4,258,T258,212,212,False,value,-0.857257232,-1.007557375,47.580522652,139.000000000,1.329638868,0.000143822,0.165876777,112.000000000,0.166666667,0.000000000,5.669156256,40.000000000,0.013157895,0.764150943,-0.603773585,0.983626791,1.000000000,1.146973506,0.857142857,0.595238095,0.024543693,0.041661950
covid_deaths_dataset,tsf,covid_deaths_dataset/covid_deaths_dataset.tsf,5,263,T263,212,212,False,value,-0.629483800,-0.730890005,42.776540209,125.000000000,0.629550725,0.039536764,0.004739336,86.000000000,0.074074074,0.000000000,0.111590683,40.000000000,0.014705882,0.594339623,-0.405660377,0.980159474,1.000000000,0.703570069,0.857142857,0.857142857,0.024543693,0.174308025
covid_mobility_dataset_without_missing_values,tsf,covid_mobility_dataset_without_missing_values/covid_mobility_dataset_without_missing_values.tsf,1,12,T12,330,330,False,value,0.096921952,-0.150378905,0.932155685,6.000000000,0.100376340,-0.021046880,0.234042553,27.000000000,0.131510417,6.000000000,0.064025615,5.000000000,0.050000000,0.109090909,-0.051515152,0.419087586,3.000000000,0.814865301,0.866666667,0.866666667,0.895844780,0.971779013
covid_mobility_dataset_without_missing_values,tsf,covid_mobility_dataset_without_missing_values/covid_mobility_dataset_without_missing_values.tsf,2,73,T73,387,387,False,value,0.928321721,0.526335861,1.174163941,5.000000000,0.022062700,0.339047402,0.329015544,104.000000000,0.211057120,6.000000000,0.062387071,1.000000000,0.500000000,0.620155039,-0.648578811,0.255575698,3.000000000,0.589190959,0.600000000,0.244444444,0.895844780,1.130356581
covid_mobility_dataset_without_missing_values,tsf,covid_mobility_dataset_without_missing_values/covid_mobility_dataset_without_missing_values.tsf,3,310,T310,413,413,False,value,-0.379386296,-0.135377800,22.461879023,5.000000000,0.654709624,-0.172760056,0.674757282,35.000000000,0.013605442,6.000000000,0.178398483,4.000000000,0.018181818,0.142857143,0.530266344,0.835211063,8.000000000,1.634353548,0.133333333,0.866666667,0.049087385,0.581652531
covid_mobility_dataset_without_missing_values,tsf,covid_mobility_dataset_without_missing_values/covid_mobility_dataset_without_missing_values.tsf,4,341,T341,411,411,False,value,0.727160168,0.957782484,1.196852335,3.000000000,0.150971273,-0.320650409,0.646341463,28.000000000,0.053416955,6.000000000,0.101929798,1.000000000,0.333333333,-0.116788321,-0.175182482,0.255721017,5.000000000,1.189534689,0.800000000,0.866666667,0.895844780,1.149554588
covid_mobility_dataset_without_missing_values,tsf,covid_mobility_dataset_without_missing_values/covid_mobility_dataset_without_missing_values.tsf,5,528,T528,412,412,False,value,-0.730357653,-0.939389676,1.577314994,5.000000000,0.198233493,-0.700826750,0.647201946,27.000000000,0.004613610,6.000000000,0.098535558,4.000000000,0.041666667,-0.373786408,-0.563106796,0.452215733,5.000000000,1.894920138,0.866666667,0.800000000,0.859029241,0.973150934
dominick_dataset,tsf,dominick_dataset/dominick_dataset.tsf,1,59146,T59146,67,67,False,value,-0.099914185,-0.245441368,5.572922719,58.000000000,0.268319248,-0.373575527,0.015151515,9.000000000,0.210884354,17.000000000,0.041827547,34.000000000,0.111111111,-0.850746269,0.149253731,0.890307629,2.000000000,0.445875127,0.214285714,0.214285714,0.196349541,0.448065831
dominick_dataset,tsf,dominick_dataset/dominick_dataset.tsf,2,60831,T60831,78,78,False,value,-0.042300315,0.209922361,1.583341127,3.000000000,0.024318438,-0.106855243,0.090909091,65.000000000,0.203856749,4.000000000,0.042468622,2.000000000,0.285714286,0.102564103,-0.717948718,0.487583760,3.000000000,0.308837249,0.718750000,0.625000000,0.638136008,1.045297399
dominick_dataset,tsf,dominick_dataset/dominick_dataset.tsf,3,80918,T80918,48,48,False,value,0.711637365,0.810935602,0.731805619,2.000000000,0.011338898,0.000000000,0.425531915,7.000000000,0.047889099,6.000000000,0.340051650,4.000000000,0.500000000,-0.020833333,0.062500000,0.146602759,2.000000000,1.365254635,0.650000000,0.600000000,1.178097245,1.184200575
dominick_dataset,tsf,dominick_dataset/dominick_dataset.tsf,4,93708,T93708,87,87,False,value,-0.163336854,-0.308010877,7.576520371,15.000000000,0.289858485,0.076206299,0.069767442,16.000000000,0.149659864,24.000000000,0.112574444,11.000000000,0.083333333,-0.494252874,0.183908046,0.903727949,2.000000000,0.566655790,0.787878788,0.787878788,0.147262156,0.503179822
dominick_dataset,tsf,dominick_dataset/dominick_dataset.tsf,5,109857,T109857,42,42,False,value,-0.951616882,-1.079670495,1.570667042,10.000000000,0.187104755,-0.088164142,0.585365854,12.000000000,0.043333333,0.000000000,0.126502046,2.000000000,0.250000000,0.071428571,0.047619048,0.515078251,5.000000000,1.953775384,0.529411765,0.470588235,0.490873852,1.019570017
elecdemand_dataset,tsf,elecdemand_dataset/elecdemand_dataset.tsf,1,1,T1,17520,17520,False,value,0.221144458,0.590659478,11.155511236,25.000000000,0.523116941,0.003391285,0.739768252,91.000000000,0.001216529,47.000000000,1.296337484,24.000000000,0.109375000,-0.046318493,-0.089840183,0.990530435,26.000000000,1.460490982,0.240000000,0.140000000,0.130771862,0.311492341
electricity_hourly_dataset,tsf,electricity_hourly_dataset/electricity_hourly_dataset.tsf,1,34,T34,26304,26304,False,value,-0.921777474,-0.505763655,3.522187825,7.000000000,0.166297452,0.035565186,0.899973387,138.000000000,0.002119011,11.000000000,0.246782061,5.000000000,0.500000000,0.275357360,-0.094320255,0.896162236,13.000000000,1.797599203,0.760000000,0.440000000,0.261927220,0.720725685
electricity_hourly_dataset,tsf,electricity_hourly_dataset/electricity_hourly_dataset.tsf,2,117,T117,26304,26304,False,value,0.373498683,0.677120980,1257.074850690,13.000000000,0.827456947,0.006971173,0.671748470,1795.000000000,0.013333333,23.000000000,0.215350207,12.000000000,0.001626678,0.489887470,-0.346145073,0.984597602,16.000000000,1.388373295,0.240000000,0.180000000,0.000766990,0.236414471
electricity_hourly_dataset,tsf,electricity_hourly_dataset/electricity_hourly_dataset.tsf,3,221,T221,26304,26304,False,value,0.333342324,0.633946809,4.268293989,12.000000000,0.348191532,0.034127073,0.784549291,18.000000000,0.007603492,23.000000000,0.398974590,5.000000000,0.714285714,-0.091468978,-0.001444647,0.948824988,15.000000000,1.648414941,0.120000000,0.480000000,0.261735472,0.603784367
electricity_hourly_dataset,tsf,electricity_hourly_dataset/electricity_hourly_dataset.tsf,4,249,T249,26304,26304,False,value,0.107541555,0.532881516,4.058229935,10.000000000,0.231679305,0.080543297,0.861270578,23.000000000,0.007691436,23.000000000,0.295571980,5.000000000,0.571428571,-0.335158151,0.240913929,0.920228718,14.000000000,1.723996952,0.120000000,0.500000000,0.261735472,0.662962533
electricity_hourly_dataset,tsf,electricity_hourly_dataset/electricity_hourly_dataset.tsf,5,321,T321,26304,26304,False,value,-0.575995019,-0.030092471,8.596828794,13.000000000,0.253070214,-0.006046208,0.862981409,147.000000000,0.003301827,23.000000000,0.137675610,12.000000000,0.022026432,0.002661192,0.230820408,0.961679480,16.000000000,1.589376498,0.140000000,0.700000000,0.046211171,0.424290235
electricity_weekly_dataset,tsf,electricity_weekly_dataset/electricity_weekly_dataset.tsf,1,59,T59,156,156,False,value,-1.016020881,-0.397289149,3.814533854,12.000000000,0.361753890,-0.020642797,0.890322581,17.000000000,0.017543860,24.000000000,0.236349589,7.000000000,0.125000000,0.083333333,-0.121794872,0.794937430,7.000000000,1.745227512,0.300000000,0.150000000,0.245436926,0.717778044
electricity_weekly_dataset,tsf,electricity_weekly_dataset/electricity_weekly_dataset.tsf,2,164,T164,156,156,False,value,-0.545729311,-0.745174041,8.891455231,26.000000000,0.609068846,0.003229812,0.909677419,27.000000000,0.030303030,0.000000000,0.589702358,12.000000000,0.071428571,0.044871795,0.365384615,0.927150313,8.000000000,1.596685710,0.675000000,0.500000000,0.122718463,0.417389585
electricity_weekly_dataset,tsf,electricity_weekly_dataset/electricity_weekly_dataset.tsf,3,206,T206,156,156,False,value,-0.374550387,-0.606675644,7.990351821,21.000000000,0.483736378,0.126153386,0.896774194,24.000000000,0.005509642,48.000000000,0.232040414,11.000000000,0.076923077,0.012820513,0.467948718,0.828731116,6.000000000,1.749468877,0.525000000,0.675000000,0.122718463,0.579010778
electricity_weekly_dataset,tsf,electricity_weekly_dataset/electricity_weekly_dataset.tsf,4,234,T234,156,156,False,value,-0.560641477,-1.264788889,8.580820648,26.000000000,0.558072467,0.024355067,0.896774194,24.000000000,0.038567493,0.000000000,0.397622654,13.000000000,0.071428571,-0.006410256,0.416666667,0.884801565,5.000000000,1.702509397,0.150000000,0.675000000,0.122718463,0.497499965
electricity_weekly_dataset,tsf,electricity_weekly_dataset/electricity_weekly_dataset.tsf,5,315,T315,156,156,False,value,-0.255004119,-0.451512433,10.049954185,27.000000000,0.709485360,0.013933027,0.864516129,29.000000000,0.013774105,0.000000000,0.654645878,13.000000000,0.071428571,-0.506410256,-0.032051282,0.957135335,6.000000000,1.647242564,0.525000000,0.725000000,0.122718463,0.351554882
fred_md_dataset,tsf,fred_md_dataset/fred_md_dataset.tsf,1,30,T30,728,728,False,value,0.519291817,-0.065886488,66.566222237,172.000000000,1.189112264,-0.000145748,0.320495186,239.000000000,0.040000000,232.000000000,3.326600543,40.000000000,0.125925926,-0.037774725,0.694368132,0.995837594,41.000000000,1.242771745,0.382978723,0.851063830,0.012271846,0.089212963
fred_md_dataset,tsf,fred_md_dataset/fred_md_dataset.tsf,2,64,T64,728,728,False,value,0.116424102,0.376219418,94.683513064,50.000000000,0.905500143,-0.004566215,0.452544704,180.000000000,0.111111111,193.000000000,0.630187131,40.000000000,0.010152284,-0.259615385,0.739010989,0.986177581,15.000000000,1.272379182,0.425531915,0.255319149,0.012271846,0.194926389
fred_md_dataset,tsf,fred_md_dataset/fred_md_dataset.tsf,3,70,T70,728,728,False,value,-0.988208131,-0.523968275,88.718958003,267.000000000,1.053300253,0.000216577,0.431911967,244.000000000,0.062500000,0.000000000,1.729729614,40.000000000,0.077922078,-0.211538462,0.572115385,0.993390287,11.000000000,1.300703296,0.127659574,0.872340426,0.012271846,0.111867150
fred_md_dataset,tsf,fred_md_dataset/fred_md_dataset.tsf,4,72,T72,728,728,False,value,1.241331847,0.786078308,14.791984048,22.000000000,0.407085210,0.080941858,0.790921596,130.000000000,0.040000000,60.000000000,0.181060187,21.000000000,0.008130081,-0.420329670,-0.388736264,0.861044162,11.000000000,1.692018375,0.553191489,0.872340426,0.079767001,0.562761614
fred_md_dataset,tsf,fred_md_dataset/fred_md_dataset.tsf,5,95,T95,728,728,False,value,-0.924079385,-1.083271449,161.952650374,488.000000000,1.480277955,0.000000222,0.000000000,346.000000000,0.166666667,0.000000000,45.816556791,40.000000000,0.650000000,0.770604396,-0.635989011,0.995023339,3.000000000,1.116461663,0.191489362,0.872340426,0.006135923,0.005395233
hospital_dataset,tsf,hospital_dataset/hospital_dataset.tsf,1,6,T6,84,84,False,value,-0.937588256,-0.687564721,0.686507293,2.000000000,0.119208135,0.286225399,0.927710843,8.000000000,0.002577831,5.000000000,0.055662482,2.000000000,0.500000000,-0.023809524,-0.142857143,0.200652005,4.000000000,2.140382130,0.757575758,0.545454545,1.325359401,1.191735139
hospital_dataset,tsf,hospital_dataset/hospital_dataset.tsf,2,138,T138,84,84,False,value,-0.582008691,1.018223621,4.895290480,2.000000000,0.175049640,0.125474063,0.927710843,9.000000000,0.111111111,5.000000000,0.100004549,1.000000000,0.040000000,0.750000000,-0.476190476,0.600994091,3.000000000,2.027003473,0.181818182,0.545454545,0.245436926,0.821103646
hospital_dataset,tsf,hospital_dataset/hospital_dataset.tsf,3,230,T230,84,84,False,value,-0.259463026,-0.022239688,0.600425578,2.000000000,0.119392160,-0.920432207,0.987951807,5.000000000,0.002854793,5.000000000,0.069606419,2.000000000,1.000000000,-0.190476190,0.011904762,0.094028286,4.000000000,2.166942184,0.424242424,0.757575758,1.718058482,1.199452461
hospital_dataset,tsf,hospital_dataset/hospital_dataset.tsf,4,537,T537,84,84,False,value,-0.546160203,-0.805599168,1.056613378,3.000000000,0.128332501,0.192462876,0.963855422,14.000000000,0.062500000,8.000000000,0.086522444,2.000000000,0.055555556,0.726190476,-0.380952381,0.415438388,5.000000000,2.124421895,0.363636364,0.606060606,0.834485549,1.023908796
hospital_dataset,tsf,hospital_dataset/hospital_dataset.tsf,5,563,T563,84,84,False,value,-0.040574865,0.170974087,4.544915434,2.000000000,0.280076237,0.194549065,0.975903614,11.000000000,0.111111111,2.000000000,0.161346040,1.000000000,0.045454545,0.511904762,-0.452380952,0.671418167,6.000000000,1.984803531,0.484848485,0.696969697,0.147262156,0.744814452
kaggle_web_traffic_dataset_without_missing_values,tsf,kaggle_web_traffic_dataset_without_missing_values/kaggle_web_traffic_dataset_without_missing_values.tsf,1,2134,T2134,803,803,False,value,-0.005347746,-0.580570865,1.053471079,3.000000000,0.023708462,0.345633683,0.962593516,13.000000000,0.005203551,3.000000000,0.070229020,2.000000000,0.041666667,-0.039850560,-0.195516812,0.446923262,6.000000000,2.150443820,0.659574468,0.255319149,0.816077779,1.003536159
kaggle_web_traffic_dataset_without_missing_values,tsf,kaggle_web_traffic_dataset_without_missing_values/kaggle_web_traffic_dataset_without_missing_values.tsf,2,79597,T79597,803,803,False,value,1.531483777,0.573201964,1.545525204,13.000000000,0.004851750,3.427601333,0.783042394,25.000000000,0.002083333,63.000000000,0.028650040,12.000000000,0.050000000,0.090909091,-0.077833126,0.487625612,7.000000000,2.122019032,0.212765957,0.872340426,0.650407854,1.013572055
kaggle_web_traffic_dataset_without_missing_values,tsf,kaggle_web_traffic_dataset_without_missing_values/kaggle_web_traffic_dataset_without_missing_values.tsf,3,103654,T103654,803,803,False,value,2.565790214,1.164898027,0.644073432,5.000000000,0.000001561,0.481928111,0.438902743,41.000000000,0.014403292,12.000000000,0.002841763,4.000000000,0.090909091,0.083437111,0.113325031,0.208817103,7.000000000,1.880104964,0.170212766,0.234042553,1.540116711,1.151430007
kaggle_web_traffic_dataset_without_missing_values,tsf,kaggle_web_traffic_dataset_without_missing_values/kaggle_web_traffic_dataset_without_missing_values.tsf,4,119659,T119659,803,803,False,value,1.474741132,0.609533625,1.481888044,6.000000000,0.005519159,6.039033910,0.413965087,39.000000000,0.007407407,13.000000000,0.021319749,5.000000000,0.019230769,-0.425902864,0.038605230,0.483839778,8.000000000,1.889291899,0.340425532,0.744680851,0.644271931,1.020880019
kaggle_web_traffic_dataset_without_missing_values,tsf,kaggle_web_traffic_dataset_without_missing_values/kaggle_web_traffic_dataset_without_missing_values.tsf,5,139201,T139201,803,803,False,value,1.440343801,0.598280168,2.972727397,5.000000000,0.017537634,1.923917616,0.270573566,29.000000000,0.029585799,6.000000000,0.052554469,4.000000000,0.016393443,-0.483188045,0.009962640,0.667852032,7.000000000,1.663965675,0.127659574,0.872340426,0.257708772,0.830464432
kaggle_web_traffic_weekly_dataset,tsf,kaggle_web_traffic_weekly_dataset/kaggle_web_traffic_weekly_dataset.tsf,1,11038,T11038,114,114,False,value,0.151622318,-0.101804189,5.913599079,35.000000000,0.296407546,0.483559419,0.132743363,14.000000000,0.143333333,0.000000000,0.109233213,9.000000000,0.272727273,0.263157895,-0.144736842,0.892252547,9.000000000,1.005869587,0.837837838,0.621621622,0.147262156,0.573886796
kaggle_web_traffic_weekly_dataset,tsf,kaggle_web_traffic_weekly_dataset/kaggle_web_traffic_weekly_dataset.tsf,2,65430,T65430,114,114,False,value,0.003797548,-0.386904965,0.862263760,5.000000000,0.042231267,2.067638621,0.911504425,6.000000000,0.003826531,20.000000000,0.054408841,3.000000000,0.250000000,-0.078947368,0.271929825,0.395961856,8.000000000,2.102882650,0.675675676,0.810810811,0.834485549,1.057453420
kaggle_web_traffic_weekly_dataset,tsf,kaggle_web_traffic_weekly_dataset/kaggle_web_traffic_weekly_dataset.tsf,3,113982,T113982,114,114,False,value,0.757077801,0.268019373,0.804435780,4.000000000,0.000737315,-3.305804697,0.353982301,5.000000000,0.013391770,22.000000000,0.047658304,1.000000000,0.333333333,-0.070175439,0.035087719,0.271020852,5.000000000,1.955679827,0.837837838,0.837837838,1.129009860,1.154518922
kaggle_web_traffic_weekly_dataset,tsf,kaggle_web_traffic_weekly_dataset/kaggle_web_traffic_weekly_dataset.tsf,4,116620,T116620,114,114,False,value,0.664401558,0.138437648,0.647008954,2.000000000,0.000324693,0.995587906,0.584070796,3.000000000,0.011054422,19.000000000,0.061838152,1.000000000,0.500000000,0.342105263,0.048245614,0.201630728,4.000000000,2.029567712,0.837837838,0.837837838,1.521708942,1.166391682
kaggle_web_traffic_weekly_dataset,tsf,kaggle_web_traffic_weekly_dataset/kaggle_web_traffic_weekly_dataset.tsf,5,118093,T118093,114,114,False,value,0.666394220,0.196060203,0.679780696,4.000000000,0.000737315,0.866882836,0.327433628,7.000000000,0.010204082,4.000000000,0.064646340,3.000000000,0.125000000,0.701754386,-0.122807018,0.234235847,7.000000000,1.860340658,0.270270270,0.837837838,1.374446786,1.152950317
kdd_cup_2018_dataset_without_missing_values,tsf,kdd_cup_2018_dataset_without_missing_values/kdd_cup_2018_dataset_without_missing_values.tsf,1,4,T4,10898,10898,False,value,0.154098612,-0.423122353,31.152556524,21.000000000,0.136047217,0.003433360,0.504450766,616.000000000,0.005945303,22.000000000,0.105738546,20.000000000,0.002695418,-0.854285190,0.043585979,0.902249010,9.000000000,1.519795201,0.420000000,0.480000000,0.036815539,0.474107004
kdd_cup_2018_dataset_without_missing_values,tsf,kdd_cup_2018_dataset_without_missing_values/kdd_cup_2018_dataset_without_missing_values.tsf,2,96,T96,10898,10898,False,value,0.619900178,-0.078988748,25.380388753,15.000000000,0.078751546,0.031983634,0.454620538,259.000000000,0.027777778,22.000000000,0.071983024,14.000000000,0.000592066,-0.800605616,0.080932281,0.899971631,12.000000000,1.601939414,0.220000000,0.660000000,0.072864087,0.527547996
kdd_cup_2018_dataset_without_missing_values,tsf,kdd_cup_2018_dataset_without_missing_values/kdd_cup_2018_dataset_without_missing_values.tsf,3,162,T162,10898,10898,False,value,0.993901791,0.131696086,23.598595070,34.000000000,0.058595823,0.044312299,0.468752868,265.000000000,0.040000000,48.000000000,0.104861079,33.000000000,0.000544366,-0.814094329,0.064140209,0.940209395,12.000000000,1.567621752,0.280000000,0.120000000,0.051771852,0.433628508
kdd_cup_2018_dataset_without_missing_values,tsf,kdd_cup_2018_dataset_without_missing_values/kdd_cup_2018_dataset_without_missing_values.tsf,4,171,T171,10898,10898,False,value,-0.775370389,-1.069782667,7.348971808,16.000000000,0.327426937,0.016653138,0.824722401,234.000000000,0.000718367,23.000000000,0.285187580,15.000000000,0.032258065,-0.590750596,0.020921270,0.904989499,13.000000000,1.651173449,0.240000000,0.140000000,0.109296131,0.569392116
kdd_cup_2018_dataset_without_missing_values,tsf,kdd_cup_2018_dataset_without_missing_values/kdd_cup_2018_dataset_without_missing_values.tsf,5,234,T234,10920,10920,False,value,0.133139734,-0.733814305,55.362634579,44.000000000,0.127131987,-0.048279435,0.778276399,278.000000000,0.002078609,157.000000000,0.105569842,40.000000000,0.003921569,-0.814652015,0.039514652,0.932978822,11.000000000,1.812119126,0.400000000,0.480000000,0.019558255,0.410560825
london_smart_meters_dataset_with_missing_values,tsf,london_smart_meters_dataset_with_missing_values/london_smart_meters_dataset_with_missing_values.tsf,1,2607,T2607,14736,14736,False,value,0.223710388,-0.387845249,3.541790148,13.000000000,0.051098988,0.466896301,0.901594842,38.000000000,0.000244715,13.000000000,0.072554772,12.000000000,0.012048193,0.319828990,-0.192046688,0.667601827,11.000000000,1.959921027,0.160000000,0.840000000,0.297208778,0.832872139
london_smart_meters_dataset_with_missing_values,tsf,london_smart_meters_dataset_with_missing_values/london_smart_meters_dataset_with_missing_values.tsf,2,2863,T2863,30576,30576,False,value,0.693434162,-0.187054379,2.046286216,11.000000000,0.014387624,1.072491724,0.916500409,224.000000000,0.002450434,18.000000000,0.055912451,10.000000000,0.004405286,0.549025379,-0.043661695,0.565824235,10.000000000,1.934712633,0.120000000,0.160000000,0.487805891,0.938627898
london_smart_meters_dataset_with_missing_values,tsf,london_smart_meters_dataset_with_missing_values/london_smart_meters_dataset_with_missing_values.tsf,3,3375,T3375,31056,31056,False,value,-0.113512896,-0.645163346,2.404562903,12.000000000,0.027206335,-0.056267791,0.905361455,41.000000000,0.000414115,23.000000000,0.103671337,7.000000000,0.111111111,-0.172044049,0.043228362,0.613711829,11.000000000,1.913332021,0.740000000,0.600000000,0.392699082,0.908640697
london_smart_meters_dataset_with_missing_values,tsf,london_smart_meters_dataset_with_missing_values/london_smart_meters_dataset_with_missing_values.tsf,4,4219,T4219,25488,25488,False,value,0.522960526,-0.250962107,1.506445364,13.000000000,0.003141351,0.456716159,0.894966061,36.000000000,0.000202590,47.000000000,0.059032430,7.000000000,0.111111111,-0.023108914,0.059204331,0.486073625,13.000000000,1.943932712,0.120000000,0.580000000,0.651750087,0.996147088
london_smart_meters_dataset_with_missing_values,tsf,london_smart_meters_dataset_with_missing_values/london_smart_meters_dataset_with_missing_values.tsf,5,4402,T4402,31488,31488,False,value,0.047178800,-0.690690255,6.441839727,13.000000000,0.026940993,0.401957668,0.809159336,46.000000000,0.024691358,23.000000000,0.067597629,12.000000000,0.000296384,0.322059197,-0.252477134,0.713702562,12.000000000,1.807844889,0.660000000,0.480000000,0.208621387,0.758681759
m1_monthly_dataset,tsf,m1_monthly_dataset/m1_monthly_dataset.tsf,1,29,T29,84,84,False,value,0.905933475,1.111630716,1.170592826,3.000000000,0.184215874,-0.253368700,0.927710843,12.000000000,0.040000000,3.000000000,0.066640359,2.000000000,0.066666667,-0.095238095,0.690476190,0.466286273,4.000000000,2.028002950,0.757575758,0.818181818,0.785398163,0.968816447
m1_monthly_dataset,tsf,m1_monthly_dataset/m1_monthly_dataset.tsf,2,201,T201,104,104,False,value,0.433422531,-1.124352132,15.627460226,6.000000000,0.551017675,0.048757361,0.951456311,12.000000000,0.166666667,11.000000000,0.174213603,1.000000000,0.025000000,0.807692308,-0.663461538,0.816029436,3.000000000,1.942153100,0.833333333,0.527777778,0.049087385,0.609015166
m1_monthly_dataset,tsf,m1_monthly_dataset/m1_monthly_dataset.tsf,3,242,T242,54,54,False,value,-0.370614091,-0.614979837,1.676272193,2.000000000,0.318892242,0.786563387,0.943396226,11.000000000,0.166666667,2.000000000,0.076839568,1.000000000,0.052631579,0.759259259,-0.370370370,0.534533187,3.000000000,1.822801886,0.260869565,0.565217391,0.490873852,0.858105766
m1_monthly_dataset,tsf,m1_monthly_dataset/m1_monthly_dataset.tsf,4,259,T259,82,82,False,value,-0.306557295,-0.506836794,1.216336644,2.000000000,0.112987283,0.453050645,0.962962963,8.000000000,0.052083333,3.000000000,0.095610663,1.000000000,0.100000000,0.573170732,-0.463414634,0.453933435,4.000000000,2.125657038,0.281250000,0.750000000,0.834485549,1.005871363
m1_monthly_dataset,tsf,m1_monthly_dataset/m1_monthly_dataset.tsf,5,501,T501,59,59,False,value,0.198949138,-0.001953765,5.490166234,8.000000000,0.756268790,0.540170111,0.879310345,10.000000000,0.111111111,10.000000000,0.094237201,7.000000000,0.062500000,-0.542372881,0.779661017,0.785761726,9.000000000,1.651819602,0.640000000,0.760000000,0.196349541,0.600416837
m1_quarterly_dataset,tsf,m1_quarterly_dataset/m1_quarterly_dataset.tsf,1,20,T20,42,42,False,value,-1.009923713,-1.178079002,2.679506566,6.000000000,0.387248226,0.022212298,0.902439024,11.000000000,0.027777778,0.000000000,0.252361978,5.000000000,0.333333333,0.547619048,-0.619047619,0.684593127,6.000000000,1.842020167,0.647058824,0.529411765,0.392699082,0.793726955
m1_quarterly_dataset,tsf,m1_quarterly_dataset/m1_quarterly_dataset.tsf,2,72,T72,57,57,False,value,0.014964171,1.134471210,12.714739070,39.000000000,1.216987410,0.001452510,0.589285714,27.000000000,0.166666667,0.000000000,2.005472226,24.000000000,0.047619048,0.701754386,-0.701754386,0.926849408,3.000000000,1.238207496,0.750000000,0.458333333,0.098174770,0.105189430
m1_quarterly_dataset,tsf,m1_quarterly_dataset/m1_quarterly_dataset.tsf,3,90,T90,52,52,False,value,0.019190009,0.019190009,4.137478750,2.000000000,0.201609349,0.157299378,0.921568627,9.000000000,0.074074074,2.000000000,0.099831867,1.000000000,0.058823529,0.519230769,-0.538461538,0.568856613,3.000000000,1.912686644,0.727272727,0.500000000,0.392699082,0.787879854
m1_quarterly_dataset,tsf,m1_quarterly_dataset/m1_quarterly_dataset.tsf,4,105,T105,68,68,False,value,-0.719842372,-0.898868627,12.353136264,47.000000000,0.924001643,0.005289323,0.656716418,27.000000000,0.166666667,0.000000000,1.414534379,4.000000000,0.040000000,0.852941176,-0.617647059,0.922978446,4.000000000,1.320530754,0.793103448,0.482758621,0.098174770,0.165728046
m1_quarterly_dataset,tsf,m1_quarterly_dataset/m1_quarterly_dataset.tsf,5,158,T158,60,60,False,value,-0.387696641,-0.183739122,7.756501486,18.000000000,0.767139726,-0.014167888,0.813559322,16.000000000,0.062500000,0.000000000,0.578727374,15.000000000,0.153846154,0.783333333,-0.766666667,0.894325048,7.000000000,1.524636365,0.653846154,0.769230769,0.196349541,0.357937021
m1_yearly_dataset,tsf,m1_yearly_dataset/m1_yearly_dataset.tsf,1,7,T7,16,16,False,value,-0.781523395,-0.925462752,3.392546841,11.000000000,0.959851498,0.024708872,0.800000000,5.000000000,0.166666667,0.000000000,0.937871688,2.000000000,0.833333333,0.812500000,-0.500000000,0.000000000,1.000000000,1.432213904,0.000000000,0.000000000,0.392699082,0.225351548
m1_yearly_dataset,tsf,m1_yearly_dataset/m1_yearly_dataset.tsf,2,80,T80,26,26,False,value,0.274380965,0.472134293,0.968657320,2.000000000,0.337800585,0.557135920,1.000000000,6.000000000,0.011574074,3.000000000,0.104170128,4.000000000,1.000000000,0.192307692,-0.076923077,0.145744978,4.000000000,2.134255323,0.000000000,0.000000000,0.981747704,1.191385150
m1_yearly_dataset,tsf,m1_yearly_dataset/m1_yearly_dataset.tsf,3,82,T82,26,26,False,value,0.460821795,0.632890241,4.452834425,12.000000000,0.553682461,-0.087101869,0.960000000,14.000000000,0.074074074,3.000000000,0.294173389,6.000000000,0.142857143,0.192307692,-0.730769231,0.793735005,3.000000000,1.797615656,0.000000000,0.000000000,0.196349541,0.559290020
m1_yearly_dataset,tsf,m1_yearly_dataset/m1_yearly_dataset.tsf,4,140,T140,19,19,False,value,-1.133346963,-0.478678145,3.984853744,14.000000000,0.927912557,0.007130670,1.000000000,8.000000000,0.166666667,0.000000000,1.026817192,6.000000000,0.857142857,0.789473684,-0.631578947,0.722494247,1.000000000,1.398986428,0.000000000,0.000000000,0.196349541,0.086047640
m1_yearly_dataset,tsf,m1_yearly_dataset/m1_yearly_dataset.tsf,5,177,T177,19,19,False,value,0.513982633,0.355976394,2.710837729,6.000000000,0.560155165,0.082569650,0.888888889,6.000000000,0.166666667,0.000000000,0.179125246,5.000000000,0.111111111,0.684210526,-0.631578947,0.515335651,4.000000000,1.812142810,0.000000000,0.000000000,0.392699082,0.599453612
m3_other_dataset,tsf,m3_other_dataset/m3_other_dataset.tsf,1,33,T33,73,73,False,value,0.080796447,0.293602372,9.983239592,14.000000000,0.738075463,0.003954642,0.833333333,16.000000000,0.166666667,17.000000000,0.826518762,11.000000000,0.037037037,0.890410959,-0.808219178,0.887385102,4.000000000,1.477114452,0.300000000,0.500000000,0.098174770,0.293854960
m3_other_dataset,tsf,m3_other_dataset/m3_other_dataset.tsf,2,61,T61,71,71,False,value,-0.443424276,-0.603446821,14.798655720,52.000000000,1.200993751,0.000123159,0.685714286,32.000000000,0.166666667,14.000000000,1.193708110,11.000000000,0.076923077,-0.718309859,0.718309859,0.947616726,14.000000000,1.544768149,0.689655172,0.724137931,0.049087385,0.134617147
m3_other_dataset,tsf,m3_other_dataset/m3_other_dataset.tsf,3,130,T130,71,71,False,value,1.149990715,0.995348440,16.393216843,45.000000000,1.256455882,-0.000473735,0.500000000,38.000000000,0.166666667,0.000000000,2.641752382,36.000000000,0.120000000,-0.619718310,0.711267606,0.948507917,34.000000000,1.216557129,0.620689655,0.620689655,0.049087385,0.091360408
m3_other_dataset,tsf,m3_other_dataset/m3_other_dataset.tsf,4,138,T138,71,71,False,value,1.036829492,1.189584844,16.264344690,46.000000000,1.235745522,-0.000298816,0.585714286,38.000000000,0.166666667,0.000000000,4.354419419,33.000000000,0.080000000,-0.605633803,0.732394366,0.953901797,23.000000000,1.216557129,0.793103448,0.448275862,0.049087385,0.064340451
m3_other_dataset,tsf,m3_other_dataset/m3_other_dataset.tsf,5,143,T143,71,71,False,value,0.947978249,1.092913242,16.227351627,40.000000000,1.097003403,-0.000458963,0.585714286,37.000000000,0.166666667,0.000000000,3.264601262,36.000000000,0.541666667,-0.507042254,0.732394366,0.962784019,20.000000000,1.274670883,0.758620690,0.448275862,0.049087385,0.101883493
m3_quarterly_dataset,tsf,m3_quarterly_dataset/m3_quarterly_dataset.tsf,1,225,T225,64,64,False,value,-1.026831390,-0.848269278,0.717287514,2.000000000,0.646025074,-0.636198670,1.000000000,4.000000000,0.030870621,3.000000000,0.049761934,2.000000000,0.500000000,0.281250000,-0.406250000,0.147359770,3.000000000,1.867008642,0.555555556,0.481481481,1.570796327,1.242123750
m3_quarterly_dataset,tsf,m3_quarterly_dataset/m3_quarterly_dataset.tsf,2,248,T248,51,51,False,value,-0.666086052,-0.486651185,7.334316236,26.000000000,0.807883899,-0.072927826,0.780000000,13.000000000,0.074074074,10.000000000,0.477237113,5.000000000,0.125000000,-0.764705882,0.372549020,0.891298602,14.000000000,1.572416548,0.333333333,0.619047619,0.098174770,0.392964651
m3_quarterly_dataset,tsf,m3_quarterly_dataset/m3_quarterly_dataset.tsf,3,285,T285,42,42,False,value,0.864793350,0.670267164,3.148060867,10.000000000,0.626448693,-0.005755774,0.926829268,10.000000000,0.062500000,11.000000000,0.148726042,9.000000000,0.111111111,0.642857143,-0.738095238,0.744566365,4.000000000,1.715934683,0.352941176,0.529411765,0.392699082,0.652432696
m3_quarterly_dataset,tsf,m3_quarterly_dataset/m3_quarterly_dataset.tsf,4,523,T523,24,24,False,value,1.113751171,1.293163316,4.891073773,3.000000000,0.338673262,0.047719011,0.956521739,6.000000000,0.166666667,3.000000000,0.192015215,1.000000000,0.111111111,0.666666667,-0.666666667,0.686768333,3.000000000,1.885299501,0.000000000,0.000000000,0.196349541,0.462957020
m3_quarterly_dataset,tsf,m3_quarterly_dataset/m3_quarterly_dataset.tsf,5,642,T642,43,43,False,value,-0.521606921,-1.332981194,8.607722628,29.000000000,0.740980459,-0.002193912,0.880952381,14.000000000,0.166666667,10.000000000,0.510456595,5.000000000,0.062500000,-0.558139535,0.767441860,0.818417589,8.000000000,1.710436061,0.647058824,0.352941176,0.098174770,0.385293515
m3_yearly_dataset,tsf,m3_yearly_dataset/m3_yearly_dataset.tsf,1,211,T211,47,47,False,value,1.039957711,0.888473878,10.571258007,30.000000000,1.047854725,0.002777019,0.782608696,25.000000000,0.166666667,0.000000000,1.806335895,17.000000000,0.058823529,0.574468085,-0.702127660,0.918682005,3.000000000,1.387376361,0.684210526,0.684210526,0.098174770,0.126572533
m3_yearly_dataset,tsf,m3_yearly_dataset/m3_yearly_dataset.tsf,2,247,T247,32,32,False,value,0.496771582,0.288416349,1.667830947,5.000000000,0.296541297,0.080030575,0.967741935,11.000000000,0.046296296,7.000000000,0.155557453,3.000000000,0.400000000,0.125000000,0.031250000,0.449835651,5.000000000,1.920969957,0.500000000,0.500000000,0.589048623,1.013761614
m3_yearly_dataset,tsf,m3_yearly_dataset/m3_yearly_dataset.tsf,3,332,T332,47,47,False,value,-0.317196085,-0.498203922,6.890071580,35.000000000,0.632153883,0.015745771,0.478260870,11.000000000,0.074074074,0.000000000,0.666427985,4.000000000,0.076923077,0.851063830,-0.297872340,0.855260723,4.000000000,1.259330339,0.631578947,0.684210526,0.098174770,0.325898863
m3_yearly_dataset,tsf,m3_yearly_dataset/m3_yearly_dataset.tsf,4,439,T439,21,21,False,value,-0.300035703,-1.390603549,4.551729615,15.000000000,0.989624975,0.015019678,0.800000000,9.000000000,0.166666667,0.000000000,0.872715421,3.000000000,0.125000000,0.714285714,-0.714285714,0.753968594,2.000000000,1.383148751,0.000000000,0.000000000,0.196349541,0.152623187
m3_yearly_dataset,tsf,m3_yearly_dataset/m3_yearly_dataset.tsf,5,529,T529,21,21,False,value,-0.561525160,-0.728039082,3.972160345,15.000000000,0.754126721,-0.020287747,0.750000000,8.000000000,0.166666667,0.000000000,0.905913972,4.000000000,1.000000000,-0.761904762,0.571428571,0.694402029,19.000000000,1.383148751,0.000000000,0.000000000,0.196349541,0.239943152
m4_daily_dataset,tsf,m4_daily_dataset/m4_daily_dataset.tsf,1,952,T952,3712,3712,False,value,-0.669953224,-0.941212821,228.324815623,670.000000000,0.968546071,0.000019065,0.524656427,656.000000000,0.008230453,1102.000000000,1.323818129,40.000000000,0.002475248,0.689116379,-0.762661638,0.995776711,10.000000000,1.302903793,0.163265306,0.816326531,0.004601942,0.098971488
m4_daily_dataset,tsf,m4_daily_dataset/m4_daily_dataset.tsf,2,1451,T1451,4211,4211,False,value,-1.172683515,-1.362106403,409.959684002,1082.000000000,1.313933504,-0.000073398,0.245605701,1255.000000000,0.040000000,0.000000000,1.808308691,40.000000000,0.003984064,0.660650677,-0.687247685,0.998412066,10.000000000,1.170866489,0.122448980,0.877551020,0.003067962,0.056564140
m4_daily_dataset,tsf,m4_daily_dataset/m4_daily_dataset.tsf,3,2020,T2020,4211,4211,False,value,-0.530452134,-0.703727114,527.603483105,1484.000000000,0.924946085,-0.003654810,0.085510689,1177.000000000,0.062500000,0.000000000,0.386814475,40.000000000,0.001040583,0.619092852,-0.398717644,0.998731332,10.000000000,1.236224118,0.122448980,0.122448980,0.001533981,0.055135098
m4_daily_dataset,tsf,m4_daily_dataset/m4_daily_dataset.tsf,4,3576,T3576,4211,4211,False,value,-0.601013220,-0.765312250,670.576216803,2130.000000000,1.101274620,-0.000003774,0.059144893,1243.000000000,0.111111111,0.000000000,4.516978689,40.000000000,0.001718213,0.811683686,-0.327713132,0.998946326,16.000000000,1.164007640,0.142857143,0.122448980,0.001533981,0.026728689
m4_daily_dataset,tsf,m4_daily_dataset/m4_daily_dataset.tsf,5,3775,T3775,250,250,False,value,-0.048161682,0.167446759,25.484432344,87.000000000,0.720320171,0.001237909,0.883534137,48.000000000,0.040000000,67.000000000,0.785760476,40.000000000,0.045454545,-0.272000000,0.232000000,0.952978359,8.000000000,1.433682914,0.162790698,0.860465116,0.049087385,0.340186747
m4_hourly_dataset,tsf,m4_hourly_dataset/m4_hourly_dataset.tsf,1,47,T47,748,748,False,value,-0.898479732,-0.898479732,5.159348071,12.000000000,0.583569320,0.000699999,0.904953146,16.000000000,0.008217634,23.000000000,0.838308947,6.000000000,0.857142857,0.211229947,-0.520053476,0.991473698,16.000000000,1.572851096,0.170212766,0.723404255,0.263844696,0.471769414
m4_hourly_dataset,tsf,m4_hourly_dataset/m4_hourly_dataset.tsf,2,50,T50,748,748,False,value,-0.716679783,-0.915415743,5.383273883,12.000000000,0.636947986,-0.000852089,0.922356091,17.000000000,0.024704205,23.000000000,1.270596809,6.000000000,0.750000000,0.291443850,-0.449197861,0.996064471,15.000000000,1.558976140,0.170212766,0.851063830,0.257708772,0.448191148
m4_hourly_dataset,tsf,m4_hourly_dataset/m4_hourly_dataset.tsf,3,166,T166,748,748,False,value,-0.647870165,-0.817665250,4.812657346,12.000000000,0.463360663,0.007039231,0.744310576,15.000000000,0.013765278,23.000000000,0.508244222,6.000000000,0.857142857,-0.013368984,0.018716578,0.917891955,13.000000000,1.552740639,0.276595745,0.744680851,0.263844696,0.583675374
m4_hourly_dataset,tsf,m4_hourly_dataset/m4_hourly_dataset.tsf,4,232,T232,1008,1008,False,value,-0.181975359,-0.799342833,5.317576962,12.000000000,0.609731251,0.003484400,0.931479643,18.000000000,0.018005333,23.000000000,1.230990506,6.000000000,0.750000000,0.457341270,-0.611111111,0.988388323,15.000000000,1.572817147,0.145833333,0.708333333,0.263844696,0.460362858
m4_hourly_dataset,tsf,m4_hourly_dataset/m4_hourly_dataset.tsf,5,351,T351,1008,1008,False,value,-0.330223172,-0.722826189,5.621538201,12.000000000,0.231742234,0.028748645,0.933465740,19.000000000,0.007034061,23.000000000,0.225413095,8.000000000,0.111111111,0.500000000,0.009920635,0.920982578,8.000000000,1.827961170,0.312500000,0.166666667,0.257708772,0.542454910
m4_monthly_dataset,tsf,m4_monthly_dataset/m4_monthly_dataset.tsf,1,21140,T21140,204,204,False,value,-0.880313721,-0.671054720,38.151342342,8.000000000,0.588297114,-0.022197803,0.906403941,44.000000000,0.166666667,11.000000000,0.568756116,3.000000000,0.013333333,-0.659313725,0.813725490,0.909007373,6.000000000,1.630822549,0.142857143,0.714285714,0.024543693,0.410596097
m4_monthly_dataset,tsf,m4_monthly_dataset/m4_monthly_dataset.tsf,2,24300,T24300,242,242,False,value,0.446369042,0.172640304,10.925885955,8.000000000,0.387374933,0.001148397,0.979253112,32.000000000,0.166666667,32.000000000,0.288831630,7.000000000,0.012195122,0.838842975,-0.917355372,0.860101315,7.000000000,1.931096666,0.279069767,0.860465116,0.098174770,0.496338414
m4_monthly_dataset,tsf,m4_monthly_dataset/m4_monthly_dataset.tsf,3,27150,T27150,552,552,False,value,-0.930639688,-0.709658887,61.517033742,146.000000000,0.833077181,-0.000547129,0.618874773,141.000000000,0.062500000,175.000000000,1.380418642,40.000000000,0.051724138,0.786231884,-0.275362319,0.989103835,10.000000000,1.444250691,0.130434783,0.260869565,0.018407769,0.173174821
m4_monthly_dataset,tsf,m4_monthly_dataset/m4_monthly_dataset.tsf,4,33328,T33328,97,97,False,value,0.306953758,-0.500720993,1.151947129,3.000000000,0.148128412,0.108132434,0.979166667,16.000000000,0.111111111,6.000000000,0.082737856,2.000000000,0.040000000,0.515463918,-0.329896907,0.420234502,5.000000000,2.134877578,0.228571429,0.600000000,0.883572934,1.026727236
m4_monthly_dataset,tsf,m4_monthly_dataset/m4_monthly_dataset.tsf,5,33678,T33678,101,101,False,value,-0.750833459,-0.524566551,0.997086452,1.000000000,0.179876245,0.302576292,0.880000000,8.000000000,0.030303030,9.000000000,0.078921028,2.000000000,0.111111111,-0.782178218,-0.188118812,0.519367037,5.000000000,2.182235495,0.828571429,0.342857143,0.539961237,0.944686573
m4_quarterly_dataset,tsf,m4_quarterly_dataset/m4_quarterly_dataset.tsf,1,4862,T4862,130,130,False,value,0.426082555,0.176979950,6.533038973,12.000000000,0.347823330,0.043458031,0.914728682,19.000000000,0.022038567,34.000000000,0.323617145,9.000000000,0.181818182,0.476923077,-0.107692308,0.812046465,7.000000000,1.760007606,0.512820513,0.461538462,0.171805848,0.624189831
m4_quarterly_dataset,tsf,m4_quarterly_dataset/m4_quarterly_dataset.tsf,2,13165,T13165,47,47,False,value,-0.951772796,-1.131757406,6.017426244,9.000000000,0.485545030,0.032224726,0.956521739,11.000000000,0.166666667,11.000000000,0.239499260,8.000000000,0.058823529,0.765957447,-0.297872340,0.797188829,5.000000000,1.857141683,0.684210526,0.684210526,0.098174770,0.582658392
m4_quarterly_dataset,tsf,m4_quarterly_dataset/m4_quarterly_dataset.tsf,3,16360,T16360,34,34,False,value,-0.873708469,-1.040375871,6.887926344,25.000000000,1.030221148,0.006526692,0.696969697,13.000000000,0.166666667,0.000000000,1.526686785,1.000000000,0.153846154,0.823529412,-0.617647059,0.863588913,3.000000000,1.459749458,0.461538462,0.538461538,0.098174770,0.162906147
m4_quarterly_dataset,tsf,m4_quarterly_dataset/m4_quarterly_dataset.tsf,4,18465,T18465,110,110,False,value,-1.034122624,-0.855889873,17.578080704,61.000000000,1.078371260,0.000323921,0.541284404,52.000000000,0.074074074,0.000000000,2.067005651,40.000000000,0.314285714,0.318181818,-0.581818182,0.977287526,14.000000000,1.324084556,0.837837838,0.837837838,0.049087385,0.162967882
m4_quarterly_dataset,tsf,m4_quarterly_dataset/m4_quarterly_dataset.tsf,5,23229,T23229,59,59,False,value,0.964476501,0.812438748,12.184751543,38.000000000,0.963803150,0.000674611,0.741379310,34.000000000,0.166666667,15.000000000,0.926302788,10.000000000,0.150000000,0.525423729,-0.669491525,0.935414019,4.000000000,1.524162610,0.760000000,0.760000000,0.098174770,0.225050655
m4_weekly_dataset,tsf,m4_weekly_dataset/m4_weekly_dataset.tsf,1,17,T17,734,734,False,value,-0.593924695,-0.746635710,122.273258823,415.000000000,1.188165247,0.000022842,0.070941337,192.000000000,0.166666667,196.000000000,6.617144770,40.000000000,0.119402985,0.809264305,-0.457765668,0.994963492,16.000000000,1.197580868,0.510638298,0.361702128,0.006135923,0.028629604
m4_weekly_dataset,tsf,m4_weekly_dataset/m4_weekly_dataset.tsf,2,60,T60,2297,2297,False,value,-0.190840549,0.082159552,189.837624552,389.000000000,1.085333066,-0.000059718,0.392421603,366.000000000,0.062500000,0.000000000,2.410390375,40.000000000,0.014925373,-0.478450152,0.701131911,0.997926640,13.000000000,1.242079304,0.836734694,0.755102041,0.006135923,0.076434061
m4_weekly_dataset,tsf,m4_weekly_dataset/m4_weekly_dataset.tsf,3,99,T99,2296,2296,False,value,-0.796636512,-0.626377523,454.951372644,1631.000000000,1.242843086,-0.000001162,0.022657952,894.000000000,0.074074074,429.000000000,7.828643197,40.000000000,0.009668508,0.683362369,-0.516114983,0.998910822,15.000000000,1.172019531,0.122448980,0.877551020,0.001533981,0.018378696
m4_weekly_dataset,tsf,m4_weekly_dataset/m4_weekly_dataset.tsf,4,132,T132,2296,2296,False,value,-0.738918075,-0.933080113,418.138761048,1582.000000000,1.334815854,0.000004084,0.019607843,799.000000000,0.166666667,0.000000000,5.860476853,40.000000000,0.001222494,0.854965157,-0.611062718,0.997608672,11.000000000,1.127434895,0.163265306,0.877551020,0.001533981,0.015383369
m4_weekly_dataset,tsf,m4_weekly_dataset/m4_weekly_dataset.tsf,5,133,T133,2296,2296,False,value,-0.776736591,-0.950643757,452.083605865,1644.000000000,1.330641298,0.000001918,0.006535948,878.000000000,0.166666667,0.000000000,7.984600669,40.000000000,0.001269036,0.792247387,-0.608449477,0.998070060,5.000000000,1.142074448,0.163265306,0.877551020,0.001533981,0.011416278
m4_yearly_dataset,tsf,m4_yearly_dataset/m4_yearly_dataset.tsf,1,3634,T3634,55,55,False,value,0.420832327,0.216180990,3.789041161,10.000000000,0.680929999,-0.066366035,0.981481481,13.000000000,0.020576132,15.000000000,0.243906754,5.000000000,0.333333333,-0.472727273,-0.163636364,0.846795675,6.000000000,1.778723952,0.652173913,0.478260870,0.294524311,0.641295475
m4_yearly_dataset,tsf,m4_yearly_dataset/m4_yearly_dataset.tsf,2,5390,T5390,46,46,False,value,-0.206788529,-0.824238665,8.487230023,31.000000000,0.897547213,0.018414002,0.755555556,21.000000000,0.166666667,5.000000000,0.735983191,3.000000000,0.055555556,0.836956522,-0.717391304,0.861316870,3.000000000,1.392790462,0.684210526,0.684210526,0.098174770,0.219505956
m4_yearly_dataset,tsf,m4_yearly_dataset/m4_yearly_dataset.tsf,3,9781,T9781,21,21,False,value,-0.767881641,-0.617808865,4.206883579,13.000000000,0.755553146,-0.012142694,0.850000000,7.000000000,0.166666667,0.000000000,0.852829783,8.000000000,1.142857143,-0.714285714,0.476190476,0.801900797,14.000000000,1.518317114,0.000000000,0.000000000,0.196349541,0.341491440
m4_yearly_dataset,tsf,m4_yearly_dataset/m4_yearly_dataset.tsf,4,11367,T11367,32,32,False,value,-0.087922127,-0.272074952,3.363115767,13.000000000,0.656040100,-0.485174453,0.806451613,10.000000000,0.040000000,0.000000000,0.111670945,4.000000000,0.333333333,0.000000000,0.687500000,0.697019275,6.000000000,1.778503546,0.500000000,0.500000000,0.196349541,0.752934131
m4_yearly_dataset,tsf,m4_yearly_dataset/m4_yearly_dataset.tsf,5,19052,T19052,188,188,False,value,0.053865475,-0.173622324,10.404745211,39.000000000,0.656545429,-0.045634884,0.834224599,30.000000000,0.032921811,0.000000000,0.466741921,17.000000000,0.105263158,-0.117021277,-0.585106383,0.932719725,9.000000000,1.532643653,0.666666667,0.761904762,0.098174770,0.396854422
nn5_daily_dataset_without_missing_values,tsf,nn5_daily_dataset_without_missing_values/nn5_daily_dataset_without_missing_values.tsf,1,55,T55,791,791,False,value,-0.589004321,-0.935111438,1.113627331,3.000000000,0.034254927,-0.846000459,0.963291139,6.000000000,0.002879880,6.000000000,0.115355340,1.000000000,0.500000000,0.533501896,-0.236409608,0.194712237,6.000000000,2.112190942,0.872340426,0.872340426,0.895844780,1.203161904
nn5_daily_dataset_without_missing_values,tsf,nn5_daily_dataset_without_missing_values/nn5_daily_dataset_without_missing_values.tsf,2,71,T71,791,791,False,value,-0.066851728,-0.384921322,0.991516039,3.000000000,0.028117654,-0.359254193,0.967088608,12.000000000,0.000269870,6.000000000,0.150212844,1.000000000,0.333333333,0.222503161,-0.099873578,0.278257129,6.000000000,2.126616381,0.127659574,0.872340426,0.895844780,1.130596654
nn5_daily_dataset_without_missing_values,tsf,nn5_daily_dataset_without_missing_values/nn5_daily_dataset_without_missing_values.tsf,3,83,T83,791,791,False,value,-0.309891279,-0.603903793,1.111118117,3.000000000,0.034537158,-0.359503459,0.955696203,7.000000000,0.002166320,6.000000000,0.121547567,1.000000000,0.500000000,0.240202276,-0.093552465,0.153995149,6.000000000,2.088429339,0.127659574,0.872340426,0.895844780,1.240953840
nn5_daily_dataset_without_missing_values,tsf,nn5_daily_dataset_without_missing_values/nn5_daily_dataset_without_missing_values.tsf,4,85,T85,791,791,False,value,-0.029300091,-0.345322995,0.769392641,2.000000000,0.156776375,-2.108772247,0.945569620,6.000000000,0.012948780,6.000000000,0.080362602,2.000000000,0.500000000,0.063211125,0.041719343,0.106843285,5.000000000,2.081571632,0.127659574,0.297872340,1.049242859,1.224837262
nn5_daily_dataset_without_missing_values,tsf,nn5_daily_dataset_without_missing_values/nn5_daily_dataset_without_missing_values.tsf,5,109,T109,791,791,False,value,-0.084513235,-0.440681752,1.019334926,3.000000000,0.048609146,-0.507368782,0.965822785,6.000000000,0.003597714,6.000000000,0.113655637,1.000000000,0.500000000,0.179519595,-0.039190898,0.089811653,6.000000000,2.076759890,0.127659574,0.851063830,0.895844780,1.275813288
nn5_weekly_dataset,tsf,nn5_weekly_dataset/nn5_weekly_dataset.tsf,1,4,T4,113,113,False,value,-0.513430268,-0.513430268,0.862774957,2.000000000,0.131388405,1.372917468,0.982142857,11.000000000,0.074074074,2.000000000,0.027527574,1.000000000,0.029411765,0.522123894,-0.415929204,0.434817759,4.000000000,2.099035553,0.189189189,0.675675676,0.883572934,0.947743237
nn5_weekly_dataset,tsf,nn5_weekly_dataset/nn5_weekly_dataset.tsf,2,22,T22,113,113,False,value,-0.416303594,0.727034458,0.840355475,2.000000000,0.093213013,-3.610562630,0.982142857,21.000000000,0.038567493,6.000000000,0.015756007,1.000000000,0.100000000,0.292035398,-0.247787611,0.363609637,5.000000000,2.088573055,0.837837838,0.837837838,0.932660319,1.011660299
nn5_weekly_dataset,tsf,nn5_weekly_dataset/nn5_weekly_dataset.tsf,3,24,T24,113,113,False,value,-0.024553731,-0.347066369,1.852003363,7.000000000,0.139959855,-0.949970419,0.955357143,10.000000000,0.004132231,16.000000000,0.094733221,3.000000000,0.200000000,0.168141593,-0.176991150,0.574723259,5.000000000,2.110471249,0.189189189,0.783783784,0.490873852,0.968206263
nn5_weekly_dataset,tsf,nn5_weekly_dataset/nn5_weekly_dataset.tsf,4,33,T33,113,113,False,value,-0.361421888,-0.616736327,0.829276696,2.000000000,0.069214883,-0.999668273,0.982142857,7.000000000,0.000850340,5.000000000,0.070169611,3.000000000,0.500000000,-0.203539823,-0.026548673,0.196866859,6.000000000,2.168990883,0.837837838,0.837837838,1.129009860,1.190175537
nn5_weekly_dataset,tsf,nn5_weekly_dataset/nn5_weekly_dataset.tsf,5,105,T105,113,113,False,value,-0.337503381,-0.028671418,0.721460706,3.000000000,0.072830834,-1.776149784,0.973214286,7.000000000,0.002763605,4.000000000,0.073310741,1.000000000,0.500000000,0.185840708,-0.150442478,0.181939876,4.000000000,2.145812765,0.837837838,0.783783784,1.227184630,1.182256739
oikolab_weather_dataset,tsf,oikolab_weather_dataset/oikolab_weather_dataset.tsf,1,1,T1,100057,50000,True,value,-0.400726890,-0.750920995,16.731761559,6.000000000,0.366548455,0.017034972,0.832336647,319.000000000,0.003672848,11.000000000,0.320644034,5.000000000,0.003703704,0.044040000,-0.020330000,0.970675784,17.000000000,1.585220313,0.780000000,0.740000000,0.024064324,0.526149552
oikolab_weather_dataset,tsf,oikolab_weather_dataset/oikolab_weather_dataset.tsf,2,2,T2,100057,50000,True,value,0.223708199,-0.127276152,423.833874119,33.000000000,0.571652788,0.005482840,0.784335687,321.000000000,0.004410838,59.000000000,0.313264023,32.000000000,0.001867414,0.014240000,0.003640000,0.972848083,18.000000000,1.478620085,0.800000000,0.760000000,0.010162623,0.320882064
oikolab_weather_dataset,tsf,oikolab_weather_dataset/oikolab_weather_dataset.tsf,3,3,T3,100057,50000,True,value,-0.018467909,-0.331613938,8.091218379,19.000000000,0.346668791,-0.000647207,0.898037961,144.000000000,0.000121225,23.000000000,0.253750225,18.000000000,0.047619048,0.033400000,-0.028070000,0.910932058,14.000000000,1.678219935,0.280000000,0.220000000,0.121088608,0.558305383
oikolab_weather_dataset,tsf,oikolab_weather_dataset/oikolab_weather_dataset.tsf,4,4,T4,100057,50000,True,value,-0.243579121,0.116309281,13.857423351,33.000000000,0.600617207,-0.002711273,0.695893918,220.000000000,0.000329218,84.000000000,0.096033318,32.000000000,0.003610108,-0.010700000,-0.059840000,0.917425963,29.000000000,1.393710481,0.300000000,0.240000000,0.074398068,0.459067075
oikolab_weather_dataset,tsf,oikolab_weather_dataset/oikolab_weather_dataset.tsf,5,8,T8,100057,50000,True,value,0.877304084,1.017655581,4.685744459,30.000000000,0.230010843,0.034222133,0.752255045,58.000000000,0.000120940,34.000000000,0.270097328,29.000000000,0.025000000,0.030480000,-0.027900000,0.785366350,11.000000000,1.843325581,0.280000000,0.220000000,0.199129881,0.733659756
pedestrian_counts_dataset,tsf,pedestrian_counts_dataset/pedestrian_counts_dataset.tsf,1,5,T5,93068,50000,True,value,-0.372494098,-0.773519968,2.432022841,6.000000000,0.070574716,-0.025857929,0.890817816,12.000000000,0.006614193,12.000000000,0.186891593,3.000000000,1.000000000,0.491840000,-0.036450000,0.858558195,11.000000000,1.889440657,0.140000000,0.340000000,0.487326522,0.904380719
pedestrian_counts_dataset,tsf,pedestrian_counts_dataset/pedestrian_counts_dataset.tsf,2,24,T24,57187,50000,True,value,-0.528867143,-0.784656757,2.822882015,11.000000000,0.228820684,-0.002942496,0.813056261,16.000000000,0.007522360,20.000000000,0.253483070,5.000000000,0.333333333,0.213430000,-0.078790000,0.731292076,14.000000000,1.680809176,0.120000000,0.860000000,0.299509749,0.846894657
pedestrian_counts_dataset,tsf,pedestrian_counts_dataset/pedestrian_counts_dataset.tsf,3,28,T28,56946,50000,True,value,-0.398045987,-0.758398426,3.773359937,11.000000000,0.139402924,-0.054622516,0.807176144,20.000000000,0.004613572,20.000000000,0.180265936,4.000000000,0.166666667,0.254700000,-0.006420000,0.860205582,13.000000000,1.753923935,0.120000000,0.360000000,0.298167516,0.717703264
pedestrian_counts_dataset,tsf,pedestrian_counts_dataset/pedestrian_counts_dataset.tsf,4,36,T36,43795,43795,False,value,-0.550921762,-0.800932950,5.012517762,12.000000000,0.309389907,0.184423692,0.795360095,20.000000000,0.004418665,23.000000000,0.307685423,6.000000000,0.285714286,0.093321155,-0.002420368,0.855310621,15.000000000,1.592639979,0.160000000,0.880000000,0.261831346,0.687318012
pedestrian_counts_dataset,tsf,pedestrian_counts_dataset/pedestrian_counts_dataset.tsf,5,57,T57,13368,13368,False,value,0.662817700,0.000234353,1.813800525,3.000000000,0.001584375,-0.181986707,0.579112740,18.000000000,0.004320194,3.000000000,0.065412464,2.000000000,0.142857143,-0.185068821,0.102184321,0.591060439,14.000000000,1.623498616,0.120000000,0.660000000,0.335941793,0.935261800
rideshare_dataset_without_missing_values,tsf,rideshare_dataset_without_missing_values/rideshare_dataset_without_missing_values.tsf,1,218,T235,541,541,False,value,-0.901220684,-1.040385945,59.001197171,137.000000000,0.922212716,-0.015121368,0.274074074,142.000000000,0.040000000,151.000000000,0.410709861,40.000000000,0.009345794,-0.395563771,0.085027726,0.978326729,18.000000000,1.288600741,0.260869565,0.869565217,0.018407769,0.238331612
rideshare_dataset_without_missing_values,tsf,rideshare_dataset_without_missing_values/rideshare_dataset_without_missing_values.tsf,2,1248,T1349,541,541,False,value,-0.923255100,-1.048173057,62.298212787,24.000000000,0.579402973,-0.003436444,0.464814815,56.000000000,0.062500000,120.000000000,0.349924581,1.000000000,0.008849558,-0.395563771,0.086876155,0.910079401,4.000000000,1.548621475,0.130434783,0.782608696,0.018407769,0.408058128
rideshare_dataset_without_missing_values,tsf,rideshare_dataset_without_missing_values/rideshare_dataset_without_missing_values.tsf,3,1254,T1356,541,541,False,value,1.487682311,0.672400277,2.660693823,8.000000000,0.019357490,-0.898670502,0.105555556,14.000000000,0.241288352,29.000000000,0.035307464,7.000000000,0.090909091,-0.918669131,0.036968577,0.651262718,6.000000000,0.484390135,0.369565217,0.543478261,0.398835005,0.880726793
rideshare_dataset_without_missing_values,tsf,rideshare_dataset_without_missing_values/rideshare_dataset_without_missing_values.tsf,4,1788,T1935,541,541,False,value,-0.498448406,-0.708275128,49.020085340,23.000000000,0.562711750,0.002035669,0.511111111,73.000000000,0.041666667,94.000000000,0.430303827,21.000000000,0.008333333,-0.312384473,0.065619224,0.955370672,8.000000000,1.289894309,0.239130435,0.804347826,0.018407769,0.330949611
rideshare_dataset_without_missing_values,tsf,rideshare_dataset_without_missing_values/rideshare_dataset_without_missing_values.tsf,5,2041,T2211,541,541,False,value,0.350814707,0.570451689,35.821674461,3.000000000,0.476462833,0.085441111,0.203703704,121.000000000,0.053333333,3.000000000,0.172666509,2.000000000,0.010204082,-0.343807763,0.088724584,0.673788367,3.000000000,1.272442093,0.413043478,0.304347826,0.036815539,0.758464470
saugeenday_dataset,tsf,saugeenday_dataset/saugeenday_dataset.tsf,1,1,T1,23741,23741,False,value,0.919362076,0.105217334,14.045171929,93.000000000,0.051240734,0.154584401,0.389511373,157.000000000,0.001576728,364.000000000,0.112686420,40.000000000,0.027777778,0.053114865,-0.023651068,0.916391466,38.000000000,1.391187846,0.460000000,0.400000000,0.070946611,0.513410134
solar_10_minutes_dataset,tsf,solar_10_minutes_dataset/solar_10_minutes_dataset.tsf,1,14,T14,52560,50000,True,value,-0.281232646,-0.476316009,21.564565812,68.000000000,0.675221030,-0.000267576,0.347886958,64.000000000,0.021637039,136.000000000,0.791364061,30.000000000,0.656250000,-0.038040000,0.015420000,0.993985836,38.000000000,1.087580675,0.300000000,0.200000000,0.045923550,0.182787566
solar_10_minutes_dataset,tsf,solar_10_minutes_dataset/solar_10_minutes_dataset.tsf,2,41,T41,52560,50000,True,value,-0.300554289,-0.489683970,21.097989455,68.000000000,0.638482575,0.000234193,0.353487070,60.000000000,0.020575497,136.000000000,0.454437281,30.000000000,0.064516129,-0.049780000,0.013080000,0.986841816,35.000000000,1.117805508,0.320000000,0.220000000,0.045923550,0.217342694
solar_10_minutes_dataset,tsf,solar_10_minutes_dataset/solar_10_minutes_dataset.tsf,3,48,T48,52560,50000,True,value,-0.300985499,-0.493588538,21.372845330,68.000000000,0.687658331,0.000079036,0.344646893,62.000000000,0.022492852,136.000000000,0.717312669,30.000000000,0.677419355,-0.044380000,0.017920000,0.994303502,42.000000000,1.090860596,0.300000000,0.220000000,0.045923550,0.180635476
solar_10_minutes_dataset,tsf,solar_10_minutes_dataset/solar_10_minutes_dataset.tsf,4,91,T91,52560,50000,True,value,-0.330432104,-0.509807066,21.293397149,68.000000000,0.714899690,0.000131389,0.354827097,62.000000000,0.022709769,136.000000000,0.519728731,30.000000000,0.677419355,-0.055120000,0.014560000,0.994337529,38.000000000,1.088924327,0.300000000,0.220000000,0.045923550,0.181475095
solar_10_minutes_dataset,tsf,solar_10_minutes_dataset/solar_10_minutes_dataset.tsf,5,130,T130,52560,50000,True,value,-0.306989080,-0.494574841,20.978482872,67.000000000,0.638984154,-0.000487165,0.376887538,59.000000000,0.025590998,136.000000000,0.445914174,29.000000000,0.064516129,-0.071580000,0.015320000,0.984199277,34.000000000,1.090916704,0.320000000,0.220000000,0.045923550,0.228469935
solar_4_seconds_dataset,tsf,solar_4_seconds_dataset/solar_4_seconds_dataset.tsf,1,1,T1,7397222,50000,True,value,-0.483684914,-0.618154964,23.014022110,72.000000000,0.671632545,-0.003209369,0.326926539,70.000000000,0.015921083,145.000000000,0.366311255,34.000000000,0.027777778,-0.153380000,0.058970000,0.972455367,23.000000000,1.167677081,0.320000000,0.260000000,0.043047336,0.273597402
sunspot_dataset_without_missing_values,tsf,sunspot_dataset_without_missing_values/sunspot_dataset_without_missing_values.tsf,1,1,T1,73924,50000,True,value,-0.395519713,-0.734793708,424.842076091,9.000000000,0.357425786,0.002472019,0.704134083,941.000000000,0.003150599,17.000000000,0.250372830,8.000000000,0.001398601,0.280900000,-0.057310000,0.938673847,12.000000000,1.594004237,0.640000000,0.560000000,0.002396845,0.418865519
temperature_rain_dataset_without_missing_values,tsf,temperature_rain_dataset_without_missing_values/temperature_rain_dataset_without_missing_values.tsf,1,6643,T6642,725,725,False,value,-0.246886390,-0.479099833,45.538987393,12.000000000,0.271338075,-0.018196186,0.582872928,44.000000000,0.013605442,17.000000000,0.297650687,11.000000000,0.009708738,0.646896552,-0.055172414,0.835895131,6.000000000,1.653768227,0.851063830,0.170212766,0.030679616,0.605241322
temperature_rain_dataset_without_missing_values,tsf,temperature_rain_dataset_without_missing_values/temperature_rain_dataset_without_missing_values.tsf,2,7011,T7010,725,725,False,value,-0.202648297,-0.430141735,27.892805223,12.000000000,0.259583968,-0.026489198,0.522099448,74.000000000,0.041666667,13.000000000,0.259591892,11.000000000,0.011494253,0.670344828,-0.048275862,0.849743899,6.000000000,1.560771717,0.148936170,0.127659574,0.036815539,0.592995382
temperature_rain_dataset_without_missing_values,tsf,temperature_rain_dataset_without_missing_values/temperature_rain_dataset_without_missing_values.tsf,3,19154,T19153,725,725,False,value,2.081925928,0.942014578,0.677093507,2.000000000,0.000007673,-0.449162088,0.374309392,5.000000000,0.012505106,3.000000000,0.011455573,1.000000000,0.142857143,0.721379310,0.032413793,0.239480002,6.000000000,1.912897360,0.127659574,0.127659574,1.460349710,1.144269372
temperature_rain_dataset_without_missing_values,tsf,temperature_rain_dataset_without_missing_values/temperature_rain_dataset_without_missing_values.tsf,4,20823,T20822,725,725,False,value,0.544504378,0.088344009,0.921527465,3.000000000,0.006828793,1.211975818,0.330110497,7.000000000,0.092962963,3.000000000,0.053912892,2.000000000,0.166666667,0.139310345,-0.033103448,0.351183289,5.000000000,1.014123434,0.127659574,0.127659574,0.987883627,1.107273700
temperature_rain_dataset_without_missing_values,tsf,temperature_rain_dataset_without_missing_values/temperature_rain_dataset_without_missing_values.tsf,5,30162,T30161,725,725,False,value,-0.523794219,-0.745608000,0.912603775,4.000000000,0.006678011,0.173499462,0.933701657,9.000000000,0.000929736,4.000000000,0.135604764,1.000000000,0.333333333,0.111724138,0.000000000,0.307392775,6.000000000,2.154217532,0.148936170,0.127659574,1.049242859,1.130333476
tourism_monthly_dataset,tsf,tourism_monthly_dataset/tourism_monthly_dataset.tsf,1,4,T4,264,264,False,value,-0.530195574,-0.815153188,16.263218767,6.000000000,0.237559936,0.197329862,0.946768061,38.000000000,0.166666667,7.000000000,0.223091705,5.000000000,0.011111111,0.854166667,-0.590909091,0.774172534,5.000000000,1.920602535,0.863636364,0.840909091,0.085902924,0.656279685
tourism_monthly_dataset,tsf,tourism_monthly_dataset/tourism_monthly_dataset.tsf,2,59,T59,330,330,False,value,-0.992175937,-1.225658342,37.936628310,3.000000000,0.243419635,-0.516254821,0.954407295,60.000000000,0.166666667,4.000000000,0.181124844,2.000000000,0.008547009,0.733333333,-0.630303030,0.725460010,5.000000000,1.872805895,0.844444444,0.622222222,0.024543693,0.721263357
tourism_monthly_dataset,tsf,tourism_monthly_dataset/tourism_monthly_dataset.tsf,3,152,T152,199,199,False,value,-0.682526414,-0.967571668,15.893965079,2.000000000,0.257315382,0.323356781,0.919191919,46.000000000,0.074074074,11.000000000,0.197234610,1.000000000,0.015625000,0.809045226,-0.633165829,0.794080316,6.000000000,1.823048018,0.857142857,0.857142857,0.049087385,0.671683516
tourism_monthly_dataset,tsf,tourism_monthly_dataset/tourism_monthly_dataset.tsf,4,170,T170,199,199,False,value,-0.862166979,-0.573511651,1.461068312,5.000000000,0.068683894,0.388036478,0.828282828,9.000000000,0.001753233,11.000000000,0.120869715,3.000000000,0.200000000,0.567839196,-0.321608040,0.554920986,4.000000000,2.046735581,0.857142857,0.857142857,0.539961237,1.011729901
tourism_monthly_dataset,tsf,tourism_monthly_dataset/tourism_monthly_dataset.tsf,5,186,T186,331,331,False,value,-0.662906516,-0.912960822,52.515787188,5.000000000,0.461420315,0.075754461,0.824242424,49.000000000,0.166666667,5.000000000,0.245661422,4.000000000,0.008849558,0.743202417,-0.572507553,0.885534378,7.000000000,1.609704124,0.866666667,0.800000000,0.012271846,0.497868916
tourism_quarterly_dataset,tsf,tourism_quarterly_dataset/tourism_quarterly_dataset.tsf,1,7,T7,88,88,False,value,-0.091322646,0.162105757,6.532730445,3.000000000,0.381741296,0.003020752,0.942528736,20.000000000,0.062500000,3.000000000,0.184079736,2.000000000,0.052631579,0.068181818,-0.698863636,0.766771877,4.000000000,1.873330338,0.823529412,0.823529412,0.098174770,0.682578079
tourism_quarterly_dataset,tsf,tourism_quarterly_dataset/tourism_quarterly_dataset.tsf,2,26,T26,122,122,False,value,-0.541362019,-1.177403357,0.987767112,2.000000000,0.350609062,-0.723301203,1.000000000,8.000000000,0.027962963,3.000000000,0.086825569,1.000000000,0.500000000,0.655737705,-0.459016393,0.401953863,3.000000000,2.030423372,0.842105263,0.763157895,1.570796327,1.022678298
tourism_quarterly_dataset,tsf,tourism_quarterly_dataset/tourism_quarterly_dataset.tsf,3,120,T120,110,110,False,value,-0.933737181,-1.111359637,21.972282278,2.000000000,0.720464522,0.011013054,0.917431193,48.000000000,0.166666667,3.000000000,0.743570081,1.000000000,0.024390244,0.827272727,-0.645454545,0.927296172,4.000000000,1.622927923,0.729729730,0.783783784,0.049087385,0.268085150
tourism_quarterly_dataset,tsf,tourism_quarterly_dataset/tourism_quarterly_dataset.tsf,4,237,T237,111,111,False,value,-0.844676176,-1.063399123,16.889336202,2.000000000,0.443451224,0.340196264,0.936363636,31.000000000,0.166666667,3.000000000,0.264003389,1.000000000,0.026315789,0.837837838,-0.666666667,0.801442601,4.000000000,1.865706964,0.837837838,0.837837838,0.049087385,0.571647086
tourism_quarterly_dataset,tsf,tourism_quarterly_dataset/tourism_quarterly_dataset.tsf,5,298,T298,111,111,False,value,-0.984356511,-0.810698341,24.945928115,64.000000000,0.744421098,-0.011474435,0.900000000,47.000000000,0.166666667,9.000000000,0.544470153,3.000000000,0.025000000,0.752252252,-0.576576577,0.933987401,4.000000000,1.653087553,0.243243243,0.621621622,0.049087385,0.279041977
tourism_yearly_dataset,tsf,tourism_yearly_dataset/tourism_yearly_dataset.tsf,1,160,T160,32,32,False,value,0.094427703,-1.062414790,7.400399760,20.000000000,1.048964822,0.006219023,0.741935484,13.000000000,0.166666667,9.000000000,1.327840810,16.000000000,0.181818182,0.656250000,-0.562500000,0.834142205,4.000000000,1.471964662,0.500000000,0.500000000,0.196349541,0.240095532
tourism_yearly_dataset,tsf,tourism_yearly_dataset/tourism_yearly_dataset.tsf,2,253,T253,17,17,False,value,-0.597560677,0.270829920,0.581061742,1.000000000,0.347025291,2.355654908,0.937500000,7.000000000,0.018229167,0.000000000,0.197098568,1.000000000,1.000000000,0.294117647,-0.529411765,0.137713867,4.000000000,2.046738533,0.000000000,0.000000000,1.767145868,1.229178975
tourism_yearly_dataset,tsf,tourism_yearly_dataset/tourism_yearly_dataset.tsf,3,305,T305,17,17,False,value,-0.337165493,-1.132937141,1.878867482,4.000000000,0.633513693,0.314318332,0.875000000,6.000000000,0.062500000,3.000000000,0.062681220,3.000000000,0.250000000,0.882352941,-0.647058824,0.415291273,4.000000000,1.873451738,0.000000000,0.000000000,0.589048623,0.729668026
tourism_yearly_dataset,tsf,tourism_yearly_dataset/tourism_yearly_dataset.tsf,4,338,T338,27,27,False,value,-0.333011728,-0.149517238,5.273758890,19.000000000,0.878457983,0.019580240,0.807692308,10.000000000,0.166666667,0.000000000,1.014104093,2.000000000,0.100000000,0.851851852,-0.703703704,0.819455006,2.000000000,1.517151585,0.000000000,0.000000000,0.196349541,0.215938564
tourism_yearly_dataset,tsf,tourism_yearly_dataset/tourism_yearly_dataset.tsf,5,432,T432,27,27,False,value,0.000154482,-0.152938552,4.813614233,20.000000000,0.768714596,0.014874526,0.807692308,11.000000000,0.166666667,7.000000000,0.982948998,5.000000000,0.181818182,0.777777778,-0.703703704,0.867282007,4.000000000,1.690177783,0.000000000,0.000000000,0.196349541,0.254532559
traffic_hourly_dataset,tsf,traffic_hourly_dataset/traffic_hourly_dataset.tsf,1,91,T91,17544,17544,False,value,-0.594364875,-1.033340544,3.221248543,13.000000000,0.223076301,0.032092243,0.858291056,20.000000000,0.019575030,23.000000000,0.142389609,4.000000000,0.500000000,0.007751938,0.028613771,0.859569273,19.000000000,1.656909722,0.140000000,0.200000000,0.261927220,0.755108204
traffic_hourly_dataset,tsf,traffic_hourly_dataset/traffic_hourly_dataset.tsf,2,115,T115,17544,17544,False,value,0.297975065,-0.262712828,2.839302600,12.000000000,0.019203505,-0.173844992,0.784529442,14.000000000,0.021179483,23.000000000,0.119871234,5.000000000,0.333333333,0.181201550,-0.047309622,0.776522193,15.000000000,1.608752211,0.140000000,0.860000000,0.261927220,0.827983601
traffic_hourly_dataset,tsf,traffic_hourly_dataset/traffic_hourly_dataset.tsf,3,443,T443,17544,17544,False,value,-0.468280733,-0.184811805,3.066060226,9.000000000,0.244203029,-0.023361596,0.781337286,15.000000000,0.015483180,23.000000000,0.197278049,4.000000000,0.600000000,0.068000456,-0.001652987,0.875272188,17.000000000,1.646542952,0.140000000,0.680000000,0.261927220,0.768679233
traffic_hourly_dataset,tsf,traffic_hourly_dataset/traffic_hourly_dataset.tsf,4,556,T556,17544,17544,False,value,-0.076903480,-0.520439781,4.192739968,7.000000000,0.188004858,-0.054482203,0.775751012,20.000000000,0.054421769,23.000000000,0.127043793,6.000000000,0.000890472,0.450980392,-0.305318057,0.847585929,14.000000000,1.581158336,0.780000000,0.600000000,0.261735472,0.704408125
traffic_hourly_dataset,tsf,traffic_hourly_dataset/traffic_hourly_dataset.tsf,5,773,T773,17544,17544,False,value,-0.156270066,-0.672414374,2.842396868,12.000000000,0.014700277,-0.211999170,0.806247506,18.000000000,0.008049795,23.000000000,0.139420457,6.000000000,0.285714286,-0.125170999,-0.016358869,0.723961115,16.000000000,1.624173647,0.120000000,0.660000000,0.261927220,0.839527184
traffic_weekly_dataset,tsf,traffic_weekly_dataset/traffic_weekly_dataset.tsf,1,25,T25,104,104,False,value,0.117029096,0.327070032,3.017214174,6.000000000,0.119690912,-0.312100093,0.951456311,20.000000000,0.027777778,7.000000000,0.110973934,5.000000000,0.066666667,0.201923077,-0.269230769,0.590743301,5.000000000,2.056973830,0.166666667,0.500000000,0.343611696,0.845175458
traffic_weekly_dataset,tsf,traffic_weekly_dataset/traffic_weekly_dataset.tsf,2,379,T379,104,104,False,value,0.117576416,-0.178316555,0.967537050,2.000000000,0.169717009,-0.152294412,0.951456311,12.000000000,0.013774105,3.000000000,0.092946812,1.000000000,0.111111111,0.750000000,-0.413461538,0.432120196,4.000000000,2.104340303,0.805555556,0.194444444,0.981747704,0.960572242
traffic_weekly_dataset,tsf,traffic_weekly_dataset/traffic_weekly_dataset.tsf,3,677,T677,104,104,False,value,0.158960982,0.561194023,0.980305787,3.000000000,0.202938978,-4.709669489,0.834951456,22.000000000,0.024691358,3.000000000,0.032559947,2.000000000,0.090909091,-0.317307692,0.038461538,0.463378866,8.000000000,1.821115831,0.833333333,0.805555556,0.736310778,0.904864087
traffic_weekly_dataset,tsf,traffic_weekly_dataset/traffic_weekly_dataset.tsf,4,813,T813,104,104,False,value,0.759805725,0.298874862,0.658856731,3.000000000,0.018625583,-4.557490090,0.932038835,12.000000000,0.003333333,3.000000000,0.031295978,2.000000000,0.100000000,-0.288461538,0.028846154,0.227407733,4.000000000,2.187041766,0.833333333,0.166666667,1.472621556,1.035781634
traffic_weekly_dataset,tsf,traffic_weekly_dataset/traffic_weekly_dataset.tsf,5,822,T822,104,104,False,value,-0.198703122,0.057177148,2.575444441,7.000000000,0.173061985,-0.684926121,0.844660194,10.000000000,0.025374856,12.000000000,0.107880995,5.000000000,0.166666667,0.826923077,0.000000000,0.656014111,6.000000000,2.076954898,0.833333333,0.833333333,0.392699082,0.884062747
us_births_dataset,tsf,us_births_dataset/us_births_dataset.tsf,1,1,T1,7305,7305,False,value,0.101178285,-0.720597182,1.714249040,5.000000000,0.099769258,0.165447143,0.937294633,21.000000000,0.052083333,6.000000000,0.218481401,4.000000000,0.002447980,0.669815195,-0.269267625,0.479328995,7.000000000,1.998851054,0.326530612,0.204081633,0.891242838,0.950496402
vehicle_trips_dataset_without_missing_values,tsf,vehicle_trips_dataset_without_missing_values/vehicle_trips_dataset_without_missing_values.tsf,1,6,T6,181,181,False,value,0.196316413,0.456569002,0.978284358,4.000000000,0.088575466,0.449351727,0.944444444,6.000000000,0.003786008,6.000000000,0.097986064,1.000000000,0.500000000,-0.168508287,-0.110497238,0.130557625,6.000000000,2.076406892,0.853658537,0.170731707,0.908116626,1.227084602
vehicle_trips_dataset_without_missing_values,tsf,vehicle_trips_dataset_without_missing_values/vehicle_trips_dataset_without_missing_values.tsf,2,142,T142,88,88,False,value,0.035424539,-0.190617759,5.976777906,10.000000000,0.382028119,-0.298847808,0.195402299,16.000000000,0.074074074,16.000000000,0.175166965,9.000000000,0.038461538,-0.670454545,0.931818182,0.871953316,3.000000000,0.668538191,0.764705882,0.529411765,0.147262156,0.458693719
vehicle_trips_dataset_without_missing_values,tsf,vehicle_trips_dataset_without_missing_values/vehicle_trips_dataset_without_missing_values.tsf,3,247,T247,122,122,False,value,0.328268508,0.463568366,0.814297170,1.000000000,0.056211661,-0.204694726,0.380165289,63.000000000,0.106666667,4.000000000,0.111268523,3.000000000,0.045454545,0.008196721,-0.581967213,0.415568583,3.000000000,0.000000000,0.815789474,0.552631579,1.030835089,0.924521573
vehicle_trips_dataset_without_missing_values,tsf,vehicle_trips_dataset_without_missing_values/vehicle_trips_dataset_without_missing_values.tsf,4,288,T288,91,91,False,value,0.676256256,0.440171911,0.830179204,3.000000000,0.132263974,0.394690456,0.766666667,7.000000000,0.010699588,6.000000000,0.113295924,1.000000000,0.500000000,0.362637363,0.109890110,0.184799084,5.000000000,2.062635475,0.382352941,0.176470588,1.079922475,1.173725294
vehicle_trips_dataset_without_missing_values,tsf,vehicle_trips_dataset_without_missing_values/vehicle_trips_dataset_without_missing_values.tsf,5,321,T321,92,92,False,value,-0.886896442,-0.735421555,1.929746908,4.000000000,0.209035120,0.082383099,0.846153846,7.000000000,0.057291667,6.000000000,0.193046173,3.000000000,0.181818182,-0.391304348,0.043478261,0.481414326,5.000000000,1.939192746,0.794117647,0.823529412,0.785398163,0.992883877
weather_dataset,tsf,weather_dataset/weather_dataset.tsf,1,1599,T1599,1332,1332,False,value,-0.401034389,-0.125130052,51.070258344,3.000000000,0.292170874,-0.309799182,0.794891059,189.000000000,0.040816327,9.000000000,0.212023429,2.000000000,0.011235955,0.131381381,0.330330330,0.779184561,7.000000000,1.772458858,0.312500000,0.750000000,0.018407769,0.656186925
weather_dataset,tsf,weather_dataset/weather_dataset.tsf,2,1643,T1643,10828,10828,False,value,-0.050964645,0.277136834,42.223715912,4.000000000,0.187002868,-0.229835172,0.898125058,97.000000000,0.000555556,5.000000000,0.192069918,3.000000000,0.011111111,0.147303288,-0.067602512,0.697051040,8.000000000,1.882644152,0.560000000,0.460000000,0.030679616,0.768642827
weather_dataset,tsf,weather_dataset/weather_dataset.tsf,3,2759,T2759,10828,10828,False,value,0.273488397,-0.008174967,7.728082205,8.000000000,0.238337060,0.056634287,0.842246236,83.000000000,0.001685333,15.000000000,0.167879783,7.000000000,0.011627907,-0.058090137,0.104636129,0.686505792,8.000000000,1.856976790,0.560000000,0.440000000,0.210922358,0.793517151
weather_dataset,tsf,weather_dataset/weather_dataset.tsf,4,2824,T2824,10828,10828,False,value,-0.811152625,-0.593411056,49.340772518,4.000000000,0.213449704,-0.105695149,0.881222869,33.000000000,0.002226372,292.000000000,0.216119633,3.000000000,0.010989011,-0.003509420,0.048115996,0.703485616,8.000000000,1.932359210,0.580000000,0.520000000,0.017640779,0.740880659
weather_dataset,tsf,weather_dataset/weather_dataset.tsf,5,2924,T2924,10828,10828,False,value,-0.239976005,0.058080393,4.384523856,13.000000000,0.214245285,-0.027702089,0.843539300,159.000000000,0.002906623,30.000000000,0.140658084,12.000000000,0.013698630,-0.009604728,-0.008219431,0.659412113,11.000000000,1.869751417,0.600000000,0.520000000,0.281868970,0.821680415
wind_4_seconds_dataset,tsf,wind_4_seconds_dataset/wind_4_seconds_dataset.tsf,1,1,T1,7397147,50000,True,value,-0.810600093,-0.992404062,62.581234247,121.000000000,0.828389537,0.021421098,0.588631773,576.000000000,0.002161458,842.000000000,0.211433984,40.000000000,0.003205128,-0.298660000,0.046040000,0.957616739,20.000000000,1.419113898,0.540000000,0.420000000,0.014668691,0.310540159
wind_farms_minutely_dataset_without_missing_values,tsf,wind_farms_minutely_dataset_without_missing_values/wind_farms_minutely_dataset_without_missing_values.tsf,1,12,T12,527040,50000,True,value,0.655473287,0.248003253,15.032322448,40.000000000,0.089947022,0.195058165,0.015200304,96.000000000,0.275161588,66.000000000,0.097716495,40.000000000,0.001526718,-0.837720000,0.017580000,0.947272785,7.000000000,0.167707858,0.240000000,0.120000000,0.079479380,0.415658391
wind_farms_minutely_dataset_without_missing_values,tsf,wind_farms_minutely_dataset_without_missing_values/wind_farms_minutely_dataset_without_missing_values.tsf,2,56,T56,527040,50000,True,value,-0.598548573,-0.791083887,223.126121434,42.000000000,0.948142104,0.002578731,0.346306926,677.000000000,0.036666667,64.000000000,0.338521296,40.000000000,0.000830565,0.163780000,-0.292060000,0.984049357,14.000000000,1.307927789,0.180000000,0.160000000,0.005560680,0.235852628
wind_farms_minutely_dataset_without_missing_values,tsf,wind_farms_minutely_dataset_without_missing_values/wind_farms_minutely_dataset_without_missing_values.tsf,3,86,T86,527040,50000,True,value,-0.988803250,-1.141028455,1535.306518111,49.000000000,1.054398225,-0.000231004,0.403288066,2307.000000000,0.043333333,135.000000000,0.387070248,40.000000000,0.000201898,-0.011920000,-0.313790000,0.995613950,15.000000000,1.271359537,0.180000000,0.140000000,0.000671117,0.118552192
wind_farms_minutely_dataset_without_missing_values,tsf,wind_farms_minutely_dataset_without_missing_values/wind_farms_minutely_dataset_without_missing_values.tsf,4,262,T262,527040,50000,True,value,5.272867469,2.580038719,2.805860828,10.000000000,0.009841068,1.432087606,0.138422768,44.000000000,0.217846263,57.000000000,0.016457073,8.000000000,0.100000000,-0.793520000,-0.066060000,0.696788422,5.000000000,0.614684038,0.780000000,0.700000000,0.367963641,0.856329082
wind_farms_minutely_dataset_without_missing_values,tsf,wind_farms_minutely_dataset_without_missing_values/wind_farms_minutely_dataset_without_missing_values.tsf,5,309,T309,527040,50000,True,value,22.356207639,11.175867752,0.632107916,4474.000000000,0.000000000,0.000000000,0.000040001,2.000000000,0.333300000,0.000000000,0.000522292,40.000000000,1.000000000,-0.821000000,0.000000000,0.199946427,2.000000000,0.000472799,0.160000000,0.120000000,1.570796327,1.154746729
anonymous_public_load_power_data_per_unit,rds,anonymous_public_load_power_data_per_unit/load_power_unit_134.rds,1,40,load_power_unit_134:load_power,163413,50000,True,sum/count,-0.008337112,-0.701128086,7.482004891,19.000000000,0.070020675,0.022305083,0.279785596,134.000000000,0.000820106,53.000000000,0.103681535,18.000000000,0.008403361,0.137600000,0.147960000,0.790395959,16.000000000,1.569093447,0.300000000,0.400000000,0.153877448,0.683257624
anonymous_public_load_power_data_per_unit,rds,anonymous_public_load_power_data_per_unit/load_power_unit_158.rds,2,66,load_power_unit_158:load_power,372887,50000,True,sum/count,1.113221593,0.715857961,25.037514359,73.000000000,0.660681630,0.011707782,0.494629893,7076.000000000,0.017754160,193.000000000,0.176064716,40.000000000,0.023809524,-0.201640000,-0.026180000,0.867921579,25.000000000,1.515306768,0.440000000,0.380000000,0.032597092,0.503760165
anonymous_public_load_power_data_per_unit,rds,anonymous_public_load_power_data_per_unit/load_power_unit_183.rds,3,94,load_power_unit_183:load_power,615111,50000,True,sum/count,-0.491160613,0.048753338,7.356915578,43.000000000,0.138631993,0.427949017,0.664533291,66.000000000,0.001398180,78.000000000,0.101575114,40.000000000,0.020408163,-0.045120000,0.054660000,0.761355030,14.000000000,1.748903945,0.160000000,0.320000000,0.143906573,0.713465621
anonymous_public_load_power_data_per_unit,rds,anonymous_public_load_power_data_per_unit/load_power_unit_205.rds,4,119,load_power_unit_205:load_power,616265,50000,True,sum/count,-0.503973510,-0.960045349,10.878940724,34.000000000,0.137106864,0.045074133,0.892417848,157.000000000,0.001340248,48.000000000,0.167833560,33.000000000,0.002631579,0.128220000,-0.223100000,0.757039558,9.000000000,1.884514998,0.260000000,0.220000000,0.107666277,0.705150029
anonymous_public_load_power_data_per_unit,rds,anonymous_public_load_power_data_per_unit/load_power_unit_57.rds,5,226,load_power_unit_57:load_power,616385,50000,True,sum/count,0.006069457,-0.435602933,5.339298885,21.000000000,0.103757450,0.091997128,0.845376908,30.000000000,0.000297086,116.000000000,0.121949645,20.000000000,0.014925373,-0.380930000,0.006680000,0.771080604,10.000000000,2.003433819,0.120000000,0.600000000,0.200567988,0.720391702
anonymous_public_pv_power_data_per_unit,rds,anonymous_public_pv_power_data_per_unit/pv_power_unit_116.rds,1,17,pv_power_unit_116:pv_power,901,901,False,sum/count,-0.354313272,-0.550966126,145.216758379,10.000000000,0.652821293,-0.007123589,0.342222222,153.000000000,0.074074074,15.000000000,0.347710526,9.000000000,0.007874016,-0.600443951,0.425083241,0.940425613,9.000000000,1.200645724,0.127659574,0.851063830,0.006135923,0.376681168
anonymous_public_pv_power_data_per_unit,rds,anonymous_public_pv_power_data_per_unit/pv_power_unit_166.rds,2,64,pv_power_unit_166:pv_power,615662,50000,True,sum/count,-0.220031968,-0.429633676,17.733713804,59.000000000,0.465962598,0.009577168,0.379767595,52.000000000,0.001097912,116.000000000,0.249021825,26.000000000,0.037037037,-0.132280000,0.052000000,0.947741978,40.000000000,1.625689792,0.300000000,0.200000000,0.053689328,0.340792685
anonymous_public_pv_power_data_per_unit,rds,anonymous_public_pv_power_data_per_unit/pv_power_unit_23.rds,3,124,pv_power_unit_23:pv_power,614957,50000,True,sum/count,-0.190816810,-0.406699173,18.391415237,59.000000000,0.490212014,-0.006395825,0.354387088,59.000000000,0.006116852,116.000000000,0.282375600,27.000000000,0.035714286,-0.170380000,0.062140000,0.959742423,30.000000000,1.533854039,0.280000000,0.180000000,0.053689328,0.309496855
anonymous_public_pv_power_data_per_unit,rds,anonymous_public_pv_power_data_per_unit/pv_power_unit_245.rds,4,139,pv_power_unit_245:pv_power,616189,50000,True,sum/count,-0.220888138,-0.430829619,17.958732032,59.000000000,0.469276444,0.002327452,0.377547551,54.000000000,0.012139004,116.000000000,0.218386198,26.000000000,0.037037037,-0.130440000,0.049340000,0.945152291,40.000000000,1.304543495,0.300000000,0.180000000,0.053785201,0.343788074
anonymous_public_pv_power_data_per_unit,rds,anonymous_public_pv_power_data_per_unit/pv_power_unit_252.rds,5,147,pv_power_unit_252:pv_power,612127,50000,True,sum/count,-0.228497859,-0.443971005,18.526213572,59.000000000,0.465812779,0.005422224,0.398587972,59.000000000,0.002186496,117.000000000,0.247674506,27.000000000,0.035714286,-0.152190000,0.061420000,0.944853827,25.000000000,1.603284194,0.300000000,0.260000000,0.053401706,0.343108803
