dataset,source_format,source_path,sample_rank,sample_index,series_name,series_length_original,series_length_used,downsampled,value_source,pc1,pc2,pc1_explained_ratio,pc2_explained_ratio
australian_electricity_demand_dataset,tsf,australian_electricity_demand_dataset/australian_electricity_demand_dataset.tsf,1,1,T1,230736,50000,True,value,1.755152060,0.263118627,0.239885251,0.136868979
australian_electricity_demand_dataset,tsf,australian_electricity_demand_dataset/australian_electricity_demand_dataset.tsf,2,2,T2,230736,50000,True,value,1.524787204,0.410273525,0.239885251,0.136868979
australian_electricity_demand_dataset,tsf,australian_electricity_demand_dataset/australian_electricity_demand_dataset.tsf,3,3,T3,232272,50000,True,value,1.959014402,0.004873814,0.239885251,0.136868979
australian_electricity_demand_dataset,tsf,australian_electricity_demand_dataset/australian_electricity_demand_dataset.tsf,4,4,T4,230784,50000,True,value,1.390887934,0.782809519,0.239885251,0.136868979
australian_electricity_demand_dataset,tsf,australian_electricity_demand_dataset/australian_electricity_demand_dataset.tsf,5,5,T5,230736,50000,True,value,1.956516697,0.657744809,0.239885251,0.136868979
bitcoin_dataset_without_missing_values,tsf,bitcoin_dataset_without_missing_values/bitcoin_dataset_without_missing_values.tsf,1,1,difficulty,4581,4581,False,value,-5.554234144,-2.707107995,0.239885251,0.136868979
bitcoin_dataset_without_missing_values,tsf,bitcoin_dataset_without_missing_values/bitcoin_dataset_without_missing_values.tsf,2,8,mining_profitability,4021,4021,False,value,-1.144354133,-1.498001421,0.239885251,0.136868979
bitcoin_dataset_without_missing_values,tsf,bitcoin_dataset_without_missing_values/bitcoin_dataset_without_missing_values.tsf,3,11,median_transaction_value,4021,4021,False,value,-0.594647374,-0.089602427,0.239885251,0.136868979
bitcoin_dataset_without_missing_values,tsf,bitcoin_dataset_without_missing_values/bitcoin_dataset_without_missing_values.tsf,4,12,av_transaction_value,4021,4021,False,value,-1.291655345,-0.426670747,0.239885251,0.136868979
bitcoin_dataset_without_missing_values,tsf,bitcoin_dataset_without_missing_values/bitcoin_dataset_without_missing_values.tsf,5,18,price,4021,4021,False,value,-4.635386052,-0.272433566,0.239885251,0.136868979
car_parts_dataset_without_missing_values,tsf,car_parts_dataset_without_missing_values/car_parts_dataset_without_missing_values.tsf,1,262,T262,51,51,False,value,2.434097935,-3.757376968,0.239885251,0.136868979
car_parts_dataset_without_missing_values,tsf,car_parts_dataset_without_missing_values/car_parts_dataset_without_missing_values.tsf,2,373,T373,51,51,False,value,2.525392211,-3.477752906,0.239885251,0.136868979
car_parts_dataset_without_missing_values,tsf,car_parts_dataset_without_missing_values/car_parts_dataset_without_missing_values.tsf,3,1575,T1575,51,51,False,value,2.140766308,-1.811143596,0.239885251,0.136868979
car_parts_dataset_without_missing_values,tsf,car_parts_dataset_without_missing_values/car_parts_dataset_without_missing_values.tsf,4,1991,T1991,51,51,False,value,3.434404555,-0.813168225,0.239885251,0.136868979
car_parts_dataset_without_missing_values,tsf,car_parts_dataset_without_missing_values/car_parts_dataset_without_missing_values.tsf,5,2026,T2026,51,51,False,value,2.919091598,-1.617546396,0.239885251,0.136868979
cif_2016_dataset,tsf,cif_2016_dataset/cif_2016_dataset.tsf,1,1,T1,120,120,False,value,-1.073256358,0.739469975,0.239885251,0.136868979
cif_2016_dataset,tsf,cif_2016_dataset/cif_2016_dataset.tsf,2,7,T7,120,120,False,value,-1.225870727,-0.370938706,0.239885251,0.136868979
cif_2016_dataset,tsf,cif_2016_dataset/cif_2016_dataset.tsf,3,9,T9,120,120,False,value,-1.389221724,0.805432237,0.239885251,0.136868979
cif_2016_dataset,tsf,cif_2016_dataset/cif_2016_dataset.tsf,4,25,T25,120,120,False,value,0.326835072,0.273123459,0.239885251,0.136868979
cif_2016_dataset,tsf,cif_2016_dataset/cif_2016_dataset.tsf,5,52,T52,68,68,False,value,0.656508956,1.147258604,0.239885251,0.136868979
covid_deaths_dataset,tsf,covid_deaths_dataset/covid_deaths_dataset.tsf,1,80,T80,212,212,False,value,-3.226723694,-1.571853492,0.239885251,0.136868979
covid_deaths_dataset,tsf,covid_deaths_dataset/covid_deaths_dataset.tsf,2,109,T109,212,212,False,value,-2.585570728,-0.564022143,0.239885251,0.136868979
covid_deaths_dataset,tsf,covid_deaths_dataset/covid_deaths_dataset.tsf,3,155,T155,212,212,False,value,-1.916540065,-0.239105812,0.239885251,0.136868979
covid_deaths_dataset,tsf,covid_deaths_dataset/covid_deaths_dataset.tsf,4,258,T258,212,212,False,value,-3.616431594,0.335161507,0.239885251,0.136868979
covid_deaths_dataset,tsf,covid_deaths_dataset/covid_deaths_dataset.tsf,5,263,T263,212,212,False,value,-2.711029326,-0.182540938,0.239885251,0.136868979
covid_mobility_dataset_without_missing_values,tsf,covid_mobility_dataset_without_missing_values/covid_mobility_dataset_without_missing_values.tsf,1,12,T12,330,330,False,value,1.222776546,-1.547864186,0.239885251,0.136868979
covid_mobility_dataset_without_missing_values,tsf,covid_mobility_dataset_without_missing_values/covid_mobility_dataset_without_missing_values.tsf,2,73,T73,387,387,False,value,1.609914697,-2.814427066,0.239885251,0.136868979
covid_mobility_dataset_without_missing_values,tsf,covid_mobility_dataset_without_missing_values/covid_mobility_dataset_without_missing_values.tsf,3,310,T310,413,413,False,value,-0.117784475,0.830388085,0.239885251,0.136868979
covid_mobility_dataset_without_missing_values,tsf,covid_mobility_dataset_without_missing_values/covid_mobility_dataset_without_missing_values.tsf,4,341,T341,411,411,False,value,2.528430871,-1.676722751,0.239885251,0.136868979
covid_mobility_dataset_without_missing_values,tsf,covid_mobility_dataset_without_missing_values/covid_mobility_dataset_without_missing_values.tsf,5,528,T528,412,412,False,value,2.196849524,0.658221500,0.239885251,0.136868979
dominick_dataset,tsf,dominick_dataset/dominick_dataset.tsf,1,59146,T59146,67,67,False,value,-2.092451393,-2.093483409,0.239885251,0.136868979
dominick_dataset,tsf,dominick_dataset/dominick_dataset.tsf,2,60831,T60831,78,78,False,value,0.641306814,-2.359221920,0.239885251,0.136868979
dominick_dataset,tsf,dominick_dataset/dominick_dataset.tsf,3,80918,T80918,48,48,False,value,2.946126627,-2.143667910,0.239885251,0.136868979
dominick_dataset,tsf,dominick_dataset/dominick_dataset.tsf,4,93708,T93708,87,87,False,value,-1.118339175,-1.231802144,0.239885251,0.136868979
dominick_dataset,tsf,dominick_dataset/dominick_dataset.tsf,5,109857,T109857,42,42,False,value,1.829251170,0.660969120,0.239885251,0.136868979
elecdemand_dataset,tsf,elecdemand_dataset/elecdemand_dataset.tsf,1,1,T1,17520,17520,False,value,-1.507678665,0.185017741,0.239885251,0.136868979
electricity_hourly_dataset,tsf,electricity_hourly_dataset/electricity_hourly_dataset.tsf,1,34,T34,26304,26304,False,value,0.967419605,1.105356504,0.239885251,0.136868979
electricity_hourly_dataset,tsf,electricity_hourly_dataset/electricity_hourly_dataset.tsf,2,117,T117,26304,26304,False,value,-3.796388340,0.282916296,0.239885251,0.136868979
electricity_hourly_dataset,tsf,electricity_hourly_dataset/electricity_hourly_dataset.tsf,3,221,T221,26304,26304,False,value,0.408048133,-0.175240125,0.239885251,0.136868979
electricity_hourly_dataset,tsf,electricity_hourly_dataset/electricity_hourly_dataset.tsf,4,249,T249,26304,26304,False,value,0.695859049,-0.019257123,0.239885251,0.136868979
electricity_hourly_dataset,tsf,electricity_hourly_dataset/electricity_hourly_dataset.tsf,5,321,T321,26304,26304,False,value,-0.402156836,1.016135032,0.239885251,0.136868979
electricity_weekly_dataset,tsf,electricity_weekly_dataset/electricity_weekly_dataset.tsf,1,59,T59,156,156,False,value,0.619890371,0.984711738,0.239885251,0.136868979
electricity_weekly_dataset,tsf,electricity_weekly_dataset/electricity_weekly_dataset.tsf,2,164,T164,156,156,False,value,-0.296092660,1.181862717,0.239885251,0.136868979
electricity_weekly_dataset,tsf,electricity_weekly_dataset/electricity_weekly_dataset.tsf,3,206,T206,156,156,False,value,0.271142205,1.117858511,0.239885251,0.136868979
electricity_weekly_dataset,tsf,electricity_weekly_dataset/electricity_weekly_dataset.tsf,4,234,T234,156,156,False,value,-0.151220684,1.387074453,0.239885251,0.136868979
electricity_weekly_dataset,tsf,electricity_weekly_dataset/electricity_weekly_dataset.tsf,5,315,T315,156,156,False,value,-0.458659437,0.988926676,0.239885251,0.136868979
fred_md_dataset,tsf,fred_md_dataset/fred_md_dataset.tsf,1,30,T30,728,728,False,value,-4.078433429,0.050204843,0.239885251,0.136868979
fred_md_dataset,tsf,fred_md_dataset/fred_md_dataset.tsf,2,64,T64,728,728,False,value,-2.998269660,-0.532071087,0.239885251,0.136868979
fred_md_dataset,tsf,fred_md_dataset/fred_md_dataset.tsf,3,70,T70,728,728,False,value,-3.003822531,0.357207390,0.239885251,0.136868979
fred_md_dataset,tsf,fred_md_dataset/fred_md_dataset.tsf,4,72,T72,728,728,False,value,-0.297328517,-0.212963288,0.239885251,0.136868979
fred_md_dataset,tsf,fred_md_dataset/fred_md_dataset.tsf,5,95,T95,728,728,False,value,-6.287108515,-0.484593253,0.239885251,0.136868979
hospital_dataset,tsf,hospital_dataset/hospital_dataset.tsf,1,6,T6,84,84,False,value,3.784934347,0.262682164,0.239885251,0.136868979
hospital_dataset,tsf,hospital_dataset/hospital_dataset.tsf,2,138,T138,84,84,False,value,1.467820431,0.266669306,0.239885251,0.136868979
hospital_dataset,tsf,hospital_dataset/hospital_dataset.tsf,3,230,T230,84,84,False,value,4.567027702,-0.717392430,0.239885251,0.136868979
hospital_dataset,tsf,hospital_dataset/hospital_dataset.tsf,4,537,T537,84,84,False,value,2.499872713,0.945797930,0.239885251,0.136868979
hospital_dataset,tsf,hospital_dataset/hospital_dataset.tsf,5,563,T563,84,84,False,value,1.160288540,0.669302682,0.239885251,0.136868979
kaggle_web_traffic_dataset_without_missing_values,tsf,kaggle_web_traffic_dataset_without_missing_values/kaggle_web_traffic_dataset_without_missing_values.tsf,1,2134,T2134,803,803,False,value,2.683917480,0.578879148,0.239885251,0.136868979
kaggle_web_traffic_dataset_without_missing_values,tsf,kaggle_web_traffic_dataset_without_missing_values/kaggle_web_traffic_dataset_without_missing_values.tsf,2,79597,T79597,803,803,False,value,1.946620208,-0.511569768,0.239885251,0.136868979
kaggle_web_traffic_dataset_without_missing_values,tsf,kaggle_web_traffic_dataset_without_missing_values/kaggle_web_traffic_dataset_without_missing_values.tsf,3,103654,T103654,803,803,False,value,3.015776694,-2.364713682,0.239885251,0.136868979
kaggle_web_traffic_dataset_without_missing_values,tsf,kaggle_web_traffic_dataset_without_missing_values/kaggle_web_traffic_dataset_without_missing_values.tsf,4,119659,T119659,803,803,False,value,1.637598565,-1.230542853,0.239885251,0.136868979
kaggle_web_traffic_dataset_without_missing_values,tsf,kaggle_web_traffic_dataset_without_missing_values/kaggle_web_traffic_dataset_without_missing_values.tsf,5,139201,T139201,803,803,False,value,0.771922789,-1.083625393,0.239885251,0.136868979
kaggle_web_traffic_weekly_dataset,tsf,kaggle_web_traffic_weekly_dataset/kaggle_web_traffic_weekly_dataset.tsf,1,11038,T11038,114,114,False,value,-0.755462222,-0.930218346,0.239885251,0.136868979
kaggle_web_traffic_weekly_dataset,tsf,kaggle_web_traffic_weekly_dataset/kaggle_web_traffic_weekly_dataset.tsf,2,65430,T65430,114,114,False,value,2.798293052,0.273597706,0.239885251,0.136868979
kaggle_web_traffic_weekly_dataset,tsf,kaggle_web_traffic_weekly_dataset/kaggle_web_traffic_weekly_dataset.tsf,3,113982,T113982,114,114,False,value,3.174884156,-1.036124217,0.239885251,0.136868979
kaggle_web_traffic_weekly_dataset,tsf,kaggle_web_traffic_weekly_dataset/kaggle_web_traffic_weekly_dataset.tsf,4,116620,T116620,114,114,False,value,3.737494794,-1.022601413,0.239885251,0.136868979
kaggle_web_traffic_weekly_dataset,tsf,kaggle_web_traffic_weekly_dataset/kaggle_web_traffic_weekly_dataset.tsf,5,118093,T118093,114,114,False,value,2.810638363,-0.980145103,0.239885251,0.136868979
kdd_cup_2018_dataset_without_missing_values,tsf,kdd_cup_2018_dataset_without_missing_values/kdd_cup_2018_dataset_without_missing_values.tsf,1,4,T4,10898,10898,False,value,-0.705704348,0.134764398,0.239885251,0.136868979
kdd_cup_2018_dataset_without_missing_values,tsf,kdd_cup_2018_dataset_without_missing_values/kdd_cup_2018_dataset_without_missing_values.tsf,2,96,T96,10898,10898,False,value,-0.392303476,-0.151441875,0.239885251,0.136868979
kdd_cup_2018_dataset_without_missing_values,tsf,kdd_cup_2018_dataset_without_missing_values/kdd_cup_2018_dataset_without_missing_values.tsf,3,162,T162,10898,10898,False,value,-1.138350716,-0.642094498,0.239885251,0.136868979
kdd_cup_2018_dataset_without_missing_values,tsf,kdd_cup_2018_dataset_without_missing_values/kdd_cup_2018_dataset_without_missing_values.tsf,4,171,T171,10898,10898,False,value,-0.309482486,1.171142987,0.239885251,0.136868979
kdd_cup_2018_dataset_without_missing_values,tsf,kdd_cup_2018_dataset_without_missing_values/kdd_cup_2018_dataset_without_missing_values.tsf,5,234,T234,10920,10920,False,value,-1.074320395,0.722426931,0.239885251,0.136868979
london_smart_meters_dataset_with_missing_values,tsf,london_smart_meters_dataset_with_missing_values/london_smart_meters_dataset_with_missing_values.tsf,1,2607,T2607,14736,14736,False,value,1.184034414,0.906005858,0.239885251,0.136868979
london_smart_meters_dataset_with_missing_values,tsf,london_smart_meters_dataset_with_missing_values/london_smart_meters_dataset_with_missing_values.tsf,2,2863,T2863,30576,30576,False,value,1.495947807,0.311992782,0.239885251,0.136868979
london_smart_meters_dataset_with_missing_values,tsf,london_smart_meters_dataset_with_missing_values/london_smart_meters_dataset_with_missing_values.tsf,3,3375,T3375,31056,31056,False,value,1.718236297,0.783710301,0.239885251,0.136868979
london_smart_meters_dataset_with_missing_values,tsf,london_smart_meters_dataset_with_missing_values/london_smart_meters_dataset_with_missing_values.tsf,4,4219,T4219,25488,25488,False,value,1.970321715,0.199420316,0.239885251,0.136868979
london_smart_meters_dataset_with_missing_values,tsf,london_smart_meters_dataset_with_missing_values/london_smart_meters_dataset_with_missing_values.tsf,5,4402,T4402,31488,31488,False,value,0.810216049,0.873148475,0.239885251,0.136868979
m1_monthly_dataset,tsf,m1_monthly_dataset/m1_monthly_dataset.tsf,1,29,T29,84,84,False,value,2.610714953,-0.683038358,0.239885251,0.136868979
m1_monthly_dataset,tsf,m1_monthly_dataset/m1_monthly_dataset.tsf,2,201,T201,104,104,False,value,0.405678100,1.222850440,0.239885251,0.136868979
m1_monthly_dataset,tsf,m1_monthly_dataset/m1_monthly_dataset.tsf,3,242,T242,54,54,False,value,1.402968112,0.525115256,0.239885251,0.136868979
m1_monthly_dataset,tsf,m1_monthly_dataset/m1_monthly_dataset.tsf,4,259,T259,82,82,False,value,2.543316655,0.756162191,0.239885251,0.136868979
m1_monthly_dataset,tsf,m1_monthly_dataset/m1_monthly_dataset.tsf,5,501,T501,59,59,False,value,0.102342459,0.092424639,0.239885251,0.136868979
m1_quarterly_dataset,tsf,m1_quarterly_dataset/m1_quarterly_dataset.tsf,1,20,T20,42,42,False,value,1.256721873,1.443055168,0.239885251,0.136868979
m1_quarterly_dataset,tsf,m1_quarterly_dataset/m1_quarterly_dataset.tsf,2,72,T72,57,57,False,value,-2.171907054,-0.472332063,0.239885251,0.136868979
m1_quarterly_dataset,tsf,m1_quarterly_dataset/m1_quarterly_dataset.tsf,3,90,T90,52,52,False,value,1.672430842,0.473542358,0.239885251,0.136868979
m1_quarterly_dataset,tsf,m1_quarterly_dataset/m1_quarterly_dataset.tsf,4,105,T105,68,68,False,value,-1.309082792,0.960883500,0.239885251,0.136868979
m1_quarterly_dataset,tsf,m1_quarterly_dataset/m1_quarterly_dataset.tsf,5,158,T158,60,60,False,value,-0.614979693,0.971693326,0.239885251,0.136868979
m1_yearly_dataset,tsf,m1_yearly_dataset/m1_yearly_dataset.tsf,1,7,T7,16,16,False,value,0.615223981,-0.126314070,0.239885251,0.136868979
m1_yearly_dataset,tsf,m1_yearly_dataset/m1_yearly_dataset.tsf,2,80,T80,26,26,False,value,3.418740325,-0.881201832,0.239885251,0.136868979
m1_yearly_dataset,tsf,m1_yearly_dataset/m1_yearly_dataset.tsf,3,82,T82,26,26,False,value,0.316133270,0.077157936,0.239885251,0.136868979
m1_yearly_dataset,tsf,m1_yearly_dataset/m1_yearly_dataset.tsf,4,140,T140,19,19,False,value,-0.533314567,0.469482568,0.239885251,0.136868979
m1_yearly_dataset,tsf,m1_yearly_dataset/m1_yearly_dataset.tsf,5,177,T177,19,19,False,value,0.629760007,-0.288033785,0.239885251,0.136868979
m3_other_dataset,tsf,m3_other_dataset/m3_other_dataset.tsf,1,33,T33,73,73,False,value,-0.940934165,0.315446947,0.239885251,0.136868979
m3_other_dataset,tsf,m3_other_dataset/m3_other_dataset.tsf,2,61,T61,71,71,False,value,-1.752127014,0.492871899,0.239885251,0.136868979
m3_other_dataset,tsf,m3_other_dataset/m3_other_dataset.tsf,3,130,T130,71,71,False,value,-3.259342238,-1.164676324,0.239885251,0.136868979
m3_other_dataset,tsf,m3_other_dataset/m3_other_dataset.tsf,4,138,T138,71,71,False,value,-2.961482759,-1.244740928,0.239885251,0.136868979
m3_other_dataset,tsf,m3_other_dataset/m3_other_dataset.tsf,5,143,T143,71,71,False,value,-2.522176043,-1.439517315,0.239885251,0.136868979
m3_quarterly_dataset,tsf,m3_quarterly_dataset/m3_quarterly_dataset.tsf,1,225,T225,64,64,False,value,3.442331643,0.228609308,0.239885251,0.136868979
m3_quarterly_dataset,tsf,m3_quarterly_dataset/m3_quarterly_dataset.tsf,2,248,T248,51,51,False,value,-0.635212676,0.728915502,0.239885251,0.136868979
m3_quarterly_dataset,tsf,m3_quarterly_dataset/m3_quarterly_dataset.tsf,3,285,T285,42,42,False,value,0.548771696,0.036861965,0.239885251,0.136868979
m3_quarterly_dataset,tsf,m3_quarterly_dataset/m3_quarterly_dataset.tsf,4,523,T523,24,24,False,value,0.576275354,-0.606405944,0.239885251,0.136868979
m3_quarterly_dataset,tsf,m3_quarterly_dataset/m3_quarterly_dataset.tsf,5,642,T642,43,43,False,value,-0.355041678,0.838122212,0.239885251,0.136868979
m3_yearly_dataset,tsf,m3_yearly_dataset/m3_yearly_dataset.tsf,1,211,T211,47,47,False,value,-1.511077571,-0.362533151,0.239885251,0.136868979
m3_yearly_dataset,tsf,m3_yearly_dataset/m3_yearly_dataset.tsf,2,247,T247,32,32,False,value,2.291534870,-0.253207339,0.239885251,0.136868979
m3_yearly_dataset,tsf,m3_yearly_dataset/m3_yearly_dataset.tsf,3,332,T332,47,47,False,value,-0.719614819,0.582104208,0.239885251,0.136868979
m3_yearly_dataset,tsf,m3_yearly_dataset/m3_yearly_dataset.tsf,4,439,T439,21,21,False,value,-1.052600700,0.909368066,0.239885251,0.136868979
m3_yearly_dataset,tsf,m3_yearly_dataset/m3_yearly_dataset.tsf,5,529,T529,21,21,False,value,-0.557012252,-0.421469594,0.239885251,0.136868979
m4_daily_dataset,tsf,m4_daily_dataset/m4_daily_dataset.tsf,1,952,T952,3712,3712,False,value,-4.714035780,1.134748069,0.239885251,0.136868979
m4_daily_dataset,tsf,m4_daily_dataset/m4_daily_dataset.tsf,2,1451,T1451,4211,4211,False,value,-4.741752032,0.496827343,0.239885251,0.136868979
m4_daily_dataset,tsf,m4_daily_dataset/m4_daily_dataset.tsf,3,2020,T2020,4211,4211,False,value,-4.801086738,-0.842671735,0.239885251,0.136868979
m4_daily_dataset,tsf,m4_daily_dataset/m4_daily_dataset.tsf,4,3576,T3576,4211,4211,False,value,-5.947438169,-1.407008336,0.239885251,0.136868979
m4_daily_dataset,tsf,m4_daily_dataset/m4_daily_dataset.tsf,5,3775,T3775,250,250,False,value,-1.603269187,0.318884761,0.239885251,0.136868979
m4_hourly_dataset,tsf,m4_hourly_dataset/m4_hourly_dataset.tsf,1,47,T47,748,748,False,value,-0.018503211,1.267319736,0.239885251,0.136868979
m4_hourly_dataset,tsf,m4_hourly_dataset/m4_hourly_dataset.tsf,2,50,T50,748,748,False,value,-0.154382124,1.292049665,0.239885251,0.136868979
m4_hourly_dataset,tsf,m4_hourly_dataset/m4_hourly_dataset.tsf,3,166,T166,748,748,False,value,0.307237325,0.711468871,0.239885251,0.136868979
m4_hourly_dataset,tsf,m4_hourly_dataset/m4_hourly_dataset.tsf,4,232,T232,1008,1008,False,value,-0.099831950,1.123773775,0.239885251,0.136868979
m4_hourly_dataset,tsf,m4_hourly_dataset/m4_hourly_dataset.tsf,5,351,T351,1008,1008,False,value,0.430598723,1.267985869,0.239885251,0.136868979
m4_monthly_dataset,tsf,m4_monthly_dataset/m4_monthly_dataset.tsf,1,21140,T21140,204,204,False,value,-0.418901270,0.727704197,0.239885251,0.136868979
m4_monthly_dataset,tsf,m4_monthly_dataset/m4_monthly_dataset.tsf,2,24300,T24300,242,242,False,value,0.085768328,0.724293888,0.239885251,0.136868979
m4_monthly_dataset,tsf,m4_monthly_dataset/m4_monthly_dataset.tsf,3,27150,T27150,552,552,False,value,-2.724299211,1.006885683,0.239885251,0.136868979
m4_monthly_dataset,tsf,m4_monthly_dataset/m4_monthly_dataset.tsf,4,33328,T33328,97,97,False,value,2.450279070,0.319970518,0.239885251,0.136868979
m4_monthly_dataset,tsf,m4_monthly_dataset/m4_monthly_dataset.tsf,5,33678,T33678,101,101,False,value,2.211646131,0.649706033,0.239885251,0.136868979
m4_quarterly_dataset,tsf,m4_quarterly_dataset/m4_quarterly_dataset.tsf,1,4862,T4862,130,130,False,value,0.561992280,0.499767632,0.239885251,0.136868979
m4_quarterly_dataset,tsf,m4_quarterly_dataset/m4_quarterly_dataset.tsf,2,13165,T13165,47,47,False,value,0.234206024,1.479453372,0.239885251,0.136868979
m4_quarterly_dataset,tsf,m4_quarterly_dataset/m4_quarterly_dataset.tsf,3,16360,T16360,34,34,False,value,-1.133965337,1.158609997,0.239885251,0.136868979
m4_quarterly_dataset,tsf,m4_quarterly_dataset/m4_quarterly_dataset.tsf,4,18465,T18465,110,110,False,value,-2.476736029,0.950671626,0.239885251,0.136868979
m4_quarterly_dataset,tsf,m4_quarterly_dataset/m4_quarterly_dataset.tsf,5,23229,T23229,59,59,False,value,-1.059491316,-0.273717233,0.239885251,0.136868979
m4_weekly_dataset,tsf,m4_weekly_dataset/m4_weekly_dataset.tsf,1,17,T17,734,734,False,value,-4.493055355,-0.114099193,0.239885251,0.136868979
m4_weekly_dataset,tsf,m4_weekly_dataset/m4_weekly_dataset.tsf,2,60,T60,2297,2297,False,value,-3.259231335,-0.386191528,0.239885251,0.136868979
m4_weekly_dataset,tsf,m4_weekly_dataset/m4_weekly_dataset.tsf,3,99,T99,2296,2296,False,value,-6.020067415,-0.612289282,0.239885251,0.136868979
m4_weekly_dataset,tsf,m4_weekly_dataset/m4_weekly_dataset.tsf,4,132,T132,2296,2296,False,value,-5.488045255,-0.830963726,0.239885251,0.136868979
m4_weekly_dataset,tsf,m4_weekly_dataset/m4_weekly_dataset.tsf,5,133,T133,2296,2296,False,value,-5.562261384,-0.946502209,0.239885251,0.136868979
m4_yearly_dataset,tsf,m4_yearly_dataset/m4_yearly_dataset.tsf,1,3634,T3634,55,55,False,value,0.703463546,0.286180026,0.239885251,0.136868979
m4_yearly_dataset,tsf,m4_yearly_dataset/m4_yearly_dataset.tsf,2,5390,T5390,46,46,False,value,-0.917735619,0.913686097,0.239885251,0.136868979
m4_yearly_dataset,tsf,m4_yearly_dataset/m4_yearly_dataset.tsf,3,9781,T9781,21,21,False,value,-0.346909955,-0.315580291,0.239885251,0.136868979
m4_yearly_dataset,tsf,m4_yearly_dataset/m4_yearly_dataset.tsf,4,11367,T11367,32,32,False,value,0.816897810,0.396489878,0.239885251,0.136868979
m4_yearly_dataset,tsf,m4_yearly_dataset/m4_yearly_dataset.tsf,5,19052,T19052,188,188,False,value,-0.601791120,0.731073675,0.239885251,0.136868979
nn5_daily_dataset_without_missing_values,tsf,nn5_daily_dataset_without_missing_values/nn5_daily_dataset_without_missing_values.tsf,1,55,T55,791,791,False,value,3.641742096,0.779855916,0.239885251,0.136868979
nn5_daily_dataset_without_missing_values,tsf,nn5_daily_dataset_without_missing_values/nn5_daily_dataset_without_missing_values.tsf,2,71,T71,791,791,False,value,3.226472842,0.397953831,0.239885251,0.136868979
nn5_daily_dataset_without_missing_values,tsf,nn5_daily_dataset_without_missing_values/nn5_daily_dataset_without_missing_values.tsf,3,83,T83,791,791,False,value,3.537193515,0.339299444,0.239885251,0.136868979
nn5_daily_dataset_without_missing_values,tsf,nn5_daily_dataset_without_missing_values/nn5_daily_dataset_without_missing_values.tsf,4,85,T85,791,791,False,value,3.570489454,-0.173620830,0.239885251,0.136868979
nn5_daily_dataset_without_missing_values,tsf,nn5_daily_dataset_without_missing_values/nn5_daily_dataset_without_missing_values.tsf,5,109,T109,791,791,False,value,3.664648659,0.115439673,0.239885251,0.136868979
nn5_weekly_dataset,tsf,nn5_weekly_dataset/nn5_weekly_dataset.tsf,1,4,T4,113,113,False,value,2.390473285,0.705402278,0.239885251,0.136868979
nn5_weekly_dataset,tsf,nn5_weekly_dataset/nn5_weekly_dataset.tsf,2,22,T22,113,113,False,value,3.130594828,0.178233280,0.239885251,0.136868979
nn5_weekly_dataset,tsf,nn5_weekly_dataset/nn5_weekly_dataset.tsf,3,24,T24,113,113,False,value,2.160808920,0.824303919,0.239885251,0.136868979
nn5_weekly_dataset,tsf,nn5_weekly_dataset/nn5_weekly_dataset.tsf,4,33,T33,113,113,False,value,3.816951926,0.270761559,0.239885251,0.136868979
nn5_weekly_dataset,tsf,nn5_weekly_dataset/nn5_weekly_dataset.tsf,5,105,T105,113,113,False,value,3.995571207,0.019925413,0.239885251,0.136868979
oikolab_weather_dataset,tsf,oikolab_weather_dataset/oikolab_weather_dataset.tsf,1,1,T1,100057,50000,True,value,-0.230954516,1.432894290,0.239885251,0.136868979
oikolab_weather_dataset,tsf,oikolab_weather_dataset/oikolab_weather_dataset.tsf,2,2,T2,100057,50000,True,value,-2.043712009,0.739723643,0.239885251,0.136868979
oikolab_weather_dataset,tsf,oikolab_weather_dataset/oikolab_weather_dataset.tsf,3,3,T3,100057,50000,True,value,-0.278832933,0.854435822,0.239885251,0.136868979
oikolab_weather_dataset,tsf,oikolab_weather_dataset/oikolab_weather_dataset.tsf,4,4,T4,100057,50000,True,value,-1.786989213,0.504029097,0.239885251,0.136868979
oikolab_weather_dataset,tsf,oikolab_weather_dataset/oikolab_weather_dataset.tsf,5,8,T8,100057,50000,True,value,0.071651921,-0.390030906,0.239885251,0.136868979
pedestrian_counts_dataset,tsf,pedestrian_counts_dataset/pedestrian_counts_dataset.tsf,1,5,T5,93068,50000,True,value,1.705141193,0.629090191,0.239885251,0.136868979
pedestrian_counts_dataset,tsf,pedestrian_counts_dataset/pedestrian_counts_dataset.tsf,2,24,T24,57187,50000,True,value,0.954467215,0.980362195,0.239885251,0.136868979
pedestrian_counts_dataset,tsf,pedestrian_counts_dataset/pedestrian_counts_dataset.tsf,3,28,T28,56946,50000,True,value,0.675088916,1.041662668,0.239885251,0.136868979
pedestrian_counts_dataset,tsf,pedestrian_counts_dataset/pedestrian_counts_dataset.tsf,4,36,T36,43795,43795,False,value,0.389475998,1.075141074,0.239885251,0.136868979
pedestrian_counts_dataset,tsf,pedestrian_counts_dataset/pedestrian_counts_dataset.tsf,5,57,T57,13368,13368,False,value,1.309429768,-0.247034409,0.239885251,0.136868979
rideshare_dataset_without_missing_values,tsf,rideshare_dataset_without_missing_values/rideshare_dataset_without_missing_values.tsf,1,218,T235,541,541,False,value,-3.014627194,0.696117450,0.239885251,0.136868979
rideshare_dataset_without_missing_values,tsf,rideshare_dataset_without_missing_values/rideshare_dataset_without_missing_values.tsf,2,1248,T1349,541,541,False,value,-0.799096310,1.009433874,0.239885251,0.136868979
rideshare_dataset_without_missing_values,tsf,rideshare_dataset_without_missing_values/rideshare_dataset_without_missing_values.tsf,3,1254,T1356,541,541,False,value,-0.130751584,-3.067681859,0.239885251,0.136868979
rideshare_dataset_without_missing_values,tsf,rideshare_dataset_without_missing_values/rideshare_dataset_without_missing_values.tsf,4,1788,T1935,541,541,False,value,-1.509669750,0.624727529,0.239885251,0.136868979
rideshare_dataset_without_missing_values,tsf,rideshare_dataset_without_missing_values/rideshare_dataset_without_missing_values.tsf,5,2041,T2211,541,541,False,value,-0.105605280,-0.989890342,0.239885251,0.136868979
saugeenday_dataset,tsf,saugeenday_dataset/saugeenday_dataset.tsf,1,1,T1,23741,23741,False,value,-2.165383931,-0.181435034,0.239885251,0.136868979
solar_10_minutes_dataset,tsf,solar_10_minutes_dataset/solar_10_minutes_dataset.tsf,1,14,T14,52560,50000,True,value,-2.723462688,0.049081303,0.239885251,0.136868979
solar_10_minutes_dataset,tsf,solar_10_minutes_dataset/solar_10_minutes_dataset.tsf,2,41,T41,52560,50000,True,value,-2.808899208,0.377933859,0.239885251,0.136868979
solar_10_minutes_dataset,tsf,solar_10_minutes_dataset/solar_10_minutes_dataset.tsf,3,48,T48,52560,50000,True,value,-2.811938527,0.091748131,0.239885251,0.136868979
solar_10_minutes_dataset,tsf,solar_10_minutes_dataset/solar_10_minutes_dataset.tsf,4,91,T91,52560,50000,True,value,-2.729713339,0.084276409,0.239885251,0.136868979
solar_10_minutes_dataset,tsf,solar_10_minutes_dataset/solar_10_minutes_dataset.tsf,5,130,T130,52560,50000,True,value,-2.748438450,0.356755744,0.239885251,0.136868979
solar_4_seconds_dataset,tsf,solar_4_seconds_dataset/solar_4_seconds_dataset.tsf,1,1,T1,7397222,50000,True,value,-2.608159790,0.364368683,0.239885251,0.136868979
sunspot_dataset_without_missing_values,tsf,sunspot_dataset_without_missing_values/sunspot_dataset_without_missing_values.tsf,1,1,T1,73924,50000,True,value,-1.223077311,1.262554571,0.239885251,0.136868979
temperature_rain_dataset_without_missing_values,tsf,temperature_rain_dataset_without_missing_values/temperature_rain_dataset_without_missing_values.tsf,1,6643,T6642,725,725,False,value,0.003392173,0.785638670,0.239885251,0.136868979
temperature_rain_dataset_without_missing_values,tsf,temperature_rain_dataset_without_missing_values/temperature_rain_dataset_without_missing_values.tsf,2,7011,T7010,725,725,False,value,-0.332668787,0.513388246,0.239885251,0.136868979
temperature_rain_dataset_without_missing_values,tsf,temperature_rain_dataset_without_missing_values/temperature_rain_dataset_without_missing_values.tsf,3,19154,T19153,725,725,False,value,2.988691230,-1.913267848,0.239885251,0.136868979
temperature_rain_dataset_without_missing_values,tsf,temperature_rain_dataset_without_missing_values/temperature_rain_dataset_without_missing_values.tsf,4,20823,T20822,725,725,False,value,1.648140010,-1.867865579,0.239885251,0.136868979
temperature_rain_dataset_without_missing_values,tsf,temperature_rain_dataset_without_missing_values/temperature_rain_dataset_without_missing_values.tsf,5,30162,T30161,725,725,False,value,3.181680937,0.383212231,0.239885251,0.136868979
tourism_monthly_dataset,tsf,tourism_monthly_dataset/tourism_monthly_dataset.tsf,1,4,T4,264,264,False,value,0.686683461,1.296536150,0.239885251,0.136868979
tourism_monthly_dataset,tsf,tourism_monthly_dataset/tourism_monthly_dataset.tsf,2,59,T59,330,330,False,value,0.762990896,1.552109925,0.239885251,0.136868979
tourism_monthly_dataset,tsf,tourism_monthly_dataset/tourism_monthly_dataset.tsf,3,152,T152,199,199,False,value,0.771693800,1.694265969,0.239885251,0.136868979
tourism_monthly_dataset,tsf,tourism_monthly_dataset/tourism_monthly_dataset.tsf,4,170,T170,199,199,False,value,2.312836031,1.092985396,0.239885251,0.136868979
tourism_monthly_dataset,tsf,tourism_monthly_dataset/tourism_monthly_dataset.tsf,5,186,T186,331,331,False,value,-0.245021561,1.247435817,0.239885251,0.136868979
tourism_quarterly_dataset,tsf,tourism_quarterly_dataset/tourism_quarterly_dataset.tsf,1,7,T7,88,88,False,value,0.958811828,0.798611863,0.239885251,0.136868979
tourism_quarterly_dataset,tsf,tourism_quarterly_dataset/tourism_quarterly_dataset.tsf,2,26,T26,122,122,False,value,3.352417537,0.716861850,0.239885251,0.136868979
tourism_quarterly_dataset,tsf,tourism_quarterly_dataset/tourism_quarterly_dataset.tsf,3,120,T120,110,110,False,value,-0.551636033,1.668786836,0.239885251,0.136868979
tourism_quarterly_dataset,tsf,tourism_quarterly_dataset/tourism_quarterly_dataset.tsf,4,237,T237,111,111,False,value,0.412132220,1.585393496,0.239885251,0.136868979
tourism_quarterly_dataset,tsf,tourism_quarterly_dataset/tourism_quarterly_dataset.tsf,5,298,T298,111,111,False,value,-0.773731729,1.401836006,0.239885251,0.136868979
tourism_yearly_dataset,tsf,tourism_yearly_dataset/tourism_yearly_dataset.tsf,1,160,T160,32,32,False,value,-1.269425795,0.676293785,0.239885251,0.136868979
tourism_yearly_dataset,tsf,tourism_yearly_dataset/tourism_yearly_dataset.tsf,2,253,T253,17,17,False,value,3.885525325,-0.985110217,0.239885251,0.136868979
tourism_yearly_dataset,tsf,tourism_yearly_dataset/tourism_yearly_dataset.tsf,3,305,T305,17,17,False,value,1.210654427,0.885516268,0.239885251,0.136868979
tourism_yearly_dataset,tsf,tourism_yearly_dataset/tourism_yearly_dataset.tsf,4,338,T338,27,27,False,value,-0.834948693,0.460885921,0.239885251,0.136868979
tourism_yearly_dataset,tsf,tourism_yearly_dataset/tourism_yearly_dataset.tsf,5,432,T432,27,27,False,value,-0.736735800,0.403834652,0.239885251,0.136868979
traffic_hourly_dataset,tsf,traffic_hourly_dataset/traffic_hourly_dataset.tsf,1,91,T91,17544,17544,False,value,0.576833089,0.943311850,0.239885251,0.136868979
traffic_hourly_dataset,tsf,traffic_hourly_dataset/traffic_hourly_dataset.tsf,2,115,T115,17544,17544,False,value,0.975525197,0.357234397,0.239885251,0.136868979
traffic_hourly_dataset,tsf,traffic_hourly_dataset/traffic_hourly_dataset.tsf,3,443,T443,17544,17544,False,value,0.681838082,0.513264645,0.239885251,0.136868979
traffic_hourly_dataset,tsf,traffic_hourly_dataset/traffic_hourly_dataset.tsf,4,556,T556,17544,17544,False,value,0.442821284,0.810623653,0.239885251,0.136868979
traffic_hourly_dataset,tsf,traffic_hourly_dataset/traffic_hourly_dataset.tsf,5,773,T773,17544,17544,False,value,0.993936913,0.621784200,0.239885251,0.136868979
traffic_weekly_dataset,tsf,traffic_weekly_dataset/traffic_weekly_dataset.tsf,1,25,T25,104,104,False,value,1.687553281,0.431258758,0.239885251,0.136868979
traffic_weekly_dataset,tsf,traffic_weekly_dataset/traffic_weekly_dataset.tsf,2,379,T379,104,104,False,value,2.729850428,0.432962343,0.239885251,0.136868979
traffic_weekly_dataset,tsf,traffic_weekly_dataset/traffic_weekly_dataset.tsf,3,677,T677,104,104,False,value,2.362200527,-0.136283887,0.239885251,0.136868979
traffic_weekly_dataset,tsf,traffic_weekly_dataset/traffic_weekly_dataset.tsf,4,813,T813,104,104,False,value,3.855368349,-0.563551852,0.239885251,0.136868979
traffic_weekly_dataset,tsf,traffic_weekly_dataset/traffic_weekly_dataset.tsf,5,822,T822,104,104,False,value,1.793046666,0.806990839,0.239885251,0.136868979
us_births_dataset,tsf,us_births_dataset/us_births_dataset.tsf,1,1,T1,7305,7305,False,value,2.155127015,0.552950502,0.239885251,0.136868979
vehicle_trips_dataset_without_missing_values,tsf,vehicle_trips_dataset_without_missing_values/vehicle_trips_dataset_without_missing_values.tsf,1,6,T6,181,181,False,value,3.626496270,-0.659134317,0.239885251,0.136868979
vehicle_trips_dataset_without_missing_values,tsf,vehicle_trips_dataset_without_missing_values/vehicle_trips_dataset_without_missing_values.tsf,2,142,T142,88,88,False,value,-0.870220631,-1.057757115,0.239885251,0.136868979
vehicle_trips_dataset_without_missing_values,tsf,vehicle_trips_dataset_without_missing_values/vehicle_trips_dataset_without_missing_values.tsf,3,247,T247,122,122,False,value,1.000806040,-2.331097129,0.239885251,0.136868979
vehicle_trips_dataset_without_missing_values,tsf,vehicle_trips_dataset_without_missing_values/vehicle_trips_dataset_without_missing_values.tsf,4,288,T288,91,91,False,value,3.315260118,-0.921328241,0.239885251,0.136868979
vehicle_trips_dataset_without_missing_values,tsf,vehicle_trips_dataset_without_missing_values/vehicle_trips_dataset_without_missing_values.tsf,5,321,T321,92,92,False,value,2.309821457,0.518918862,0.239885251,0.136868979
weather_dataset,tsf,weather_dataset/weather_dataset.tsf,1,1599,T1599,1332,1332,False,value,0.475824015,0.830393412,0.239885251,0.136868979
weather_dataset,tsf,weather_dataset/weather_dataset.tsf,2,1643,T1643,10828,10828,False,value,1.052795594,0.707799348,0.239885251,0.136868979
weather_dataset,tsf,weather_dataset/weather_dataset.tsf,3,2759,T2759,10828,10828,False,value,1.051201957,0.466734319,0.239885251,0.136868979
weather_dataset,tsf,weather_dataset/weather_dataset.tsf,4,2824,T2824,10828,10828,False,value,0.622057616,1.435137760,0.239885251,0.136868979
weather_dataset,tsf,weather_dataset/weather_dataset.tsf,5,2924,T2924,10828,10828,False,value,0.977370551,0.576587534,0.239885251,0.136868979
wind_4_seconds_dataset,tsf,wind_4_seconds_dataset/wind_4_seconds_dataset.tsf,1,1,T1,7397147,50000,True,value,-3.435709659,1.223503344,0.239885251,0.136868979
wind_farms_minutely_dataset_without_missing_values,tsf,wind_farms_minutely_dataset_without_missing_values/wind_farms_minutely_dataset_without_missing_values.tsf,1,12,T12,527040,50000,True,value,-2.814884998,-2.837104703,0.239885251,0.136868979
wind_farms_minutely_dataset_without_missing_values,tsf,wind_farms_minutely_dataset_without_missing_values/wind_farms_minutely_dataset_without_missing_values.tsf,2,56,T56,527040,50000,True,value,-3.290266050,0.607377688,0.239885251,0.136868979
wind_farms_minutely_dataset_without_missing_values,tsf,wind_farms_minutely_dataset_without_missing_values/wind_farms_minutely_dataset_without_missing_values.tsf,3,86,T86,527040,50000,True,value,-5.986901928,0.881602309,0.239885251,0.136868979
wind_farms_minutely_dataset_without_missing_values,tsf,wind_farms_minutely_dataset_without_missing_values/wind_farms_minutely_dataset_without_missing_values.tsf,4,262,T262,527040,50000,True,value,0.044442962,-4.895218397,0.239885251,0.136868979
wind_farms_minutely_dataset_without_missing_values,tsf,wind_farms_minutely_dataset_without_missing_values/wind_farms_minutely_dataset_without_missing_values.tsf,5,309,T309,527040,50000,True,value,-0.229541652,-20.605545085,0.239885251,0.136868979
anonymous_public_load_power_data_per_unit,rds,anonymous_public_load_power_data_per_unit/load_power_unit_134.rds,1,40,load_power_unit_134:load_power,163413,50000,True,sum/count,-0.375568690,0.290880489,0.239885251,0.136868979
anonymous_public_load_power_data_per_unit,rds,anonymous_public_load_power_data_per_unit/load_power_unit_158.rds,2,66,load_power_unit_158:load_power,372887,50000,True,sum/count,-4.296543597,-0.688419895,0.239885251,0.136868979
anonymous_public_load_power_data_per_unit,rds,anonymous_public_load_power_data_per_unit/load_power_unit_183.rds,3,94,load_power_unit_183:load_power,615111,50000,True,sum/count,-0.503299218,0.283907158,0.239885251,0.136868979
anonymous_public_load_power_data_per_unit,rds,anonymous_public_load_power_data_per_unit/load_power_unit_205.rds,4,119,load_power_unit_205:load_power,616265,50000,True,sum/count,-0.011888218,1.183252146,0.239885251,0.136868979
anonymous_public_load_power_data_per_unit,rds,anonymous_public_load_power_data_per_unit/load_power_unit_57.rds,5,226,load_power_unit_57:load_power,616385,50000,True,sum/count,0.474317665,0.810432461,0.239885251,0.136868979
anonymous_public_pv_power_data_per_unit,rds,anonymous_public_pv_power_data_per_unit/pv_power_unit_116.rds,1,17,pv_power_unit_116:pv_power,901,901,False,sum/count,-1.536895082,0.141479001,0.239885251,0.136868979
anonymous_public_pv_power_data_per_unit,rds,anonymous_public_pv_power_data_per_unit/pv_power_unit_166.rds,2,64,pv_power_unit_166:pv_power,615662,50000,True,sum/count,-2.089601279,0.710908910,0.239885251,0.136868979
anonymous_public_pv_power_data_per_unit,rds,anonymous_public_pv_power_data_per_unit/pv_power_unit_23.rds,3,124,pv_power_unit_23:pv_power,614957,50000,True,sum/count,-2.056719012,0.495687229,0.239885251,0.136868979
anonymous_public_pv_power_data_per_unit,rds,anonymous_public_pv_power_data_per_unit/pv_power_unit_245.rds,4,139,pv_power_unit_245:pv_power,616189,50000,True,sum/count,-2.295701019,0.449477392,0.239885251,0.136868979
anonymous_public_pv_power_data_per_unit,rds,anonymous_public_pv_power_data_per_unit/pv_power_unit_252.rds,5,147,pv_power_unit_252:pv_power,612127,50000,True,sum/count,-1.769500228,0.583479720,0.239885251,0.136868979
