group_id,group_rank,dataset_id,dataset_name,frequency,dataset_dir,arrow_path,sample_rank,candidate_index,row_index,variate_index,item_id,variate_name,series_length_original,series_length_used,downsampled,sampled_with_replacement,pc1,pc2,pc1_explained_ratio,pc2_explained_ratio
group_001,1,current_velocity/H,current_velocity,H,TIME/current_velocity/H,TIME/current_velocity/H/data-00000-of-00001.arrow,1,68,11,2,QLD_NWSROW_Quartermaster-Workhorse-ADCP-157.3_201118To210228,WCUR,2447,2447,False,False,3.635638614,-0.514937191,0.400166646,0.144476907
group_001,1,current_velocity/H,current_velocity,H,TIME/current_velocity/H,TIME/current_velocity/H/data-00000-of-00001.arrow,2,18,3,0,NRS_NRSMAI-ADCP_Sentinel-or-Monitor-Workhorse-ADCP-90_200704To210107,UCUR,4489,4489,False,False,0.966960064,0.980983085,0.400166646,0.144476907
group_001,1,current_velocity/H,current_velocity,H,TIME/current_velocity/H,TIME/current_velocity/H/data-00000-of-00001.arrow,3,62,10,2,QLD_NWSROW_Quartermaster-Workhorse-ADCP-155.2_211116To220416,WCUR,3607,3607,False,False,3.824563090,0.196607796,0.400166646,0.144476907
group_001,1,current_velocity/H,current_velocity,H,TIME/current_velocity/H,TIME/current_velocity/H/data-00000-of-00001.arrow,4,104,17,2,SA_VBM100_Sentinel-or-Monitor-Workhorse-ADCP-93_210820To211201,WCUR,2496,2496,False,False,2.230080495,-0.129399343,0.400166646,0.144476907
group_001,1,current_velocity/H,current_velocity,H,TIME/current_velocity/H,TIME/current_velocity/H/data-00000-of-00001.arrow,5,61,10,1,QLD_NWSROW_Quartermaster-Workhorse-ADCP-155.2_211116To220416,VCUR,3607,3607,False,False,1.967026661,1.773238625,0.400166646,0.144476907
group_001,2,JOLTS/M,JOLTS,M,TIME/JOLTS/M,TIME/JOLTS/M/data-00000-of-00001.arrow,1,3,0,3,item0,Q_TotalNonfarm,297,297,False,False,0.044511729,-0.086766831,0.400166646,0.144476907
group_001,2,JOLTS/M,JOLTS,M,TIME/JOLTS/M,TIME/JOLTS/M/data-00000-of-00001.arrow,2,1,0,1,item0,H_TotalNonfarm,297,297,False,False,1.174924653,-1.145119974,0.400166646,0.144476907
group_001,2,JOLTS/M,JOLTS,M,TIME/JOLTS/M,TIME/JOLTS/M/data-00000-of-00001.arrow,3,4,0,4,item0,LAD_TotalNonfarm,297,297,False,False,3.496248766,-0.361748713,0.400166646,0.144476907
group_001,2,JOLTS/M,JOLTS,M,TIME/JOLTS/M,TIME/JOLTS/M/data-00000-of-00001.arrow,4,5,0,5,item0,OS_TotalNonfarm,297,297,False,False,4.376382518,-0.377208839,0.400166646,0.144476907
group_001,2,JOLTS/M,JOLTS,M,TIME/JOLTS/M,TIME/JOLTS/M/data-00000-of-00001.arrow,5,0,0,0,item0,JO_TotalNonfarm,297,297,False,False,-1.831784451,1.240857381,0.400166646,0.144476907
group_001,3,current_velocity/20T,current_velocity,20T,TIME/current_velocity/20T,TIME/current_velocity/20T/data-00000-of-00001.arrow,1,52,8,4,SA_SAM5CB_Sentinel-or-Monitor-Workhorse-ADCP-91.86_210915To220129,PRES_REL,9787,9787,False,False,-1.435507204,4.325123031,0.400166646,0.144476907
group_001,3,current_velocity/20T,current_velocity,20T,TIME/current_velocity/20T,TIME/current_velocity/20T/data-00000-of-00001.arrow,2,91,15,1,SA_SAM8SG_Sentinel-or-Monitor-Workhorse-ADCP-41.6955_221216To230206,VCUR,3749,3749,False,False,-1.463868309,1.669090860,0.400166646,0.144476907
group_001,3,current_velocity/20T,current_velocity,20T,TIME/current_velocity/20T,TIME/current_velocity/20T/data-00000-of-00001.arrow,3,139,23,1,SA_VBM100_Sentinel-or-Monitor-Workhorse-ADCP-95.19_220731To221029,VCUR,6475,6475,False,False,-7.297105515,-3.777896710,0.400166646,0.144476907
group_001,3,current_velocity/20T,current_velocity,20T,TIME/current_velocity/20T,TIME/current_velocity/20T/data-00000-of-00001.arrow,4,86,14,2,SA_SAM5CB_Sentinel-or-Monitor-Workhorse-ADCP-92_201124To210504,WCUR,11603,11603,False,False,2.552222630,-1.462348899,0.400166646,0.144476907
group_001,3,current_velocity/20T,current_velocity,20T,TIME/current_velocity/20T,TIME/current_velocity/20T/data-00000-of-00001.arrow,5,148,24,4,SA_VBM100_Sentinel-or-Monitor-Workhorse-ADCP-95.7607_221210To230306,PRES_REL,6211,6211,False,False,-2.356992270,4.222492438,0.400166646,0.144476907
group_001,4,Vehicle_Sales/M,Vehicle_Sales,M,TIME/Vehicle_Sales/M,TIME/Vehicle_Sales/M/data-00000-of-00001.arrow,1,0,0,0,item0,LWVS_AutosandLightTrucks,596,596,False,False,-1.861614251,-1.907279448,0.400166646,0.144476907
group_001,4,Vehicle_Sales/M,Vehicle_Sales,M,TIME/Vehicle_Sales/M,TIME/Vehicle_Sales/M/data-00000-of-00001.arrow,2,6,0,6,item0,MVRS_DomesticandForeignAutos,596,596,False,False,-2.106483325,-0.438727088,0.400166646,0.144476907
group_001,4,Vehicle_Sales/M,Vehicle_Sales,M,TIME/Vehicle_Sales/M,TIME/Vehicle_Sales/M/data-00000-of-00001.arrow,3,4,0,4,item0,MVRS_ForeignLightWeightTrucks,596,596,False,False,-4.999618200,0.165302683,0.400166646,0.144476907
group_001,4,Vehicle_Sales/M,Vehicle_Sales,M,TIME/Vehicle_Sales/M,TIME/Vehicle_Sales/M/data-00000-of-00001.arrow,4,9,0,9,item0,TotalVehicleSales,596,596,False,False,-1.940505596,-1.854278048,0.400166646,0.144476907
group_001,4,Vehicle_Sales/M,Vehicle_Sales,M,TIME/Vehicle_Sales/M,TIME/Vehicle_Sales/M/data-00000-of-00001.arrow,5,2,0,2,item0,MVRS_DomesticLightWeightTrucks,596,596,False,False,-4.167942144,0.330499771,0.400166646,0.144476907
group_001,5,current_velocity/10T,current_velocity,10T,TIME/current_velocity/10T,TIME/current_velocity/10T/data-00000-of-00001.arrow,1,43,7,1,QLD_NWSLYN_Sentinel-or-Monitor-Workhorse-ADCP-157_221101To221223,VCUR,7481,7481,False,False,-0.735361835,0.732216700,0.400166646,0.144476907
group_001,5,current_velocity/10T,current_velocity,10T,TIME/current_velocity/10T,TIME/current_velocity/10T/data-00000-of-00001.arrow,2,56,9,2,WA_WATR50_Signature55-489_210211To210407,WCUR,7885,7885,False,False,3.507859987,-0.892340677,0.400166646,0.144476907
group_001,5,current_velocity/10T,current_velocity,10T,TIME/current_velocity/10T,TIME/current_velocity/10T/data-00000-of-00001.arrow,3,40,6,4,QLD_NWSBAR_Quartermaster-Workhorse-ADCP-164.5_201007To210307,PRES_REL,21807,21807,False,False,-0.735861262,0.750609993,0.400166646,0.144476907
group_001,5,current_velocity/10T,current_velocity,10T,TIME/current_velocity/10T,TIME/current_velocity/10T/data-00000-of-00001.arrow,4,2,0,2,NRS_NRSDAR_Sentinel-or-Monitor-Workhorse-ADCP-17.5_221106To230525,WCUR,28905,28905,False,False,3.066321046,-1.028043830,0.400166646,0.144476907
group_001,5,current_velocity/10T,current_velocity,10T,TIME/current_velocity/10T,TIME/current_velocity/10T/data-00000-of-00001.arrow,5,59,9,5,WA_WATR50_Signature55-489_210211To210407,ABSIC1,7885,7885,False,False,0.089904108,-2.410926769,0.400166646,0.144476907
group_002,1,Commodity_Production/M,Commodity_Production,M,TIME/Commodity_Production/M,TIME/Commodity_Production/M/data-00000-of-00001.arrow,1,9,9,0,CrudeCottonseedOilProductionforUnitedStates_m,target,472,472,False,False,-6.454991609,3.030648767,0.359701679,0.178717801
group_002,1,Commodity_Production/M,Commodity_Production,M,TIME/Commodity_Production/M,TIME/Commodity_Production/M/data-00000-of-00001.arrow,2,13,13,0,FineWritingPaperProductionforUnitedStates_m,target,192,192,False,False,-1.437243465,-2.224952642,0.359701679,0.178717801
group_002,1,Commodity_Production/M,Commodity_Production,M,TIME/Commodity_Production/M,TIME/Commodity_Production/M/data-00000-of-00001.arrow,3,12,12,0,EvaporatedMilk_CaseGoods_ProductionforUnitedStates_m,target,456,456,False,False,-1.791468846,-0.921524114,0.359701679,0.178717801
group_002,1,Commodity_Production/M,Commodity_Production,M,TIME/Commodity_Production/M,TIME/Commodity_Production/M/data-00000-of-00001.arrow,4,23,23,0,Shortening(LardCompoundsandOtherLardSubstitutes)ProductionforUnitedStates_m,target,162,162,False,False,-5.767865648,-2.503390696,0.359701679,0.178717801
group_002,1,Commodity_Production/M,Commodity_Production,M,TIME/Commodity_Production/M,TIME/Commodity_Production/M/data-00000-of-00001.arrow,5,19,19,0,LubricantsProductionforUnitedStates_m,target,479,479,False,False,-0.165570432,-2.266705281,0.359701679,0.178717801
group_002,2,ECDC_COVID/W,ECDC_COVID,W,TIME/ECDC_COVID/W,TIME/ECDC_COVID/W/data-00000-of-00001.arrow,1,11,11,0,Netherlands,target,196,196,False,False,-1.563761126,2.654259722,0.359701679,0.178717801
group_002,2,ECDC_COVID/W,ECDC_COVID,W,TIME/ECDC_COVID/W,TIME/ECDC_COVID/W/data-00000-of-00001.arrow,2,14,14,0,Slovenia,target,160,160,False,False,0.365593066,2.190200612,0.359701679,0.178717801
group_002,2,ECDC_COVID/W,ECDC_COVID,W,TIME/ECDC_COVID/W,TIME/ECDC_COVID/W/data-00000-of-00001.arrow,3,8,8,0,Liechtenstein,target,163,163,False,False,-2.124101238,0.774071572,0.359701679,0.178717801
group_002,2,ECDC_COVID/W,ECDC_COVID,W,TIME/ECDC_COVID/W,TIME/ECDC_COVID/W/data-00000-of-00001.arrow,4,2,2,0,Bulgaria,target,188,188,False,False,1.804938502,1.539668919,0.359701679,0.178717801
group_002,2,ECDC_COVID/W,ECDC_COVID,W,TIME/ECDC_COVID/W,TIME/ECDC_COVID/W/data-00000-of-00001.arrow,5,13,13,0,Slovakia,target,160,160,False,False,0.673471366,2.326483667,0.359701679,0.178717801
group_002,3,Uncertainty_1M/M,Uncertainty_1M,M,TIME/Uncertainty_1M/M,TIME/Uncertainty_1M/M/data-00000-of-00001.arrow,1,1,0,1,item0,LMN_FinUnc_1M,780,780,False,True,1.101280387,1.336856603,0.359701679,0.178717801
group_002,3,Uncertainty_1M/M,Uncertainty_1M,M,TIME/Uncertainty_1M/M,TIME/Uncertainty_1M/M/data-00000-of-00001.arrow,2,1,0,1,item0,LMN_FinUnc_1M,780,780,False,True,1.101280387,1.336856603,0.359701679,0.178717801
group_002,3,Uncertainty_1M/M,Uncertainty_1M,M,TIME/Uncertainty_1M/M,TIME/Uncertainty_1M/M/data-00000-of-00001.arrow,3,0,0,0,item0,JLN_MacroUnc_1M,780,780,False,True,0.870199888,0.978942216,0.359701679,0.178717801
group_002,3,Uncertainty_1M/M,Uncertainty_1M,M,TIME/Uncertainty_1M/M,TIME/Uncertainty_1M/M/data-00000-of-00001.arrow,4,0,0,0,item0,JLN_MacroUnc_1M,780,780,False,True,0.870199888,0.978942216,0.359701679,0.178717801
group_002,3,Uncertainty_1M/M,Uncertainty_1M,M,TIME/Uncertainty_1M/M,TIME/Uncertainty_1M/M/data-00000-of-00001.arrow,5,1,0,1,item0,LMN_FinUnc_1M,780,780,False,True,1.101280387,1.336856603,0.359701679,0.178717801
group_002,4,Water_Quality_Darwin/15T,Water_Quality_Darwin,15T,TIME/Water_Quality_Darwin/15T,TIME/Water_Quality_Darwin/15T/data-00000-of-00001.arrow,1,19,3,1,item_3,DOX2,15334,15334,False,False,3.993154041,0.855995551,0.359701679,0.178717801
group_002,4,Water_Quality_Darwin/15T,Water_Quality_Darwin,15T,TIME/Water_Quality_Darwin/15T,TIME/Water_Quality_Darwin/15T/data-00000-of-00001.arrow,2,20,3,2,item_3,PSAL,15334,15334,False,False,4.889154550,-5.074370297,0.359701679,0.178717801
group_002,4,Water_Quality_Darwin/15T,Water_Quality_Darwin,15T,TIME/Water_Quality_Darwin/15T,TIME/Water_Quality_Darwin/15T/data-00000-of-00001.arrow,3,34,5,4,item_5,TURB,10823,10823,False,False,0.854714873,0.258812019,0.359701679,0.178717801
group_002,4,Water_Quality_Darwin/15T,Water_Quality_Darwin,15T,TIME/Water_Quality_Darwin/15T,TIME/Water_Quality_Darwin/15T/data-00000-of-00001.arrow,4,31,5,1,item_5,DOX2,10823,10823,False,False,6.965224679,0.723881393,0.359701679,0.178717801
group_002,4,Water_Quality_Darwin/15T,Water_Quality_Darwin,15T,TIME/Water_Quality_Darwin/15T,TIME/Water_Quality_Darwin/15T/data-00000-of-00001.arrow,5,28,4,4,item_4,TURB,18759,18759,False,False,0.618152201,0.042602225,0.359701679,0.178717801
group_002,5,Global_Price/Q,Global_Price,Q,TIME/Global_Price/Q,TIME/Global_Price/Q/data-00000-of-00001.arrow,1,44,0,44,item0,GlobalpriceofSoftSawnwood_AverageofSoftwoods_,142,142,False,False,-1.983534443,-3.701274481,0.359701679,0.178717801
group_002,5,Global_Price/Q,Global_Price,Q,TIME/Global_Price/Q,TIME/Global_Price/Q/data-00000-of-00001.arrow,2,32,0,32,item0,GlobalpriceofNaturalGas_USHenryHubGas,142,142,False,False,-2.696552548,-0.816736877,0.359701679,0.178717801
group_002,5,Global_Price/Q,Global_Price,Q,TIME/Global_Price/Q,TIME/Global_Price/Q/data-00000-of-00001.arrow,3,2,0,2,item0,GlobalpriceofAgr.RawMaterialIndex,142,142,False,False,-0.273538929,-1.333342898,0.359701679,0.178717801
group_002,5,Global_Price/Q,Global_Price,Q,TIME/Global_Price/Q,TIME/Global_Price/Q/data-00000-of-00001.arrow,4,17,0,17,item0,GlobalpriceofEnergyindex,142,142,False,False,-0.941457155,-0.651053194,0.359701679,0.178717801
group_002,5,Global_Price/Q,Global_Price,Q,TIME/Global_Price/Q,TIME/Global_Price/Q/data-00000-of-00001.arrow,5,20,0,20,item0,GlobalpriceofFoodandbeverageindex,142,142,False,False,-0.008558776,-0.871728208,0.359701679,0.178717801
group_003,1,current_velocity/5T,current_velocity,5T,TIME/current_velocity/5T,TIME/current_velocity/5T/data-00000-of-00001.arrow,1,3,0,3,NSW_SYD100_Sentinel-or-Monitor-Workhorse-ADCP-102.5_220718To221017,TEMP,26486,26486,False,False,-6.514780826,-2.539553666,0.366515448,0.205845243
group_003,1,current_velocity/5T,current_velocity,5T,TIME/current_velocity/5T,TIME/current_velocity/5T/data-00000-of-00001.arrow,2,0,0,0,NSW_SYD100_Sentinel-or-Monitor-Workhorse-ADCP-102.5_220718To221017,UCUR,26486,26486,False,False,-0.122469771,0.328089204,0.366515448,0.205845243
group_003,1,current_velocity/5T,current_velocity,5T,TIME/current_velocity/5T,TIME/current_velocity/5T/data-00000-of-00001.arrow,3,5,0,5,NSW_SYD100_Sentinel-or-Monitor-Workhorse-ADCP-102.5_220718To221017,ABSIC1,26486,26486,False,False,0.393887910,0.347532811,0.366515448,0.205845243
group_003,1,current_velocity/5T,current_velocity,5T,TIME/current_velocity/5T,TIME/current_velocity/5T/data-00000-of-00001.arrow,4,4,0,4,NSW_SYD100_Sentinel-or-Monitor-Workhorse-ADCP-102.5_220718To221017,PRES_REL,26486,26486,False,False,-0.415715120,3.038326913,0.366515448,0.205845243
group_003,1,current_velocity/5T,current_velocity,5T,TIME/current_velocity/5T,TIME/current_velocity/5T/data-00000-of-00001.arrow,5,1,0,1,NSW_SYD100_Sentinel-or-Monitor-Workhorse-ADCP-102.5_220718To221017,VCUR,26486,26486,False,False,-1.286259370,0.881224530,0.366515448,0.205845243
group_003,2,ECDC_COVID/D,ECDC_COVID,D,TIME/ECDC_COVID/D,TIME/ECDC_COVID/D/data-00000-of-00001.arrow,1,0,0,0,Austria,target,1186,1186,False,False,-1.710600056,2.258809404,0.366515448,0.205845243
group_003,2,ECDC_COVID/D,ECDC_COVID,D,TIME/ECDC_COVID/D,TIME/ECDC_COVID/D/data-00000-of-00001.arrow,2,7,7,0,Slovakia,target,1112,1112,False,False,-1.917748975,2.741976028,0.366515448,0.205845243
group_003,2,ECDC_COVID/D,ECDC_COVID,D,TIME/ECDC_COVID/D,TIME/ECDC_COVID/D/data-00000-of-00001.arrow,3,4,4,0,Estonia,target,1211,1211,False,False,-1.911898465,2.058564610,0.366515448,0.205845243
group_003,2,ECDC_COVID/D,ECDC_COVID,D,TIME/ECDC_COVID/D,TIME/ECDC_COVID/D/data-00000-of-00001.arrow,4,8,8,0,Slovenia,target,1117,1117,False,False,-1.974195092,2.827976898,0.366515448,0.205845243
group_003,2,ECDC_COVID/D,ECDC_COVID,D,TIME/ECDC_COVID/D,TIME/ECDC_COVID/D/data-00000-of-00001.arrow,5,3,3,0,Czechia,target,1229,1229,False,False,-1.860108257,2.279219082,0.366515448,0.205845243
group_003,3,Global_Influenza/W,Global_Influenza,W,TIME/Global_Influenza/W,TIME/Global_Influenza/W/data-00000-of-00001.arrow,1,28,7,0,Republic_of_Korea,SPEC_PROCESSED_NB,210,210,False,False,1.742006514,-3.341329122,0.366515448,0.205845243
group_003,3,Global_Influenza/W,Global_Influenza,W,TIME/Global_Influenza/W,TIME/Global_Influenza/W/data-00000-of-00001.arrow,2,35,8,3,Russian_Federation,INF_NEGATIVE,210,210,False,False,0.755647115,-0.300794671,0.366515448,0.205845243
group_003,3,Global_Influenza/W,Global_Influenza,W,TIME/Global_Influenza/W,TIME/Global_Influenza/W/data-00000-of-00001.arrow,3,2,0,2,Australia,INF_ALL,210,210,False,False,1.512803795,1.173833996,0.366515448,0.205845243
group_003,3,Global_Influenza/W,Global_Influenza,W,TIME/Global_Influenza/W,TIME/Global_Influenza/W/data-00000-of-00001.arrow,4,42,10,2,Spain,INF_ALL,210,210,False,False,1.735200683,-0.668190803,0.366515448,0.205845243
group_003,3,Global_Influenza/W,Global_Influenza,W,TIME/Global_Influenza/W,TIME/Global_Influenza/W/data-00000-of-00001.arrow,5,40,10,0,Spain,SPEC_PROCESSED_NB,210,210,False,False,-0.039836492,-0.136257901,0.366515448,0.205845243
group_003,4,Coastal_T_S/20T,Coastal_T_S,20T,TIME/Coastal_T_S/20T,TIME/Coastal_T_S/20T/data-00000-of-00001.arrow,1,2,0,2,SAMUSG,PRES_REL,8198,8198,False,True,1.486665800,1.618340963,0.366515448,0.205845243
group_003,4,Coastal_T_S/20T,Coastal_T_S,20T,TIME/Coastal_T_S/20T,TIME/Coastal_T_S/20T/data-00000-of-00001.arrow,2,2,0,2,SAMUSG,PRES_REL,8198,8198,False,True,1.486665800,1.618340963,0.366515448,0.205845243
group_003,4,Coastal_T_S/20T,Coastal_T_S,20T,TIME/Coastal_T_S/20T,TIME/Coastal_T_S/20T/data-00000-of-00001.arrow,3,1,0,1,SAMUSG,PSAL,8198,8198,False,True,-1.248149931,-0.780016381,0.366515448,0.205845243
group_003,4,Coastal_T_S/20T,Coastal_T_S,20T,TIME/Coastal_T_S/20T,TIME/Coastal_T_S/20T/data-00000-of-00001.arrow,4,0,0,0,SAMUSG,TEMP,8198,8198,False,True,-8.166101447,-4.869635985,0.366515448,0.205845243
group_003,4,Coastal_T_S/20T,Coastal_T_S,20T,TIME/Coastal_T_S/20T,TIME/Coastal_T_S/20T/data-00000-of-00001.arrow,5,2,0,2,SAMUSG,PRES_REL,8198,8198,False,True,1.486665800,1.618340963,0.366515448,0.205845243
group_003,5,SG_PM25/H,SG_PM25,H,TIME/SG_PM25/H,TIME/SG_PM25/H/data-00000-of-00001.arrow,1,2,0,2,item0,north,38688,38688,False,False,2.991709667,-1.486914598,0.366515448,0.205845243
group_003,5,SG_PM25/H,SG_PM25,H,TIME/SG_PM25/H,TIME/SG_PM25/H/data-00000-of-00001.arrow,2,0,0,0,item0,central,38688,38688,False,False,3.056780423,-1.908755229,0.366515448,0.205845243
group_003,5,SG_PM25/H,SG_PM25,H,TIME/SG_PM25/H,TIME/SG_PM25/H/data-00000-of-00001.arrow,3,3,0,3,item0,south,38688,38688,False,False,4.118616476,-2.141475262,0.366515448,0.205845243
group_003,5,SG_PM25/H,SG_PM25,H,TIME/SG_PM25/H,TIME/SG_PM25/H/data-00000-of-00001.arrow,4,4,0,4,item0,west,38688,38688,False,False,3.229643185,-2.532679717,0.366515448,0.205845243
group_003,5,SG_PM25/H,SG_PM25,H,TIME/SG_PM25/H,TIME/SG_PM25/H/data-00000-of-00001.arrow,5,1,0,1,item0,east,38688,38688,False,False,3.171570635,-2.084973031,0.366515448,0.205845243
group_004,1,Job_Claims/W,Job_Claims,W,TIME/Job_Claims/W,TIME/Job_Claims/W/data-00000-of-00001.arrow,1,0,0,0,item0,4-WeekMovingAverageofContinuedClaims(InsuredUnemployment),196,196,False,True,6.886749805,-0.456455311,0.335075332,0.183119832
group_004,1,Job_Claims/W,Job_Claims,W,TIME/Job_Claims/W,TIME/Job_Claims/W/data-00000-of-00001.arrow,2,1,0,1,item0,4-WeekMovingAverageofInitialClaims,196,196,False,True,1.470318212,1.514204681,0.335075332,0.183119832
group_004,1,Job_Claims/W,Job_Claims,W,TIME/Job_Claims/W,TIME/Job_Claims/W/data-00000-of-00001.arrow,3,1,0,1,item0,4-WeekMovingAverageofInitialClaims,196,196,False,True,1.470318212,1.514204681,0.335075332,0.183119832
group_004,1,Job_Claims/W,Job_Claims,W,TIME/Job_Claims/W,TIME/Job_Claims/W/data-00000-of-00001.arrow,4,1,0,1,item0,4-WeekMovingAverageofInitialClaims,196,196,False,True,1.470318212,1.514204681,0.335075332,0.183119832
group_004,1,Job_Claims/W,Job_Claims,W,TIME/Job_Claims/W,TIME/Job_Claims/W/data-00000-of-00001.arrow,5,1,0,1,item0,4-WeekMovingAverageofInitialClaims,196,196,False,True,1.470318212,1.514204681,0.335075332,0.183119832
group_004,2,azure2019_D/5T,azure2019_D,5T,TIME/azure2019_D/5T,TIME/azure2019_D/5T/data-00000-of-00001.arrow,1,2441,813,2,item_685,avg_cpu,8633,8633,False,False,2.719913295,-1.750535202,0.335075332,0.183119832
group_004,2,azure2019_D/5T,azure2019_D,5T,TIME/azure2019_D/5T,TIME/azure2019_D/5T/data-00000-of-00001.arrow,2,1248,416,0,item_1793,min_cpu,8635,8635,False,False,-2.122302766,-1.641913714,0.335075332,0.183119832
group_004,2,azure2019_D/5T,azure2019_D,5T,TIME/azure2019_D/5T,TIME/azure2019_D/5T/data-00000-of-00001.arrow,3,1915,638,1,item_39,max_cpu,8638,8638,False,False,-2.860881147,0.736132927,0.335075332,0.183119832
group_004,2,azure2019_D/5T,azure2019_D,5T,TIME/azure2019_D/5T,TIME/azure2019_D/5T/data-00000-of-00001.arrow,4,431,143,2,item_1275,avg_cpu,8637,8637,False,False,-1.122072784,-0.806074927,0.335075332,0.183119832
group_004,2,azure2019_D/5T,azure2019_D,5T,TIME/azure2019_D/5T,TIME/azure2019_D/5T/data-00000-of-00001.arrow,5,16,5,1,item_1007,max_cpu,8632,8632,False,False,-3.272544897,0.639521158,0.335075332,0.183119832
group_004,3,current_velocity/15T,current_velocity,15T,TIME/current_velocity/15T,TIME/current_velocity/15T/data-00000-of-00001.arrow,1,16,2,4,WA_WATR10_Aquadopp-Profiler-85_220921To221029,PRES_REL,3710,3710,False,False,0.864654232,-1.509062516,0.335075332,0.183119832
group_004,3,current_velocity/15T,current_velocity,15T,TIME/current_velocity/15T,TIME/current_velocity/15T/data-00000-of-00001.arrow,2,22,3,4,WA_WATR10_Aquadopp-Profiler-85_230226To230423,PRES_REL,5369,5369,False,False,1.607190368,-1.198243342,0.335075332,0.183119832
group_004,3,current_velocity/15T,current_velocity,15T,TIME/current_velocity/15T,TIME/current_velocity/15T/data-00000-of-00001.arrow,3,15,2,3,WA_WATR10_Aquadopp-Profiler-85_220921To221029,TEMP,3710,3710,False,False,5.858816496,-4.050830766,0.335075332,0.183119832
group_004,3,current_velocity/15T,current_velocity,15T,TIME/current_velocity/15T,TIME/current_velocity/15T/data-00000-of-00001.arrow,4,0,0,0,NRS_NRSMAI-ADCP_Sentinel-or-Monitor-Workhorse-ADCP-90_200704To210107,UCUR,17953,17953,False,False,-0.117953890,-1.096829258,0.335075332,0.183119832
group_004,3,current_velocity/15T,current_velocity,15T,TIME/current_velocity/15T,TIME/current_velocity/15T/data-00000-of-00001.arrow,5,20,3,2,WA_WATR10_Aquadopp-Profiler-85_230226To230423,WCUR,5369,5369,False,False,-4.192560047,0.161831454,0.335075332,0.183119832
group_004,4,Australia_Solar/H,Australia_Solar,H,TIME/Australia_Solar/H,TIME/Australia_Solar/H/data-00000-of-00001.arrow,1,0,0,0,item0,solar_63726,35064,35064,False,True,0.623921401,2.898207630,0.335075332,0.183119832
group_004,4,Australia_Solar/H,Australia_Solar,H,TIME/Australia_Solar/H,TIME/Australia_Solar/H/data-00000-of-00001.arrow,2,1,0,1,item0,solar_51616,35064,35064,False,True,0.619528095,2.630225358,0.335075332,0.183119832
group_004,4,Australia_Solar/H,Australia_Solar,H,TIME/Australia_Solar/H,TIME/Australia_Solar/H/data-00000-of-00001.arrow,3,1,0,1,item0,solar_51616,35064,35064,False,True,0.619528095,2.630225358,0.335075332,0.183119832
group_004,4,Australia_Solar/H,Australia_Solar,H,TIME/Australia_Solar/H,TIME/Australia_Solar/H/data-00000-of-00001.arrow,4,0,0,0,item0,solar_63726,35064,35064,False,True,0.623921401,2.898207630,0.335075332,0.183119832
group_004,4,Australia_Solar/H,Australia_Solar,H,TIME/Australia_Solar/H,TIME/Australia_Solar/H/data-00000-of-00001.arrow,5,1,0,1,item0,solar_51616,35064,35064,False,True,0.619528095,2.630225358,0.335075332,0.183119832
group_004,5,MetroPT-3/5T,MetroPT-3,5T,TIME/MetroPT-3/5T,TIME/MetroPT-3/5T/data-00000-of-00001.arrow,1,2,0,2,item0,H1,17809,17809,False,False,-2.145505256,-3.718647151,0.335075332,0.183119832
group_004,5,MetroPT-3/5T,MetroPT-3,5T,TIME/MetroPT-3/5T,TIME/MetroPT-3/5T/data-00000-of-00001.arrow,2,3,0,3,item0,DV_pressure,17809,17809,False,False,-2.045905286,-1.980372187,0.335075332,0.183119832
group_004,5,MetroPT-3/5T,MetroPT-3,5T,TIME/MetroPT-3/5T,TIME/MetroPT-3/5T/data-00000-of-00001.arrow,3,1,0,1,item0,TP3,17809,17809,False,False,-1.623685491,-2.667347978,0.335075332,0.183119832
group_004,5,MetroPT-3/5T,MetroPT-3,5T,TIME/MetroPT-3/5T,TIME/MetroPT-3/5T/data-00000-of-00001.arrow,4,5,0,5,item0,Motor_current,17809,17809,False,False,-3.805929615,0.045872205,0.335075332,0.183119832
group_004,5,MetroPT-3/5T,MetroPT-3,5T,TIME/MetroPT-3/5T,TIME/MetroPT-3/5T/data-00000-of-00001.arrow,5,0,0,0,item0,TP2,17809,17809,False,False,-3.615682949,-0.450955452,0.335075332,0.183119832
group_005,1,Coastal_T_S/15T,Coastal_T_S,15T,TIME/Coastal_T_S/15T,TIME/Coastal_T_S/15T/data-00000-of-00001.arrow,1,14,4,2,WATR20,PRES_REL,16686,16686,False,False,0.875655467,-1.531212324,0.360542135,0.137536367
group_005,1,Coastal_T_S/15T,Coastal_T_S,15T,TIME/Coastal_T_S/15T,TIME/Coastal_T_S/15T/data-00000-of-00001.arrow,2,13,4,1,WATR20,PSAL,16686,16686,False,False,1.344489889,-1.495060952,0.360542135,0.137536367
group_005,1,Coastal_T_S/15T,Coastal_T_S,15T,TIME/Coastal_T_S/15T,TIME/Coastal_T_S/15T/data-00000-of-00001.arrow,3,0,0,0,NRSMAI,TEMP,21971,21971,False,False,-1.462076285,0.981968515,0.360542135,0.137536367
group_005,1,Coastal_T_S/15T,Coastal_T_S,15T,TIME/Coastal_T_S/15T,TIME/Coastal_T_S/15T/data-00000-of-00001.arrow,4,12,4,0,WATR20,TEMP,16686,16686,False,False,1.970366990,-0.951273345,0.360542135,0.137536367
group_005,1,Coastal_T_S/15T,Coastal_T_S,15T,TIME/Coastal_T_S/15T,TIME/Coastal_T_S/15T/data-00000-of-00001.arrow,5,2,0,2,NRSMAI,PRES_REL,21971,21971,False,False,-5.233872608,4.505695068,0.360542135,0.137536367
group_005,2,Housing_Inventory/M,Housing_Inventory,M,TIME/Housing_Inventory/M,TIME/Housing_Inventory/M/data-00000-of-00001.arrow,1,2,0,2,item0,MEDLISPRIUS,114,114,False,True,0.314298524,2.608940178,0.360542135,0.137536367
group_005,2,Housing_Inventory/M,Housing_Inventory,M,TIME/Housing_Inventory/M,TIME/Housing_Inventory/M/data-00000-of-00001.arrow,2,3,0,3,item0,MEDSQUFEEUS,114,114,False,True,-1.469211878,1.347042172,0.360542135,0.137536367
group_005,2,Housing_Inventory/M,Housing_Inventory,M,TIME/Housing_Inventory/M,TIME/Housing_Inventory/M/data-00000-of-00001.arrow,3,1,0,1,item0,MEDDAYONMARUS,114,114,False,True,-3.175134891,0.385937714,0.360542135,0.137536367
group_005,2,Housing_Inventory/M,Housing_Inventory,M,TIME/Housing_Inventory/M,TIME/Housing_Inventory/M/data-00000-of-00001.arrow,4,1,0,1,item0,MEDDAYONMARUS,114,114,False,True,-3.175134891,0.385937714,0.360542135,0.137536367
group_005,2,Housing_Inventory/M,Housing_Inventory,M,TIME/Housing_Inventory/M,TIME/Housing_Inventory/M/data-00000-of-00001.arrow,5,1,0,1,item0,MEDDAYONMARUS,114,114,False,True,-3.175134891,0.385937714,0.360542135,0.137536367
group_005,3,EWELD_Load/15T,EWELD_Load,15T,TIME/EWELD_Load/15T,TIME/EWELD_Load/15T/data-00000-of-00001.arrow,1,2,0,2,item0,User_U62,20544,20544,False,False,-1.189946142,-2.138240181,0.360542135,0.137536367
group_005,3,EWELD_Load/15T,EWELD_Load,15T,TIME/EWELD_Load/15T,TIME/EWELD_Load/15T/data-00000-of-00001.arrow,2,4,0,4,item0,User_U142,20544,20544,False,False,-0.016116925,-1.536751558,0.360542135,0.137536367
group_005,3,EWELD_Load/15T,EWELD_Load,15T,TIME/EWELD_Load/15T,TIME/EWELD_Load/15T/data-00000-of-00001.arrow,3,5,0,5,item0,User_U143,20544,20544,False,False,-2.437679623,-0.581936930,0.360542135,0.137536367
group_005,3,EWELD_Load/15T,EWELD_Load,15T,TIME/EWELD_Load/15T,TIME/EWELD_Load/15T/data-00000-of-00001.arrow,4,6,0,6,item0,User_U148,20544,20544,False,False,-0.946091761,-1.700333382,0.360542135,0.137536367
group_005,3,EWELD_Load/15T,EWELD_Load,15T,TIME/EWELD_Load/15T,TIME/EWELD_Load/15T/data-00000-of-00001.arrow,5,3,0,3,item0,User_U74,20544,20544,False,False,-0.032040076,-2.116980203,0.360542135,0.137536367
group_005,4,Coastal_T_S/5T,Coastal_T_S,5T,TIME/Coastal_T_S/5T,TIME/Coastal_T_S/5T/data-00000-of-00001.arrow,1,45,15,0,SAM8SG,TEMP,47326,47326,False,False,5.104655293,1.108799930,0.360542135,0.137536367
group_005,4,Coastal_T_S/5T,Coastal_T_S,5T,TIME/Coastal_T_S/5T,TIME/Coastal_T_S/5T/data-00000-of-00001.arrow,2,31,10,1,NWSLYN,PSAL,57944,50000,True,False,2.559990723,1.877024579,0.360542135,0.137536367
group_005,4,Coastal_T_S/5T,Coastal_T_S,5T,TIME/Coastal_T_S/5T,TIME/Coastal_T_S/5T/data-00000-of-00001.arrow,3,14,4,2,GBRMYR,PRES_REL,81445,50000,True,False,5.292831735,1.121260898,0.360542135,0.137536367
group_005,4,Coastal_T_S/5T,Coastal_T_S,5T,TIME/Coastal_T_S/5T,TIME/Coastal_T_S/5T/data-00000-of-00001.arrow,4,43,14,1,SAM5CB,PSAL,66261,50000,True,False,6.997254827,2.051437330,0.360542135,0.137536367
group_005,4,Coastal_T_S/5T,Coastal_T_S,5T,TIME/Coastal_T_S/5T,TIME/Coastal_T_S/5T/data-00000-of-00001.arrow,5,41,13,2,PH100,PRES_REL,105408,50000,True,False,-2.825456713,1.601672024,0.360542135,0.137536367
group_005,5,NE_China_Wind/H,NE_China_Wind,H,TIME/NE_China_Wind/H,TIME/NE_China_Wind/H/data-00000-of-00001.arrow,1,1,0,1,item0,v component,8764,8764,False,True,0.101426947,-1.734087438,0.360542135,0.137536367
group_005,5,NE_China_Wind/H,NE_China_Wind,H,TIME/NE_China_Wind/H,TIME/NE_China_Wind/H/data-00000-of-00001.arrow,2,0,0,0,item0,u component,8764,8764,False,True,-0.425158937,-1.732486634,0.360542135,0.137536367
group_005,5,NE_China_Wind/H,NE_China_Wind,H,TIME/NE_China_Wind/H,TIME/NE_China_Wind/H/data-00000-of-00001.arrow,3,0,0,0,item0,u component,8764,8764,False,True,-0.425158937,-1.732486634,0.360542135,0.137536367
group_005,5,NE_China_Wind/H,NE_China_Wind,H,TIME/NE_China_Wind/H,TIME/NE_China_Wind/H/data-00000-of-00001.arrow,4,0,0,0,item0,u component,8764,8764,False,True,-0.425158937,-1.732486634,0.360542135,0.137536367
group_005,5,NE_China_Wind/H,NE_China_Wind,H,TIME/NE_China_Wind/H,TIME/NE_China_Wind/H/data-00000-of-00001.arrow,5,3,0,3,item0,temperature,8764,8764,False,True,1.852403099,0.621682381,0.360542135,0.137536367
group_006,1,Commodity_Import/M,Commodity_Import,M,TIME/Commodity_Import/M,TIME/Commodity_Import/M/data-00000-of-00001.arrow,1,1,1,0,CoffeeImportsforUnitedStates_m,target,894,894,False,False,-0.993993799,2.016308666,0.377035549,0.148220711
group_006,1,Commodity_Import/M,Commodity_Import,M,TIME/Commodity_Import/M,TIME/Commodity_Import/M/data-00000-of-00001.arrow,2,0,0,0,BananaImportsforUnitedStates_m,target,408,408,False,False,-2.374154300,1.897073645,0.377035549,0.148220711
group_006,1,Commodity_Import/M,Commodity_Import,M,TIME/Commodity_Import/M,TIME/Commodity_Import/M/data-00000-of-00001.arrow,3,4,4,0,RawSilkImportsforUnitedStates_m,target,254,254,False,False,-2.521238634,1.898898647,0.377035549,0.148220711
group_006,1,Commodity_Import/M,Commodity_Import,M,TIME/Commodity_Import/M,TIME/Commodity_Import/M/data-00000-of-00001.arrow,4,3,3,0,RawCattleHidesImportsforUnitedStates_m,target,432,432,False,False,-1.484848140,-1.227281116,0.377035549,0.148220711
group_006,1,Commodity_Import/M,Commodity_Import,M,TIME/Commodity_Import/M,TIME/Commodity_Import/M/data-00000-of-00001.arrow,5,7,7,0,TotalImportsforUnitedStates_m,target,1240,1240,False,False,1.189048837,1.395312658,0.377035549,0.148220711
group_006,2,SG_Carpark/15T,SG_Carpark,15T,TIME/SG_Carpark/15T,TIME/SG_Carpark/15T/data-00000-of-00001.arrow,1,240,240,0,B92,target,14495,14495,False,False,0.530058280,-0.011287006,0.377035549,0.148220711
group_006,2,SG_Carpark/15T,SG_Carpark,15T,TIME/SG_Carpark/15T,TIME/SG_Carpark/15T/data-00000-of-00001.arrow,2,35,35,0,SE53,target,14495,14495,False,False,0.306839027,1.242933323,0.377035549,0.148220711
group_006,2,SG_Carpark/15T,SG_Carpark,15T,TIME/SG_Carpark/15T,TIME/SG_Carpark/15T/data-00000-of-00001.arrow,3,60,60,0,AM22,target,14495,14495,False,False,4.639296063,6.116156713,0.377035549,0.148220711
group_006,2,SG_Carpark/15T,SG_Carpark,15T,TIME/SG_Carpark/15T,TIME/SG_Carpark/15T/data-00000-of-00001.arrow,4,73,73,0,J76M,target,14495,14495,False,False,1.231015382,-2.438868159,0.377035549,0.148220711
group_006,2,SG_Carpark/15T,SG_Carpark,15T,TIME/SG_Carpark/15T,TIME/SG_Carpark/15T/data-00000-of-00001.arrow,5,26,26,0,U29,target,14495,14495,False,False,1.002509796,0.821463069,0.377035549,0.148220711
group_006,3,Oil_Price/B,Oil_Price,B,TIME/Oil_Price/B,TIME/Oil_Price/B/data-00000-of-00001.arrow,1,3,0,3,item0,ULSN2DFP_NewYorkHarbor,5035,5035,False,False,3.531517163,-0.399825306,0.377035549,0.148220711
group_006,3,Oil_Price/B,Oil_Price,B,TIME/Oil_Price/B,TIME/Oil_Price/B/data-00000-of-00001.arrow,2,5,0,5,item0,CGP_NewYorkHarbor_Regular,5035,5035,False,False,3.718065996,-1.779725250,0.377035549,0.148220711
group_006,3,Oil_Price/B,Oil_Price,B,TIME/Oil_Price/B,TIME/Oil_Price/B/data-00000-of-00001.arrow,3,2,0,2,item0,ULSN2DFP_LosAngeles,5035,5035,False,False,3.320393309,-0.974925092,0.377035549,0.148220711
group_006,3,Oil_Price/B,Oil_Price,B,TIME/Oil_Price/B,TIME/Oil_Price/B/data-00000-of-00001.arrow,4,1,0,1,item0,COP_WestTexasIntermediate(WTI)-Cushing_Oklahoma,5035,5035,False,False,2.803207078,-1.128519044,0.377035549,0.148220711
group_006,3,Oil_Price/B,Oil_Price,B,TIME/Oil_Price/B,TIME/Oil_Price/B/data-00000-of-00001.arrow,5,10,0,10,item0,PP_MontBelvieu_Texas,5035,5035,False,False,3.788406610,-1.206913899,0.377035549,0.148220711
group_006,4,azure2019_I/5T,azure2019_I,5T,TIME/azure2019_I/5T,TIME/azure2019_I/5T/data-00000-of-00001.arrow,1,648,216,0,item_1746,min_cpu,8634,8634,False,False,-2.782457921,1.071248055,0.377035549,0.148220711
group_006,4,azure2019_I/5T,azure2019_I,5T,TIME/azure2019_I/5T,TIME/azure2019_I/5T/data-00000-of-00001.arrow,2,766,255,1,item_1896,max_cpu,8637,8637,False,False,-6.234140310,-1.666147606,0.377035549,0.148220711
group_006,4,azure2019_I/5T,azure2019_I,5T,TIME/azure2019_I/5T,TIME/azure2019_I/5T/data-00000-of-00001.arrow,3,1154,384,2,item_569,avg_cpu,8639,8639,False,False,-5.013061336,0.565016423,0.377035549,0.148220711
group_006,4,azure2019_I/5T,azure2019_I,5T,TIME/azure2019_I/5T,TIME/azure2019_I/5T/data-00000-of-00001.arrow,4,365,121,2,item_1410,avg_cpu,8635,8635,False,False,-2.874255007,0.962481897,0.377035549,0.148220711
group_006,4,azure2019_I/5T,azure2019_I,5T,TIME/azure2019_I/5T,TIME/azure2019_I/5T/data-00000-of-00001.arrow,5,247,82,1,item_1274,max_cpu,8633,8633,False,False,-4.977877194,-0.535797177,0.377035549,0.148220711
group_006,5,Finland_Traffic/15T,Finland_Traffic,15T,TIME/Finland_Traffic/15T,TIME/Finland_Traffic/15T/data-00000-of-00001.arrow,1,0,0,0,volume,target,35136,35136,False,True,0.639133820,-1.323520688,0.377035549,0.148220711
group_006,5,Finland_Traffic/15T,Finland_Traffic,15T,TIME/Finland_Traffic/15T,TIME/Finland_Traffic/15T/data-00000-of-00001.arrow,2,0,0,0,volume,target,35136,35136,False,True,0.639133820,-1.323520688,0.377035549,0.148220711
group_006,5,Finland_Traffic/15T,Finland_Traffic,15T,TIME/Finland_Traffic/15T,TIME/Finland_Traffic/15T/data-00000-of-00001.arrow,3,0,0,0,volume,target,35136,35136,False,True,0.639133820,-1.323520688,0.377035549,0.148220711
group_006,5,Finland_Traffic/15T,Finland_Traffic,15T,TIME/Finland_Traffic/15T,TIME/Finland_Traffic/15T/data-00000-of-00001.arrow,4,0,0,0,volume,target,35136,35136,False,True,0.639133820,-1.323520688,0.377035549,0.148220711
group_006,5,Finland_Traffic/15T,Finland_Traffic,15T,TIME/Finland_Traffic/15T,TIME/Finland_Traffic/15T/data-00000-of-00001.arrow,5,0,0,0,volume,target,35136,35136,False,True,0.639133820,-1.323520688,0.377035549,0.148220711
group_007,1,azure2019_U/5T,azure2019_U,5T,TIME/azure2019_U/5T,TIME/azure2019_U/5T/data-00000-of-00001.arrow,1,57,19,0,item_1477,min_cpu,1094,1094,False,False,3.248883070,-0.725619797,0.446268866,0.118517086
group_007,1,azure2019_U/5T,azure2019_U,5T,TIME/azure2019_U/5T,TIME/azure2019_U/5T/data-00000-of-00001.arrow,2,194,64,2,item_689,avg_cpu,1684,1684,False,False,0.741407348,-1.742660456,0.446268866,0.118517086
group_007,1,azure2019_U/5T,azure2019_U,5T,TIME/azure2019_U/5T,TIME/azure2019_U/5T/data-00000-of-00001.arrow,3,67,22,1,item_1499,max_cpu,1701,1701,False,False,2.567566058,0.244530158,0.446268866,0.118517086
group_007,1,azure2019_U/5T,azure2019_U,5T,TIME/azure2019_U/5T,TIME/azure2019_U/5T/data-00000-of-00001.arrow,4,182,60,2,item_644,avg_cpu,1658,1658,False,False,3.842087781,0.751282900,0.446268866,0.118517086
group_007,1,azure2019_U/5T,azure2019_U,5T,TIME/azure2019_U/5T,TIME/azure2019_U/5T/data-00000-of-00001.arrow,5,171,57,0,item_492,min_cpu,921,921,False,False,2.108062025,1.167339290,0.446268866,0.118517086
group_007,2,OpenElectricity_NEM/5T,OpenElectricity_NEM,5T,TIME/OpenElectricity_NEM/5T,TIME/OpenElectricity_NEM/5T/data-00000-of-00001.arrow,1,4,0,4,item0,demand__VIC1,43488,43488,False,False,-5.048979795,0.574556502,0.446268866,0.118517086
group_007,2,OpenElectricity_NEM/5T,OpenElectricity_NEM,5T,TIME/OpenElectricity_NEM/5T,TIME/OpenElectricity_NEM/5T/data-00000-of-00001.arrow,2,8,0,8,item0,price__TAS1,43488,43488,False,False,-4.046763185,2.000322407,0.446268866,0.118517086
group_007,2,OpenElectricity_NEM/5T,OpenElectricity_NEM,5T,TIME/OpenElectricity_NEM/5T,TIME/OpenElectricity_NEM/5T/data-00000-of-00001.arrow,3,3,0,3,item0,demand__TAS1,43488,43488,False,False,-4.523348059,-0.587464101,0.446268866,0.118517086
group_007,2,OpenElectricity_NEM/5T,OpenElectricity_NEM,5T,TIME/OpenElectricity_NEM/5T,TIME/OpenElectricity_NEM/5T/data-00000-of-00001.arrow,4,1,0,1,item0,demand__QLD1,43488,43488,False,False,-5.607671944,2.651150176,0.446268866,0.118517086
group_007,2,OpenElectricity_NEM/5T,OpenElectricity_NEM,5T,TIME/OpenElectricity_NEM/5T,TIME/OpenElectricity_NEM/5T/data-00000-of-00001.arrow,5,7,0,7,item0,price__SA1,43488,43488,False,False,-3.762290958,0.233545520,0.446268866,0.118517086
group_007,3,SG_Weather/D,SG_Weather,D,TIME/SG_Weather/D,TIME/SG_Weather/D/data-00000-of-00001.arrow,1,2,0,2,S104,wind_speed,2953,2953,False,False,-0.885934072,-1.833853426,0.446268866,0.118517086
group_007,3,SG_Weather/D,SG_Weather,D,TIME/SG_Weather/D,TIME/SG_Weather/D/data-00000-of-00001.arrow,2,22,5,2,S50,wind_speed,2953,2953,False,False,-0.276528306,-0.567837287,0.446268866,0.118517086
group_007,3,SG_Weather/D,SG_Weather,D,TIME/SG_Weather/D,TIME/SG_Weather/D/data-00000-of-00001.arrow,3,8,2,0,S115,humidity,2953,2953,False,False,0.912839542,-1.557263370,0.446268866,0.118517086
group_007,3,SG_Weather/D,SG_Weather,D,TIME/SG_Weather/D,TIME/SG_Weather/D/data-00000-of-00001.arrow,4,11,2,3,S115,wind_direction,2953,2953,False,False,0.326614448,-2.247939024,0.446268866,0.118517086
group_007,3,SG_Weather/D,SG_Weather,D,TIME/SG_Weather/D,TIME/SG_Weather/D/data-00000-of-00001.arrow,5,18,4,2,S43,wind_speed,2953,2953,False,False,-0.503469577,-1.242813467,0.446268866,0.118517086
group_007,4,Auto_Production_SF/M,Auto_Production_SF,M,TIME/Auto_Production_SF/M,TIME/Auto_Production_SF/M/data-00000-of-00001.arrow,1,0,0,0,RSF_AutoProduction,target,367,367,False,True,3.967254822,1.026230544,0.446268866,0.118517086
group_007,4,Auto_Production_SF/M,Auto_Production_SF,M,TIME/Auto_Production_SF/M,TIME/Auto_Production_SF/M/data-00000-of-00001.arrow,2,0,0,0,RSF_AutoProduction,target,367,367,False,True,3.967254822,1.026230544,0.446268866,0.118517086
group_007,4,Auto_Production_SF/M,Auto_Production_SF,M,TIME/Auto_Production_SF/M,TIME/Auto_Production_SF/M/data-00000-of-00001.arrow,3,0,0,0,RSF_AutoProduction,target,367,367,False,True,3.967254822,1.026230544,0.446268866,0.118517086
group_007,4,Auto_Production_SF/M,Auto_Production_SF,M,TIME/Auto_Production_SF/M,TIME/Auto_Production_SF/M/data-00000-of-00001.arrow,4,0,0,0,RSF_AutoProduction,target,367,367,False,True,3.967254822,1.026230544,0.446268866,0.118517086
group_007,4,Auto_Production_SF/M,Auto_Production_SF,M,TIME/Auto_Production_SF/M,TIME/Auto_Production_SF/M/data-00000-of-00001.arrow,5,0,0,0,RSF_AutoProduction,target,367,367,False,True,3.967254822,1.026230544,0.446268866,0.118517086
group_007,5,Vehicle_Supply/M,Vehicle_Supply,M,TIME/Vehicle_Supply/M,TIME/Vehicle_Supply/M/data-00000-of-00001.arrow,1,3,0,3,item0,CanadianAutoImports,391,391,False,False,-0.865737423,1.762528390,0.446268866,0.118517086
group_007,5,Vehicle_Supply/M,Vehicle_Supply,M,TIME/Vehicle_Supply/M,TIME/Vehicle_Supply/M/data-00000-of-00001.arrow,2,0,0,0,item0,AutoInventory/SalesRatio,391,391,False,False,-1.670350737,1.311672215,0.446268866,0.118517086
group_007,5,Vehicle_Supply/M,Vehicle_Supply,M,TIME/Vehicle_Supply/M,TIME/Vehicle_Supply/M/data-00000-of-00001.arrow,3,5,0,5,item0,MexicanAutoImports,391,391,False,False,-1.641548931,-2.684323980,0.446268866,0.118517086
group_007,5,Vehicle_Supply/M,Vehicle_Supply,M,TIME/Vehicle_Supply/M,TIME/Vehicle_Supply/M/data-00000-of-00001.arrow,4,1,0,1,item0,AutoExports,391,391,False,False,-1.292992811,-4.001264279,0.446268866,0.118517086
group_007,5,Vehicle_Supply/M,Vehicle_Supply,M,TIME/Vehicle_Supply/M,TIME/Vehicle_Supply/M/data-00000-of-00001.arrow,5,4,0,4,item0,DomesticAutoProduction,391,391,False,False,-3.458118584,1.362958914,0.446268866,0.118517086
group_008,1,WUI_Global/Q,WUI_Global,Q,TIME/WUI_Global/Q,TIME/WUI_Global/Q/data-00000-of-00001.arrow,1,8,0,8,item0,WUI_India,294,294,False,False,2.261091153,-0.566336466,0.473210502,0.135057872
group_008,1,WUI_Global/Q,WUI_Global,Q,TIME/WUI_Global/Q,TIME/WUI_Global/Q/data-00000-of-00001.arrow,2,9,0,9,item0,WUI_United_Kingdom,294,294,False,False,-1.038292385,-2.144908319,0.473210502,0.135057872
group_008,1,WUI_Global/Q,WUI_Global,Q,TIME/WUI_Global/Q,TIME/WUI_Global/Q/data-00000-of-00001.arrow,3,3,0,3,item0,WUI_Turkey,294,294,False,False,-0.242369280,-3.211347962,0.473210502,0.135057872
group_008,1,WUI_Global/Q,WUI_Global,Q,TIME/WUI_Global/Q,TIME/WUI_Global/Q/data-00000-of-00001.arrow,4,10,0,10,item0,WUI_Germany,294,294,False,False,-0.234638387,-1.499241473,0.473210502,0.135057872
group_008,1,WUI_Global/Q,WUI_Global,Q,TIME/WUI_Global/Q,TIME/WUI_Global/Q/data-00000-of-00001.arrow,5,11,0,11,item0,WUI_Canada,294,294,False,False,1.072683462,-1.841625241,0.473210502,0.135057872
group_008,2,CPHL/H,CPHL,H,TIME/CPHL/H,TIME/CPHL/H/data-00000-of-00001.arrow,1,2,2,0,TAN100,target,8783,8783,False,True,-5.918298776,1.357305013,0.473210502,0.135057872
group_008,2,CPHL/H,CPHL,H,TIME/CPHL/H,TIME/CPHL/H/data-00000-of-00001.arrow,2,3,3,0,WATR20,target,2490,2490,False,True,-5.565892921,-0.748079938,0.473210502,0.135057872
group_008,2,CPHL/H,CPHL,H,TIME/CPHL/H,TIME/CPHL/H/data-00000-of-00001.arrow,3,3,3,0,WATR20,target,2490,2490,False,True,-5.565892921,-0.748079938,0.473210502,0.135057872
group_008,2,CPHL/H,CPHL,H,TIME/CPHL/H,TIME/CPHL/H/data-00000-of-00001.arrow,4,2,2,0,TAN100,target,8783,8783,False,True,-5.918298776,1.357305013,0.473210502,0.135057872
group_008,2,CPHL/H,CPHL,H,TIME/CPHL/H,TIME/CPHL/H/data-00000-of-00001.arrow,5,1,1,0,NRSROT,target,2708,2708,False,True,-7.540697787,1.625923091,0.473210502,0.135057872
group_008,3,Supply_Chain_Customer/D,Supply_Chain_Customer,D,TIME/Supply_Chain_Customer/D,TIME/Supply_Chain_Customer/D/data-00000-of-00001.arrow,1,11,0,11,item0,Costco_TotalRevenue,2007,2007,False,False,2.239837091,1.555913197,0.473210502,0.135057872
group_008,3,Supply_Chain_Customer/D,Supply_Chain_Customer,D,TIME/Supply_Chain_Customer/D,TIME/Supply_Chain_Customer/D/data-00000-of-00001.arrow,2,1,0,1,item0,Amazon_NumberOfPieces,2007,2007,False,False,1.535710354,2.233520530,0.473210502,0.135057872
group_008,3,Supply_Chain_Customer/D,Supply_Chain_Customer,D,TIME/Supply_Chain_Customer/D,TIME/Supply_Chain_Customer/D/data-00000-of-00001.arrow,3,9,0,9,item0,Costco_OrderCount,2007,2007,False,False,2.169237980,1.589127033,0.473210502,0.135057872
group_008,3,Supply_Chain_Customer/D,Supply_Chain_Customer,D,TIME/Supply_Chain_Customer/D,TIME/Supply_Chain_Customer/D/data-00000-of-00001.arrow,4,0,0,0,item0,Amazon_OrderCount,2007,2007,False,False,1.403793797,2.306675119,0.473210502,0.135057872
group_008,3,Supply_Chain_Customer/D,Supply_Chain_Customer,D,TIME/Supply_Chain_Customer/D,TIME/Supply_Chain_Customer/D/data-00000-of-00001.arrow,5,32,0,32,item0,Target_TotalRevenue,2007,2007,False,False,2.357705713,1.476298652,0.473210502,0.135057872
group_008,4,Supply_Chain_Location/D,Supply_Chain_Location,D,TIME/Supply_Chain_Location/D,TIME/Supply_Chain_Location/D/data-00000-of-00001.arrow,1,41,0,41,item0,San_Diego_TotalRevenue,2007,2007,False,False,2.414033912,1.323956221,0.473210502,0.135057872
group_008,4,Supply_Chain_Location/D,Supply_Chain_Location,D,TIME/Supply_Chain_Location/D,TIME/Supply_Chain_Location/D/data-00000-of-00001.arrow,2,23,0,23,item0,Miami_TotalRevenue,2007,2007,False,False,2.709125914,1.194646437,0.473210502,0.135057872
group_008,4,Supply_Chain_Location/D,Supply_Chain_Location,D,TIME/Supply_Chain_Location/D,TIME/Supply_Chain_Location/D/data-00000-of-00001.arrow,3,4,0,4,item0,Birmingham_NumberOfPieces,2007,2007,False,False,2.445291100,1.359897243,0.473210502,0.135057872
group_008,4,Supply_Chain_Location/D,Supply_Chain_Location,D,TIME/Supply_Chain_Location/D,TIME/Supply_Chain_Location/D/data-00000-of-00001.arrow,4,36,0,36,item0,Sacramento_OrderCount,2007,2007,False,False,2.122424120,1.641728056,0.473210502,0.135057872
group_008,4,Supply_Chain_Location/D,Supply_Chain_Location,D,TIME/Supply_Chain_Location/D,TIME/Supply_Chain_Location/D/data-00000-of-00001.arrow,5,46,0,46,item0,Seattle_NumberOfPieces,2007,2007,False,False,2.738156499,0.466147991,0.473210502,0.135057872
group_008,5,Port_Activity/W,Port_Activity,W,TIME/Port_Activity/W,TIME/Port_Activity/W/data-00000-of-00001.arrow,1,108,54,0,port434_resampled,import,304,304,False,False,2.155787865,-2.095866701,0.473210502,0.135057872
group_008,5,Port_Activity/W,Port_Activity,W,TIME/Port_Activity/W,TIME/Port_Activity/W/data-00000-of-00001.arrow,2,151,75,1,port67_resampled,export,304,304,False,False,1.770977069,-0.256644689,0.473210502,0.135057872
group_008,5,Port_Activity/W,Port_Activity,W,TIME/Port_Activity/W,TIME/Port_Activity/W/data-00000-of-00001.arrow,3,88,44,0,port310_resampled,import,304,304,False,False,2.276032617,-2.376465855,0.473210502,0.135057872
group_008,5,Port_Activity/W,Port_Activity,W,TIME/Port_Activity/W,TIME/Port_Activity/W/data-00000-of-00001.arrow,4,16,8,0,port1112_resampled,import,304,304,False,False,-0.100069704,-0.886700717,0.473210502,0.135057872
group_008,5,Port_Activity/W,Port_Activity,W,TIME/Port_Activity/W,TIME/Port_Activity/W/data-00000-of-00001.arrow,5,67,33,1,port2025_resampled,export,304,304,False,False,0.452562291,-3.113146302,0.473210502,0.135057872
group_009,1,Crypto/D,Crypto,D,TIME/Crypto/D,TIME/Crypto/D/data-00000-of-00001.arrow,1,3,0,3,cryptocurrencies_d,Litecoin,2842,2842,False,True,0.536247174,2.595512077,0.503003996,0.165907296
group_009,1,Crypto/D,Crypto,D,TIME/Crypto/D,TIME/Crypto/D/data-00000-of-00001.arrow,2,2,0,2,cryptocurrencies_d,Ethereum,2842,2842,False,True,2.096172660,2.213377427,0.503003996,0.165907296
group_009,1,Crypto/D,Crypto,D,TIME/Crypto/D,TIME/Crypto/D/data-00000-of-00001.arrow,3,0,0,0,cryptocurrencies_d,BitcoinCash,2842,2842,False,True,0.691085861,1.002523724,0.503003996,0.165907296
group_009,1,Crypto/D,Crypto,D,TIME/Crypto/D,TIME/Crypto/D/data-00000-of-00001.arrow,4,3,0,3,cryptocurrencies_d,Litecoin,2842,2842,False,True,0.536247174,2.595512077,0.503003996,0.165907296
group_009,1,Crypto/D,Crypto,D,TIME/Crypto/D,TIME/Crypto/D/data-00000-of-00001.arrow,5,3,0,3,cryptocurrencies_d,Litecoin,2842,2842,False,True,0.536247174,2.595512077,0.503003996,0.165907296
group_009,2,US_Term_Structure/B,US_Term_Structure,B,TIME/US_Term_Structure/B,TIME/US_Term_Structure/B/data-00000-of-00001.arrow,1,33,0,33,item0,TermPrem_3Y,9326,9326,False,False,4.266239565,-0.450400766,0.503003996,0.165907296
group_009,2,US_Term_Structure/B,US_Term_Structure,B,TIME/US_Term_Structure/B,TIME/US_Term_Structure/B/data-00000-of-00001.arrow,2,6,0,6,item0,FwdRate_Fitted_6Y,9326,9326,False,False,5.465902376,-2.235350690,0.503003996,0.165907296
group_009,2,US_Term_Structure/B,US_Term_Structure,B,TIME/US_Term_Structure/B,TIME/US_Term_Structure/B/data-00000-of-00001.arrow,3,21,0,21,item0,Yield_Fitted_10Y,9326,9326,False,False,5.549651507,-2.412427798,0.503003996,0.165907296
group_009,2,US_Term_Structure/B,US_Term_Structure,B,TIME/US_Term_Structure/B,TIME/US_Term_Structure/B/data-00000-of-00001.arrow,4,5,0,5,item0,FwdRate_Fitted_5Y,9326,9326,False,False,5.504460739,-2.259037557,0.503003996,0.165907296
group_009,2,US_Term_Structure/B,US_Term_Structure,B,TIME/US_Term_Structure/B,TIME/US_Term_Structure/B/data-00000-of-00001.arrow,5,7,0,7,item0,FwdRate_Fitted_7Y,9326,9326,False,False,5.826383110,-2.519218792,0.503003996,0.165907296
group_009,3,US_Labor/M,US_Labor,M,TIME/US_Labor/M,TIME/US_Labor/M/data-00000-of-00001.arrow,1,12,0,12,item0,LaborForceFlowsUnemployedtoEmployed,380,380,False,False,-4.038717588,-1.236100663,0.503003996,0.165907296
group_009,3,US_Labor/M,US_Labor,M,TIME/US_Labor/M,TIME/US_Labor/M/data-00000-of-00001.arrow,2,10,0,10,item0,AverageWeeksUnemployed,380,380,False,False,-0.044909842,3.226107409,0.503003996,0.165907296
group_009,3,US_Labor/M,US_Labor,M,TIME/US_Labor/M,TIME/US_Labor/M/data-00000-of-00001.arrow,3,11,0,11,item0,NewEntrantsasaPercentofTotalUnemployed,380,380,False,False,-3.048641647,-0.184586786,0.503003996,0.165907296
group_009,3,US_Labor/M,US_Labor,M,TIME/US_Labor/M,TIME/US_Labor/M/data-00000-of-00001.arrow,4,2,0,2,item0,LaborForceParticipationRate-Men,380,380,False,False,1.106269446,-0.145856344,0.503003996,0.165907296
group_009,3,US_Labor/M,US_Labor,M,TIME/US_Labor/M,TIME/US_Labor/M/data-00000-of-00001.arrow,5,3,0,3,item0,LaborForceParticipationRate-Women,380,380,False,False,0.187334990,0.251195405,0.503003996,0.165907296
group_009,4,Smart_Manufacturing/H,Smart_Manufacturing,H,TIME/Smart_Manufacturing/H,TIME/Smart_Manufacturing/H/data-00000-of-00001.arrow,1,161,32,1,machine_8,vibration,1666,1666,False,False,-4.255538750,-2.089618202,0.503003996,0.165907296
group_009,4,Smart_Manufacturing/H,Smart_Manufacturing,H,TIME/Smart_Manufacturing/H,TIME/Smart_Manufacturing/H/data-00000-of-00001.arrow,2,134,26,4,machine_46,energy_consumption,1661,1661,False,False,-4.492446066,-1.787315347,0.503003996,0.165907296
group_009,4,Smart_Manufacturing/H,Smart_Manufacturing,H,TIME/Smart_Manufacturing/H,TIME/Smart_Manufacturing/H/data-00000-of-00001.arrow,3,141,28,1,machine_48,vibration,1665,1665,False,False,-4.242820766,-2.069556544,0.503003996,0.165907296
group_009,4,Smart_Manufacturing/H,Smart_Manufacturing,H,TIME/Smart_Manufacturing/H,TIME/Smart_Manufacturing/H/data-00000-of-00001.arrow,4,43,8,3,machine_22,pressure,1667,1667,False,False,-4.709578548,-2.616281954,0.503003996,0.165907296
group_009,4,Smart_Manufacturing/H,Smart_Manufacturing,H,TIME/Smart_Manufacturing/H,TIME/Smart_Manufacturing/H/data-00000-of-00001.arrow,5,16,3,1,machine_17,vibration,1664,1664,False,False,-4.543130615,-1.342587866,0.503003996,0.165907296
group_009,5,CPHL/15T,CPHL,15T,TIME/CPHL/15T,TIME/CPHL/15T/data-00000-of-00001.arrow,1,1,1,0,WATR20,target,9956,9956,False,True,-0.703059960,1.675816218,0.503003996,0.165907296
group_009,5,CPHL/15T,CPHL,15T,TIME/CPHL/15T,TIME/CPHL/15T/data-00000-of-00001.arrow,2,1,1,0,WATR20,target,9956,9956,False,True,-0.703059960,1.675816218,0.503003996,0.165907296
group_009,5,CPHL/15T,CPHL,15T,TIME/CPHL/15T,TIME/CPHL/15T/data-00000-of-00001.arrow,3,0,0,0,NRSROT,target,10831,10831,False,True,-0.408639036,0.920575228,0.503003996,0.165907296
group_009,5,CPHL/15T,CPHL,15T,TIME/CPHL/15T,TIME/CPHL/15T/data-00000-of-00001.arrow,4,0,0,0,NRSROT,target,10831,10831,False,True,-0.408639036,0.920575228,0.503003996,0.165907296
group_009,5,CPHL/15T,CPHL,15T,TIME/CPHL/15T,TIME/CPHL/15T/data-00000-of-00001.arrow,5,1,1,0,WATR20,target,9956,9956,False,True,-0.703059960,1.675816218,0.503003996,0.165907296
group_010,1,epf_electricity_price/H,epf_electricity_price,H,TIME/epf_electricity_price/H,TIME/epf_electricity_price/H/data-00000-of-00001.arrow,1,2,2,0,FR,target,52416,50000,True,False,0.116546396,-1.258225842,0.450456386,0.131681272
group_010,1,epf_electricity_price/H,epf_electricity_price,H,TIME/epf_electricity_price/H,TIME/epf_electricity_price/H/data-00000-of-00001.arrow,2,4,4,0,PJM,target,52416,50000,True,False,-0.280595886,-0.889359912,0.450456386,0.131681272
group_010,1,epf_electricity_price/H,epf_electricity_price,H,TIME/epf_electricity_price/H,TIME/epf_electricity_price/H/data-00000-of-00001.arrow,3,0,0,0,BE,target,52416,50000,True,False,0.013196713,-1.072133560,0.450456386,0.131681272
group_010,1,epf_electricity_price/H,epf_electricity_price,H,TIME/epf_electricity_price/H,TIME/epf_electricity_price/H/data-00000-of-00001.arrow,4,1,1,0,DE,target,52416,50000,True,False,-0.578779525,-0.553826377,0.450456386,0.131681272
group_010,1,epf_electricity_price/H,epf_electricity_price,H,TIME/epf_electricity_price/H,TIME/epf_electricity_price/H/data-00000-of-00001.arrow,5,3,3,0,NP,target,52416,50000,True,False,3.554039749,3.310319928,0.450456386,0.131681272
group_010,2,Online_Retail_2_UCI/D,Online_Retail_2_UCI,D,TIME/Online_Retail_2_UCI/D,TIME/Online_Retail_2_UCI/D/data-00000-of-00001.arrow,1,0,0,0,sales,target,739,739,False,True,-2.377435796,0.558432194,0.450456386,0.131681272
group_010,2,Online_Retail_2_UCI/D,Online_Retail_2_UCI,D,TIME/Online_Retail_2_UCI/D,TIME/Online_Retail_2_UCI/D/data-00000-of-00001.arrow,2,0,0,0,sales,target,739,739,False,True,-2.377435796,0.558432194,0.450456386,0.131681272
group_010,2,Online_Retail_2_UCI/D,Online_Retail_2_UCI,D,TIME/Online_Retail_2_UCI/D,TIME/Online_Retail_2_UCI/D/data-00000-of-00001.arrow,3,0,0,0,sales,target,739,739,False,True,-2.377435796,0.558432194,0.450456386,0.131681272
group_010,2,Online_Retail_2_UCI/D,Online_Retail_2_UCI,D,TIME/Online_Retail_2_UCI/D,TIME/Online_Retail_2_UCI/D/data-00000-of-00001.arrow,4,0,0,0,sales,target,739,739,False,True,-2.377435796,0.558432194,0.450456386,0.131681272
group_010,2,Online_Retail_2_UCI/D,Online_Retail_2_UCI,D,TIME/Online_Retail_2_UCI/D,TIME/Online_Retail_2_UCI/D/data-00000-of-00001.arrow,5,0,0,0,sales,target,739,739,False,True,-2.377435796,0.558432194,0.450456386,0.131681272
group_010,3,Coastal_T_S/H,Coastal_T_S,H,TIME/Coastal_T_S/H,TIME/Coastal_T_S/H/data-00000-of-00001.arrow,1,31,10,1,NRSYON,PSAL,8158,8158,False,False,6.439043026,3.967683482,0.450456386,0.131681272
group_010,3,Coastal_T_S/H,Coastal_T_S,H,TIME/Coastal_T_S/H,TIME/Coastal_T_S/H/data-00000-of-00001.arrow,2,52,17,1,SAM5CB,PSAL,5522,5522,False,False,9.812097412,-3.581546242,0.450456386,0.131681272
group_010,3,Coastal_T_S/H,Coastal_T_S,H,TIME/Coastal_T_S/H,TIME/Coastal_T_S/H/data-00000-of-00001.arrow,3,36,12,0,NWSBRW,TEMP,4848,4848,False,False,-0.628999937,-1.697102029,0.450456386,0.131681272
group_010,3,Coastal_T_S/H,Coastal_T_S,H,TIME/Coastal_T_S/H,TIME/Coastal_T_S/H/data-00000-of-00001.arrow,4,44,14,2,NWSROW,PRES_REL,4848,4848,False,False,2.564334987,3.805510215,0.450456386,0.131681272
group_010,3,Coastal_T_S/H,Coastal_T_S,H,TIME/Coastal_T_S/H,TIME/Coastal_T_S/H/data-00000-of-00001.arrow,5,17,5,2,GBROTE,PRES_REL,3718,3718,False,False,-1.319958420,-0.508993837,0.450456386,0.131681272
group_010,4,Port_Activity/D,Port_Activity,D,TIME/Port_Activity/D,TIME/Port_Activity/D/data-00000-of-00001.arrow,1,188,94,0,port915_raw,import,2127,2127,False,False,-1.958610620,-0.801119341,0.450456386,0.131681272
group_010,4,Port_Activity/D,Port_Activity,D,TIME/Port_Activity/D,TIME/Port_Activity/D/data-00000-of-00001.arrow,2,176,88,0,port815_raw,import,2127,2127,False,False,-3.298035804,-0.786441049,0.450456386,0.131681272
group_010,4,Port_Activity/D,Port_Activity,D,TIME/Port_Activity/D,TIME/Port_Activity/D/data-00000-of-00001.arrow,3,3,1,1,port1035_raw,export,2127,2127,False,False,-3.747948183,1.165524933,0.450456386,0.131681272
group_010,4,Port_Activity/D,Port_Activity,D,TIME/Port_Activity/D,TIME/Port_Activity/D/data-00000-of-00001.arrow,4,75,37,1,port2044_raw,export,2127,2127,False,False,-2.814318172,1.509947812,0.450456386,0.131681272
group_010,4,Port_Activity/D,Port_Activity,D,TIME/Port_Activity/D,TIME/Port_Activity/D/data-00000-of-00001.arrow,5,74,37,0,port2044_raw,import,2127,2127,False,False,-3.455057451,-0.997637286,0.450456386,0.131681272
group_010,5,CPHL/30T,CPHL,30T,TIME/CPHL/30T,TIME/CPHL/30T/data-00000-of-00001.arrow,1,1,1,0,TAN100,target,17566,17566,False,True,1.330710984,-1.002881146,0.450456386,0.131681272
group_010,5,CPHL/30T,CPHL,30T,TIME/CPHL/30T,TIME/CPHL/30T/data-00000-of-00001.arrow,2,0,0,0,NRSDAR,target,11808,11808,False,True,1.739045873,-0.698059213,0.450456386,0.131681272
group_010,5,CPHL/30T,CPHL,30T,TIME/CPHL/30T,TIME/CPHL/30T/data-00000-of-00001.arrow,3,1,1,0,TAN100,target,17566,17566,False,True,1.330710984,-1.002881146,0.450456386,0.131681272
group_010,5,CPHL/30T,CPHL,30T,TIME/CPHL/30T,TIME/CPHL/30T/data-00000-of-00001.arrow,4,1,1,0,TAN100,target,17566,17566,False,True,1.330710984,-1.002881146,0.450456386,0.131681272
group_010,5,CPHL/30T,CPHL,30T,TIME/CPHL/30T,TIME/CPHL/30T/data-00000-of-00001.arrow,5,0,0,0,NRSDAR,target,11808,11808,False,True,1.739045873,-0.698059213,0.450456386,0.131681272
