dataset,validation_dir,run_dir,epoch,val_loss,early_stopping_counter,valid_log_path
Weather,01_val_Weather,dspbuilder_meta_20260427_125054,1,0.678645,0,/home/junghc/TSLib/Time-Series-Library/meta_checkpoints/dspbuilder_meta_leave_one_out/260427_learning_rate_half_and_weight_head_1/01_val_Weather/dspbuilder_meta_20260427_125054/valid_logs/Weather.txt
Weather,01_val_Weather,dspbuilder_meta_20260427_125054,2,0.667693,0,/home/junghc/TSLib/Time-Series-Library/meta_checkpoints/dspbuilder_meta_leave_one_out/260427_learning_rate_half_and_weight_head_1/01_val_Weather/dspbuilder_meta_20260427_125054/valid_logs/Weather.txt
Weather,01_val_Weather,dspbuilder_meta_20260427_125054,3,0.658004,0,/home/junghc/TSLib/Time-Series-Library/meta_checkpoints/dspbuilder_meta_leave_one_out/260427_learning_rate_half_and_weight_head_1/01_val_Weather/dspbuilder_meta_20260427_125054/valid_logs/Weather.txt
Weather,01_val_Weather,dspbuilder_meta_20260427_125054,4,0.652012,0,/home/junghc/TSLib/Time-Series-Library/meta_checkpoints/dspbuilder_meta_leave_one_out/260427_learning_rate_half_and_weight_head_1/01_val_Weather/dspbuilder_meta_20260427_125054/valid_logs/Weather.txt
Weather,01_val_Weather,dspbuilder_meta_20260427_125054,5,0.649836,0,/home/junghc/TSLib/Time-Series-Library/meta_checkpoints/dspbuilder_meta_leave_one_out/260427_learning_rate_half_and_weight_head_1/01_val_Weather/dspbuilder_meta_20260427_125054/valid_logs/Weather.txt
Weather,01_val_Weather,dspbuilder_meta_20260427_125054,6,0.649076,0,/home/junghc/TSLib/Time-Series-Library/meta_checkpoints/dspbuilder_meta_leave_one_out/260427_learning_rate_half_and_weight_head_1/01_val_Weather/dspbuilder_meta_20260427_125054/valid_logs/Weather.txt
Weather,01_val_Weather,dspbuilder_meta_20260427_125054,7,0.649746,1,/home/junghc/TSLib/Time-Series-Library/meta_checkpoints/dspbuilder_meta_leave_one_out/260427_learning_rate_half_and_weight_head_1/01_val_Weather/dspbuilder_meta_20260427_125054/valid_logs/Weather.txt
Weather,01_val_Weather,dspbuilder_meta_20260427_125054,8,0.649416,2,/home/junghc/TSLib/Time-Series-Library/meta_checkpoints/dspbuilder_meta_leave_one_out/260427_learning_rate_half_and_weight_head_1/01_val_Weather/dspbuilder_meta_20260427_125054/valid_logs/Weather.txt
Weather,01_val_Weather,dspbuilder_meta_20260427_125054,9,0.650577,3,/home/junghc/TSLib/Time-Series-Library/meta_checkpoints/dspbuilder_meta_leave_one_out/260427_learning_rate_half_and_weight_head_1/01_val_Weather/dspbuilder_meta_20260427_125054/valid_logs/Weather.txt
Weather,01_val_Weather,dspbuilder_meta_20260427_125054,10,0.650797,4,/home/junghc/TSLib/Time-Series-Library/meta_checkpoints/dspbuilder_meta_leave_one_out/260427_learning_rate_half_and_weight_head_1/01_val_Weather/dspbuilder_meta_20260427_125054/valid_logs/Weather.txt
Weather,01_val_Weather,dspbuilder_meta_20260427_125054,11,0.65249,5,/home/junghc/TSLib/Time-Series-Library/meta_checkpoints/dspbuilder_meta_leave_one_out/260427_learning_rate_half_and_weight_head_1/01_val_Weather/dspbuilder_meta_20260427_125054/valid_logs/Weather.txt
Traffic,02_val_Traffic,dspbuilder_meta_20260427_125054,1,0.659647,0,/home/junghc/TSLib/Time-Series-Library/meta_checkpoints/dspbuilder_meta_leave_one_out/260427_learning_rate_half_and_weight_head_1/02_val_Traffic/dspbuilder_meta_20260427_125054/valid_logs/Traffic.txt
Traffic,02_val_Traffic,dspbuilder_meta_20260427_125054,2,0.662815,1,/home/junghc/TSLib/Time-Series-Library/meta_checkpoints/dspbuilder_meta_leave_one_out/260427_learning_rate_half_and_weight_head_1/02_val_Traffic/dspbuilder_meta_20260427_125054/valid_logs/Traffic.txt
Traffic,02_val_Traffic,dspbuilder_meta_20260427_125054,3,0.666717,2,/home/junghc/TSLib/Time-Series-Library/meta_checkpoints/dspbuilder_meta_leave_one_out/260427_learning_rate_half_and_weight_head_1/02_val_Traffic/dspbuilder_meta_20260427_125054/valid_logs/Traffic.txt
Traffic,02_val_Traffic,dspbuilder_meta_20260427_125054,4,0.666298,3,/home/junghc/TSLib/Time-Series-Library/meta_checkpoints/dspbuilder_meta_leave_one_out/260427_learning_rate_half_and_weight_head_1/02_val_Traffic/dspbuilder_meta_20260427_125054/valid_logs/Traffic.txt
Traffic,02_val_Traffic,dspbuilder_meta_20260427_125054,5,0.661099,4,/home/junghc/TSLib/Time-Series-Library/meta_checkpoints/dspbuilder_meta_leave_one_out/260427_learning_rate_half_and_weight_head_1/02_val_Traffic/dspbuilder_meta_20260427_125054/valid_logs/Traffic.txt
Traffic,02_val_Traffic,dspbuilder_meta_20260427_125054,6,0.658045,0,/home/junghc/TSLib/Time-Series-Library/meta_checkpoints/dspbuilder_meta_leave_one_out/260427_learning_rate_half_and_weight_head_1/02_val_Traffic/dspbuilder_meta_20260427_125054/valid_logs/Traffic.txt
Traffic,02_val_Traffic,dspbuilder_meta_20260427_125054,7,0.647682,0,/home/junghc/TSLib/Time-Series-Library/meta_checkpoints/dspbuilder_meta_leave_one_out/260427_learning_rate_half_and_weight_head_1/02_val_Traffic/dspbuilder_meta_20260427_125054/valid_logs/Traffic.txt
Traffic,02_val_Traffic,dspbuilder_meta_20260427_125054,8,0.642061,0,/home/junghc/TSLib/Time-Series-Library/meta_checkpoints/dspbuilder_meta_leave_one_out/260427_learning_rate_half_and_weight_head_1/02_val_Traffic/dspbuilder_meta_20260427_125054/valid_logs/Traffic.txt
Traffic,02_val_Traffic,dspbuilder_meta_20260427_125054,9,0.634497,0,/home/junghc/TSLib/Time-Series-Library/meta_checkpoints/dspbuilder_meta_leave_one_out/260427_learning_rate_half_and_weight_head_1/02_val_Traffic/dspbuilder_meta_20260427_125054/valid_logs/Traffic.txt
Traffic,02_val_Traffic,dspbuilder_meta_20260427_125054,10,0.632805,0,/home/junghc/TSLib/Time-Series-Library/meta_checkpoints/dspbuilder_meta_leave_one_out/260427_learning_rate_half_and_weight_head_1/02_val_Traffic/dspbuilder_meta_20260427_125054/valid_logs/Traffic.txt
Traffic,02_val_Traffic,dspbuilder_meta_20260427_125054,11,0.631649,0,/home/junghc/TSLib/Time-Series-Library/meta_checkpoints/dspbuilder_meta_leave_one_out/260427_learning_rate_half_and_weight_head_1/02_val_Traffic/dspbuilder_meta_20260427_125054/valid_logs/Traffic.txt
Traffic,02_val_Traffic,dspbuilder_meta_20260427_125054,12,0.627327,0,/home/junghc/TSLib/Time-Series-Library/meta_checkpoints/dspbuilder_meta_leave_one_out/260427_learning_rate_half_and_weight_head_1/02_val_Traffic/dspbuilder_meta_20260427_125054/valid_logs/Traffic.txt
Traffic,02_val_Traffic,dspbuilder_meta_20260427_125054,13,0.62625,0,/home/junghc/TSLib/Time-Series-Library/meta_checkpoints/dspbuilder_meta_leave_one_out/260427_learning_rate_half_and_weight_head_1/02_val_Traffic/dspbuilder_meta_20260427_125054/valid_logs/Traffic.txt
Traffic,02_val_Traffic,dspbuilder_meta_20260427_125054,14,0.629271,1,/home/junghc/TSLib/Time-Series-Library/meta_checkpoints/dspbuilder_meta_leave_one_out/260427_learning_rate_half_and_weight_head_1/02_val_Traffic/dspbuilder_meta_20260427_125054/valid_logs/Traffic.txt
Traffic,02_val_Traffic,dspbuilder_meta_20260427_125054,15,0.624547,0,/home/junghc/TSLib/Time-Series-Library/meta_checkpoints/dspbuilder_meta_leave_one_out/260427_learning_rate_half_and_weight_head_1/02_val_Traffic/dspbuilder_meta_20260427_125054/valid_logs/Traffic.txt
Traffic,02_val_Traffic,dspbuilder_meta_20260427_125054,16,0.623165,0,/home/junghc/TSLib/Time-Series-Library/meta_checkpoints/dspbuilder_meta_leave_one_out/260427_learning_rate_half_and_weight_head_1/02_val_Traffic/dspbuilder_meta_20260427_125054/valid_logs/Traffic.txt
Traffic,02_val_Traffic,dspbuilder_meta_20260427_125054,17,0.625453,1,/home/junghc/TSLib/Time-Series-Library/meta_checkpoints/dspbuilder_meta_leave_one_out/260427_learning_rate_half_and_weight_head_1/02_val_Traffic/dspbuilder_meta_20260427_125054/valid_logs/Traffic.txt
Traffic,02_val_Traffic,dspbuilder_meta_20260427_125054,18,0.626614,2,/home/junghc/TSLib/Time-Series-Library/meta_checkpoints/dspbuilder_meta_leave_one_out/260427_learning_rate_half_and_weight_head_1/02_val_Traffic/dspbuilder_meta_20260427_125054/valid_logs/Traffic.txt
Traffic,02_val_Traffic,dspbuilder_meta_20260427_125054,19,0.627075,3,/home/junghc/TSLib/Time-Series-Library/meta_checkpoints/dspbuilder_meta_leave_one_out/260427_learning_rate_half_and_weight_head_1/02_val_Traffic/dspbuilder_meta_20260427_125054/valid_logs/Traffic.txt
Traffic,02_val_Traffic,dspbuilder_meta_20260427_125054,20,0.625049,4,/home/junghc/TSLib/Time-Series-Library/meta_checkpoints/dspbuilder_meta_leave_one_out/260427_learning_rate_half_and_weight_head_1/02_val_Traffic/dspbuilder_meta_20260427_125054/valid_logs/Traffic.txt
Traffic,02_val_Traffic,dspbuilder_meta_20260427_125054,21,0.624341,5,/home/junghc/TSLib/Time-Series-Library/meta_checkpoints/dspbuilder_meta_leave_one_out/260427_learning_rate_half_and_weight_head_1/02_val_Traffic/dspbuilder_meta_20260427_125054/valid_logs/Traffic.txt
ECL,03_val_ECL,dspbuilder_meta_20260427_125054,1,0.620031,0,/home/junghc/TSLib/Time-Series-Library/meta_checkpoints/dspbuilder_meta_leave_one_out/260427_learning_rate_half_and_weight_head_1/03_val_ECL/dspbuilder_meta_20260427_125054/valid_logs/ECL.txt
ECL,03_val_ECL,dspbuilder_meta_20260427_125054,2,0.603333,0,/home/junghc/TSLib/Time-Series-Library/meta_checkpoints/dspbuilder_meta_leave_one_out/260427_learning_rate_half_and_weight_head_1/03_val_ECL/dspbuilder_meta_20260427_125054/valid_logs/ECL.txt
ECL,03_val_ECL,dspbuilder_meta_20260427_125054,3,0.581823,0,/home/junghc/TSLib/Time-Series-Library/meta_checkpoints/dspbuilder_meta_leave_one_out/260427_learning_rate_half_and_weight_head_1/03_val_ECL/dspbuilder_meta_20260427_125054/valid_logs/ECL.txt
ECL,03_val_ECL,dspbuilder_meta_20260427_125054,4,0.568892,0,/home/junghc/TSLib/Time-Series-Library/meta_checkpoints/dspbuilder_meta_leave_one_out/260427_learning_rate_half_and_weight_head_1/03_val_ECL/dspbuilder_meta_20260427_125054/valid_logs/ECL.txt
ECL,03_val_ECL,dspbuilder_meta_20260427_125054,5,0.554517,0,/home/junghc/TSLib/Time-Series-Library/meta_checkpoints/dspbuilder_meta_leave_one_out/260427_learning_rate_half_and_weight_head_1/03_val_ECL/dspbuilder_meta_20260427_125054/valid_logs/ECL.txt
ECL,03_val_ECL,dspbuilder_meta_20260427_125054,6,0.535052,0,/home/junghc/TSLib/Time-Series-Library/meta_checkpoints/dspbuilder_meta_leave_one_out/260427_learning_rate_half_and_weight_head_1/03_val_ECL/dspbuilder_meta_20260427_125054/valid_logs/ECL.txt
ECL,03_val_ECL,dspbuilder_meta_20260427_125054,7,0.521148,0,/home/junghc/TSLib/Time-Series-Library/meta_checkpoints/dspbuilder_meta_leave_one_out/260427_learning_rate_half_and_weight_head_1/03_val_ECL/dspbuilder_meta_20260427_125054/valid_logs/ECL.txt
ECL,03_val_ECL,dspbuilder_meta_20260427_125054,8,0.510766,0,/home/junghc/TSLib/Time-Series-Library/meta_checkpoints/dspbuilder_meta_leave_one_out/260427_learning_rate_half_and_weight_head_1/03_val_ECL/dspbuilder_meta_20260427_125054/valid_logs/ECL.txt
ECL,03_val_ECL,dspbuilder_meta_20260427_125054,9,0.509503,0,/home/junghc/TSLib/Time-Series-Library/meta_checkpoints/dspbuilder_meta_leave_one_out/260427_learning_rate_half_and_weight_head_1/03_val_ECL/dspbuilder_meta_20260427_125054/valid_logs/ECL.txt
ECL,03_val_ECL,dspbuilder_meta_20260427_125054,10,0.506033,0,/home/junghc/TSLib/Time-Series-Library/meta_checkpoints/dspbuilder_meta_leave_one_out/260427_learning_rate_half_and_weight_head_1/03_val_ECL/dspbuilder_meta_20260427_125054/valid_logs/ECL.txt
ECL,03_val_ECL,dspbuilder_meta_20260427_125054,11,0.509052,1,/home/junghc/TSLib/Time-Series-Library/meta_checkpoints/dspbuilder_meta_leave_one_out/260427_learning_rate_half_and_weight_head_1/03_val_ECL/dspbuilder_meta_20260427_125054/valid_logs/ECL.txt
ECL,03_val_ECL,dspbuilder_meta_20260427_125054,12,0.505527,0,/home/junghc/TSLib/Time-Series-Library/meta_checkpoints/dspbuilder_meta_leave_one_out/260427_learning_rate_half_and_weight_head_1/03_val_ECL/dspbuilder_meta_20260427_125054/valid_logs/ECL.txt
ECL,03_val_ECL,dspbuilder_meta_20260427_125054,13,0.506518,1,/home/junghc/TSLib/Time-Series-Library/meta_checkpoints/dspbuilder_meta_leave_one_out/260427_learning_rate_half_and_weight_head_1/03_val_ECL/dspbuilder_meta_20260427_125054/valid_logs/ECL.txt
ECL,03_val_ECL,dspbuilder_meta_20260427_125054,14,0.500489,0,/home/junghc/TSLib/Time-Series-Library/meta_checkpoints/dspbuilder_meta_leave_one_out/260427_learning_rate_half_and_weight_head_1/03_val_ECL/dspbuilder_meta_20260427_125054/valid_logs/ECL.txt
ECL,03_val_ECL,dspbuilder_meta_20260427_125054,15,0.499613,0,/home/junghc/TSLib/Time-Series-Library/meta_checkpoints/dspbuilder_meta_leave_one_out/260427_learning_rate_half_and_weight_head_1/03_val_ECL/dspbuilder_meta_20260427_125054/valid_logs/ECL.txt
ECL,03_val_ECL,dspbuilder_meta_20260427_125054,16,0.502603,1,/home/junghc/TSLib/Time-Series-Library/meta_checkpoints/dspbuilder_meta_leave_one_out/260427_learning_rate_half_and_weight_head_1/03_val_ECL/dspbuilder_meta_20260427_125054/valid_logs/ECL.txt
ECL,03_val_ECL,dspbuilder_meta_20260427_125054,17,0.508648,2,/home/junghc/TSLib/Time-Series-Library/meta_checkpoints/dspbuilder_meta_leave_one_out/260427_learning_rate_half_and_weight_head_1/03_val_ECL/dspbuilder_meta_20260427_125054/valid_logs/ECL.txt
ECL,03_val_ECL,dspbuilder_meta_20260427_125054,18,0.505476,3,/home/junghc/TSLib/Time-Series-Library/meta_checkpoints/dspbuilder_meta_leave_one_out/260427_learning_rate_half_and_weight_head_1/03_val_ECL/dspbuilder_meta_20260427_125054/valid_logs/ECL.txt
ECL,03_val_ECL,dspbuilder_meta_20260427_125054,19,0.507741,4,/home/junghc/TSLib/Time-Series-Library/meta_checkpoints/dspbuilder_meta_leave_one_out/260427_learning_rate_half_and_weight_head_1/03_val_ECL/dspbuilder_meta_20260427_125054/valid_logs/ECL.txt
ECL,03_val_ECL,dspbuilder_meta_20260427_125054,20,0.506521,5,/home/junghc/TSLib/Time-Series-Library/meta_checkpoints/dspbuilder_meta_leave_one_out/260427_learning_rate_half_and_weight_head_1/03_val_ECL/dspbuilder_meta_20260427_125054/valid_logs/ECL.txt
Etth1,04_val_Etth1,dspbuilder_meta_20260427_125152,1,0.766834,0,/home/junghc/TSLib/Time-Series-Library/meta_checkpoints/dspbuilder_meta_leave_one_out/260427_learning_rate_half_and_weight_head_1/04_val_Etth1/dspbuilder_meta_20260427_125152/valid_logs/Etth1.txt
Etth1,04_val_Etth1,dspbuilder_meta_20260427_125152,2,0.782355,1,/home/junghc/TSLib/Time-Series-Library/meta_checkpoints/dspbuilder_meta_leave_one_out/260427_learning_rate_half_and_weight_head_1/04_val_Etth1/dspbuilder_meta_20260427_125152/valid_logs/Etth1.txt
Etth1,04_val_Etth1,dspbuilder_meta_20260427_125152,3,0.80379,2,/home/junghc/TSLib/Time-Series-Library/meta_checkpoints/dspbuilder_meta_leave_one_out/260427_learning_rate_half_and_weight_head_1/04_val_Etth1/dspbuilder_meta_20260427_125152/valid_logs/Etth1.txt
Etth1,04_val_Etth1,dspbuilder_meta_20260427_125152,4,0.839082,3,/home/junghc/TSLib/Time-Series-Library/meta_checkpoints/dspbuilder_meta_leave_one_out/260427_learning_rate_half_and_weight_head_1/04_val_Etth1/dspbuilder_meta_20260427_125152/valid_logs/Etth1.txt
Etth1,04_val_Etth1,dspbuilder_meta_20260427_125152,5,0.896349,4,/home/junghc/TSLib/Time-Series-Library/meta_checkpoints/dspbuilder_meta_leave_one_out/260427_learning_rate_half_and_weight_head_1/04_val_Etth1/dspbuilder_meta_20260427_125152/valid_logs/Etth1.txt
Etth1,04_val_Etth1,dspbuilder_meta_20260427_125152,6,0.931202,5,/home/junghc/TSLib/Time-Series-Library/meta_checkpoints/dspbuilder_meta_leave_one_out/260427_learning_rate_half_and_weight_head_1/04_val_Etth1/dspbuilder_meta_20260427_125152/valid_logs/Etth1.txt
Exchange,05_val_Exchange,dspbuilder_meta_20260427_125235,1,0.675731,0,/home/junghc/TSLib/Time-Series-Library/meta_checkpoints/dspbuilder_meta_leave_one_out/260427_learning_rate_half_and_weight_head_1/05_val_Exchange/dspbuilder_meta_20260427_125235/valid_logs/Exchange.txt
Exchange,05_val_Exchange,dspbuilder_meta_20260427_125235,2,0.667531,0,/home/junghc/TSLib/Time-Series-Library/meta_checkpoints/dspbuilder_meta_leave_one_out/260427_learning_rate_half_and_weight_head_1/05_val_Exchange/dspbuilder_meta_20260427_125235/valid_logs/Exchange.txt
Exchange,05_val_Exchange,dspbuilder_meta_20260427_125235,3,0.66072,0,/home/junghc/TSLib/Time-Series-Library/meta_checkpoints/dspbuilder_meta_leave_one_out/260427_learning_rate_half_and_weight_head_1/05_val_Exchange/dspbuilder_meta_20260427_125235/valid_logs/Exchange.txt
Exchange,05_val_Exchange,dspbuilder_meta_20260427_125235,4,0.65676,0,/home/junghc/TSLib/Time-Series-Library/meta_checkpoints/dspbuilder_meta_leave_one_out/260427_learning_rate_half_and_weight_head_1/05_val_Exchange/dspbuilder_meta_20260427_125235/valid_logs/Exchange.txt
Exchange,05_val_Exchange,dspbuilder_meta_20260427_125235,5,0.655308,0,/home/junghc/TSLib/Time-Series-Library/meta_checkpoints/dspbuilder_meta_leave_one_out/260427_learning_rate_half_and_weight_head_1/05_val_Exchange/dspbuilder_meta_20260427_125235/valid_logs/Exchange.txt
Exchange,05_val_Exchange,dspbuilder_meta_20260427_125235,6,0.655828,1,/home/junghc/TSLib/Time-Series-Library/meta_checkpoints/dspbuilder_meta_leave_one_out/260427_learning_rate_half_and_weight_head_1/05_val_Exchange/dspbuilder_meta_20260427_125235/valid_logs/Exchange.txt
Exchange,05_val_Exchange,dspbuilder_meta_20260427_125235,7,0.656207,2,/home/junghc/TSLib/Time-Series-Library/meta_checkpoints/dspbuilder_meta_leave_one_out/260427_learning_rate_half_and_weight_head_1/05_val_Exchange/dspbuilder_meta_20260427_125235/valid_logs/Exchange.txt
Exchange,05_val_Exchange,dspbuilder_meta_20260427_125235,8,0.656119,3,/home/junghc/TSLib/Time-Series-Library/meta_checkpoints/dspbuilder_meta_leave_one_out/260427_learning_rate_half_and_weight_head_1/05_val_Exchange/dspbuilder_meta_20260427_125235/valid_logs/Exchange.txt
Exchange,05_val_Exchange,dspbuilder_meta_20260427_125235,9,0.656647,4,/home/junghc/TSLib/Time-Series-Library/meta_checkpoints/dspbuilder_meta_leave_one_out/260427_learning_rate_half_and_weight_head_1/05_val_Exchange/dspbuilder_meta_20260427_125235/valid_logs/Exchange.txt
Exchange,05_val_Exchange,dspbuilder_meta_20260427_125235,10,0.658265,5,/home/junghc/TSLib/Time-Series-Library/meta_checkpoints/dspbuilder_meta_leave_one_out/260427_learning_rate_half_and_weight_head_1/05_val_Exchange/dspbuilder_meta_20260427_125235/valid_logs/Exchange.txt
M4_Hourly,06_val_M4_Hourly,dspbuilder_meta_20260427_125235,1,0.696767,0,/home/junghc/TSLib/Time-Series-Library/meta_checkpoints/dspbuilder_meta_leave_one_out/260427_learning_rate_half_and_weight_head_1/06_val_M4_Hourly/dspbuilder_meta_20260427_125235/valid_logs/M4_Hourly.txt
M4_Hourly,06_val_M4_Hourly,dspbuilder_meta_20260427_125235,2,0.674727,0,/home/junghc/TSLib/Time-Series-Library/meta_checkpoints/dspbuilder_meta_leave_one_out/260427_learning_rate_half_and_weight_head_1/06_val_M4_Hourly/dspbuilder_meta_20260427_125235/valid_logs/M4_Hourly.txt
M4_Hourly,06_val_M4_Hourly,dspbuilder_meta_20260427_125235,3,0.653632,0,/home/junghc/TSLib/Time-Series-Library/meta_checkpoints/dspbuilder_meta_leave_one_out/260427_learning_rate_half_and_weight_head_1/06_val_M4_Hourly/dspbuilder_meta_20260427_125235/valid_logs/M4_Hourly.txt
M4_Hourly,06_val_M4_Hourly,dspbuilder_meta_20260427_125235,4,0.634546,0,/home/junghc/TSLib/Time-Series-Library/meta_checkpoints/dspbuilder_meta_leave_one_out/260427_learning_rate_half_and_weight_head_1/06_val_M4_Hourly/dspbuilder_meta_20260427_125235/valid_logs/M4_Hourly.txt
M4_Hourly,06_val_M4_Hourly,dspbuilder_meta_20260427_125235,5,0.624381,0,/home/junghc/TSLib/Time-Series-Library/meta_checkpoints/dspbuilder_meta_leave_one_out/260427_learning_rate_half_and_weight_head_1/06_val_M4_Hourly/dspbuilder_meta_20260427_125235/valid_logs/M4_Hourly.txt
M4_Hourly,06_val_M4_Hourly,dspbuilder_meta_20260427_125235,6,0.623539,0,/home/junghc/TSLib/Time-Series-Library/meta_checkpoints/dspbuilder_meta_leave_one_out/260427_learning_rate_half_and_weight_head_1/06_val_M4_Hourly/dspbuilder_meta_20260427_125235/valid_logs/M4_Hourly.txt
M4_Hourly,06_val_M4_Hourly,dspbuilder_meta_20260427_125235,7,0.626872,1,/home/junghc/TSLib/Time-Series-Library/meta_checkpoints/dspbuilder_meta_leave_one_out/260427_learning_rate_half_and_weight_head_1/06_val_M4_Hourly/dspbuilder_meta_20260427_125235/valid_logs/M4_Hourly.txt
M4_Hourly,06_val_M4_Hourly,dspbuilder_meta_20260427_125235,8,0.625129,2,/home/junghc/TSLib/Time-Series-Library/meta_checkpoints/dspbuilder_meta_leave_one_out/260427_learning_rate_half_and_weight_head_1/06_val_M4_Hourly/dspbuilder_meta_20260427_125235/valid_logs/M4_Hourly.txt
M4_Hourly,06_val_M4_Hourly,dspbuilder_meta_20260427_125235,9,0.62335,0,/home/junghc/TSLib/Time-Series-Library/meta_checkpoints/dspbuilder_meta_leave_one_out/260427_learning_rate_half_and_weight_head_1/06_val_M4_Hourly/dspbuilder_meta_20260427_125235/valid_logs/M4_Hourly.txt
M4_Hourly,06_val_M4_Hourly,dspbuilder_meta_20260427_125235,10,0.623203,0,/home/junghc/TSLib/Time-Series-Library/meta_checkpoints/dspbuilder_meta_leave_one_out/260427_learning_rate_half_and_weight_head_1/06_val_M4_Hourly/dspbuilder_meta_20260427_125235/valid_logs/M4_Hourly.txt
M4_Hourly,06_val_M4_Hourly,dspbuilder_meta_20260427_125235,11,0.626074,1,/home/junghc/TSLib/Time-Series-Library/meta_checkpoints/dspbuilder_meta_leave_one_out/260427_learning_rate_half_and_weight_head_1/06_val_M4_Hourly/dspbuilder_meta_20260427_125235/valid_logs/M4_Hourly.txt
M4_Hourly,06_val_M4_Hourly,dspbuilder_meta_20260427_125235,12,0.627976,2,/home/junghc/TSLib/Time-Series-Library/meta_checkpoints/dspbuilder_meta_leave_one_out/260427_learning_rate_half_and_weight_head_1/06_val_M4_Hourly/dspbuilder_meta_20260427_125235/valid_logs/M4_Hourly.txt
M4_Hourly,06_val_M4_Hourly,dspbuilder_meta_20260427_125235,13,0.627132,3,/home/junghc/TSLib/Time-Series-Library/meta_checkpoints/dspbuilder_meta_leave_one_out/260427_learning_rate_half_and_weight_head_1/06_val_M4_Hourly/dspbuilder_meta_20260427_125235/valid_logs/M4_Hourly.txt
M4_Hourly,06_val_M4_Hourly,dspbuilder_meta_20260427_125235,14,0.627172,4,/home/junghc/TSLib/Time-Series-Library/meta_checkpoints/dspbuilder_meta_leave_one_out/260427_learning_rate_half_and_weight_head_1/06_val_M4_Hourly/dspbuilder_meta_20260427_125235/valid_logs/M4_Hourly.txt
M4_Hourly,06_val_M4_Hourly,dspbuilder_meta_20260427_125235,15,0.632296,5,/home/junghc/TSLib/Time-Series-Library/meta_checkpoints/dspbuilder_meta_leave_one_out/260427_learning_rate_half_and_weight_head_1/06_val_M4_Hourly/dspbuilder_meta_20260427_125235/valid_logs/M4_Hourly.txt
M4_Monthly,07_val_M4_Monthly,dspbuilder_meta_20260427_125235,1,0.673448,0,/home/junghc/TSLib/Time-Series-Library/meta_checkpoints/dspbuilder_meta_leave_one_out/260427_learning_rate_half_and_weight_head_1/07_val_M4_Monthly/dspbuilder_meta_20260427_125235/valid_logs/M4_Monthly.txt
M4_Monthly,07_val_M4_Monthly,dspbuilder_meta_20260427_125235,2,0.650673,0,/home/junghc/TSLib/Time-Series-Library/meta_checkpoints/dspbuilder_meta_leave_one_out/260427_learning_rate_half_and_weight_head_1/07_val_M4_Monthly/dspbuilder_meta_20260427_125235/valid_logs/M4_Monthly.txt
M4_Monthly,07_val_M4_Monthly,dspbuilder_meta_20260427_125235,3,0.627693,0,/home/junghc/TSLib/Time-Series-Library/meta_checkpoints/dspbuilder_meta_leave_one_out/260427_learning_rate_half_and_weight_head_1/07_val_M4_Monthly/dspbuilder_meta_20260427_125235/valid_logs/M4_Monthly.txt
M4_Monthly,07_val_M4_Monthly,dspbuilder_meta_20260427_125235,4,0.605085,0,/home/junghc/TSLib/Time-Series-Library/meta_checkpoints/dspbuilder_meta_leave_one_out/260427_learning_rate_half_and_weight_head_1/07_val_M4_Monthly/dspbuilder_meta_20260427_125235/valid_logs/M4_Monthly.txt
M4_Monthly,07_val_M4_Monthly,dspbuilder_meta_20260427_125235,5,0.592145,0,/home/junghc/TSLib/Time-Series-Library/meta_checkpoints/dspbuilder_meta_leave_one_out/260427_learning_rate_half_and_weight_head_1/07_val_M4_Monthly/dspbuilder_meta_20260427_125235/valid_logs/M4_Monthly.txt
M4_Monthly,07_val_M4_Monthly,dspbuilder_meta_20260427_125235,6,0.587958,0,/home/junghc/TSLib/Time-Series-Library/meta_checkpoints/dspbuilder_meta_leave_one_out/260427_learning_rate_half_and_weight_head_1/07_val_M4_Monthly/dspbuilder_meta_20260427_125235/valid_logs/M4_Monthly.txt
M4_Monthly,07_val_M4_Monthly,dspbuilder_meta_20260427_125235,7,0.580382,0,/home/junghc/TSLib/Time-Series-Library/meta_checkpoints/dspbuilder_meta_leave_one_out/260427_learning_rate_half_and_weight_head_1/07_val_M4_Monthly/dspbuilder_meta_20260427_125235/valid_logs/M4_Monthly.txt
M4_Monthly,07_val_M4_Monthly,dspbuilder_meta_20260427_125235,8,0.57435,0,/home/junghc/TSLib/Time-Series-Library/meta_checkpoints/dspbuilder_meta_leave_one_out/260427_learning_rate_half_and_weight_head_1/07_val_M4_Monthly/dspbuilder_meta_20260427_125235/valid_logs/M4_Monthly.txt
M4_Monthly,07_val_M4_Monthly,dspbuilder_meta_20260427_125235,9,0.571204,0,/home/junghc/TSLib/Time-Series-Library/meta_checkpoints/dspbuilder_meta_leave_one_out/260427_learning_rate_half_and_weight_head_1/07_val_M4_Monthly/dspbuilder_meta_20260427_125235/valid_logs/M4_Monthly.txt
M4_Monthly,07_val_M4_Monthly,dspbuilder_meta_20260427_125235,10,0.567882,0,/home/junghc/TSLib/Time-Series-Library/meta_checkpoints/dspbuilder_meta_leave_one_out/260427_learning_rate_half_and_weight_head_1/07_val_M4_Monthly/dspbuilder_meta_20260427_125235/valid_logs/M4_Monthly.txt
M4_Monthly,07_val_M4_Monthly,dspbuilder_meta_20260427_125235,11,0.572624,1,/home/junghc/TSLib/Time-Series-Library/meta_checkpoints/dspbuilder_meta_leave_one_out/260427_learning_rate_half_and_weight_head_1/07_val_M4_Monthly/dspbuilder_meta_20260427_125235/valid_logs/M4_Monthly.txt
M4_Monthly,07_val_M4_Monthly,dspbuilder_meta_20260427_125235,12,0.570302,2,/home/junghc/TSLib/Time-Series-Library/meta_checkpoints/dspbuilder_meta_leave_one_out/260427_learning_rate_half_and_weight_head_1/07_val_M4_Monthly/dspbuilder_meta_20260427_125235/valid_logs/M4_Monthly.txt
M4_Monthly,07_val_M4_Monthly,dspbuilder_meta_20260427_125235,13,0.569828,3,/home/junghc/TSLib/Time-Series-Library/meta_checkpoints/dspbuilder_meta_leave_one_out/260427_learning_rate_half_and_weight_head_1/07_val_M4_Monthly/dspbuilder_meta_20260427_125235/valid_logs/M4_Monthly.txt
M4_Monthly,07_val_M4_Monthly,dspbuilder_meta_20260427_125235,14,0.5689,4,/home/junghc/TSLib/Time-Series-Library/meta_checkpoints/dspbuilder_meta_leave_one_out/260427_learning_rate_half_and_weight_head_1/07_val_M4_Monthly/dspbuilder_meta_20260427_125235/valid_logs/M4_Monthly.txt
M4_Monthly,07_val_M4_Monthly,dspbuilder_meta_20260427_125235,15,0.570817,5,/home/junghc/TSLib/Time-Series-Library/meta_checkpoints/dspbuilder_meta_leave_one_out/260427_learning_rate_half_and_weight_head_1/07_val_M4_Monthly/dspbuilder_meta_20260427_125235/valid_logs/M4_Monthly.txt
M4_Quarterly,08_val_M4_Quarterly,dspbuilder_meta_20260427_125329,1,0.668685,0,/home/junghc/TSLib/Time-Series-Library/meta_checkpoints/dspbuilder_meta_leave_one_out/260427_learning_rate_half_and_weight_head_1/08_val_M4_Quarterly/dspbuilder_meta_20260427_125329/valid_logs/M4_Quarterly.txt
M4_Quarterly,08_val_M4_Quarterly,dspbuilder_meta_20260427_125329,2,0.654443,0,/home/junghc/TSLib/Time-Series-Library/meta_checkpoints/dspbuilder_meta_leave_one_out/260427_learning_rate_half_and_weight_head_1/08_val_M4_Quarterly/dspbuilder_meta_20260427_125329/valid_logs/M4_Quarterly.txt
M4_Quarterly,08_val_M4_Quarterly,dspbuilder_meta_20260427_125329,3,0.642014,0,/home/junghc/TSLib/Time-Series-Library/meta_checkpoints/dspbuilder_meta_leave_one_out/260427_learning_rate_half_and_weight_head_1/08_val_M4_Quarterly/dspbuilder_meta_20260427_125329/valid_logs/M4_Quarterly.txt
M4_Quarterly,08_val_M4_Quarterly,dspbuilder_meta_20260427_125329,4,0.632397,0,/home/junghc/TSLib/Time-Series-Library/meta_checkpoints/dspbuilder_meta_leave_one_out/260427_learning_rate_half_and_weight_head_1/08_val_M4_Quarterly/dspbuilder_meta_20260427_125329/valid_logs/M4_Quarterly.txt
M4_Quarterly,08_val_M4_Quarterly,dspbuilder_meta_20260427_125329,5,0.627963,0,/home/junghc/TSLib/Time-Series-Library/meta_checkpoints/dspbuilder_meta_leave_one_out/260427_learning_rate_half_and_weight_head_1/08_val_M4_Quarterly/dspbuilder_meta_20260427_125329/valid_logs/M4_Quarterly.txt
M4_Quarterly,08_val_M4_Quarterly,dspbuilder_meta_20260427_125329,6,0.625642,0,/home/junghc/TSLib/Time-Series-Library/meta_checkpoints/dspbuilder_meta_leave_one_out/260427_learning_rate_half_and_weight_head_1/08_val_M4_Quarterly/dspbuilder_meta_20260427_125329/valid_logs/M4_Quarterly.txt
M4_Quarterly,08_val_M4_Quarterly,dspbuilder_meta_20260427_125329,7,0.619714,0,/home/junghc/TSLib/Time-Series-Library/meta_checkpoints/dspbuilder_meta_leave_one_out/260427_learning_rate_half_and_weight_head_1/08_val_M4_Quarterly/dspbuilder_meta_20260427_125329/valid_logs/M4_Quarterly.txt
M4_Quarterly,08_val_M4_Quarterly,dspbuilder_meta_20260427_125329,8,0.614473,0,/home/junghc/TSLib/Time-Series-Library/meta_checkpoints/dspbuilder_meta_leave_one_out/260427_learning_rate_half_and_weight_head_1/08_val_M4_Quarterly/dspbuilder_meta_20260427_125329/valid_logs/M4_Quarterly.txt
M4_Quarterly,08_val_M4_Quarterly,dspbuilder_meta_20260427_125329,9,0.609962,0,/home/junghc/TSLib/Time-Series-Library/meta_checkpoints/dspbuilder_meta_leave_one_out/260427_learning_rate_half_and_weight_head_1/08_val_M4_Quarterly/dspbuilder_meta_20260427_125329/valid_logs/M4_Quarterly.txt
M4_Quarterly,08_val_M4_Quarterly,dspbuilder_meta_20260427_125329,10,0.606493,0,/home/junghc/TSLib/Time-Series-Library/meta_checkpoints/dspbuilder_meta_leave_one_out/260427_learning_rate_half_and_weight_head_1/08_val_M4_Quarterly/dspbuilder_meta_20260427_125329/valid_logs/M4_Quarterly.txt
M4_Quarterly,08_val_M4_Quarterly,dspbuilder_meta_20260427_125329,11,0.607978,1,/home/junghc/TSLib/Time-Series-Library/meta_checkpoints/dspbuilder_meta_leave_one_out/260427_learning_rate_half_and_weight_head_1/08_val_M4_Quarterly/dspbuilder_meta_20260427_125329/valid_logs/M4_Quarterly.txt
M4_Quarterly,08_val_M4_Quarterly,dspbuilder_meta_20260427_125329,12,0.604742,0,/home/junghc/TSLib/Time-Series-Library/meta_checkpoints/dspbuilder_meta_leave_one_out/260427_learning_rate_half_and_weight_head_1/08_val_M4_Quarterly/dspbuilder_meta_20260427_125329/valid_logs/M4_Quarterly.txt
M4_Quarterly,08_val_M4_Quarterly,dspbuilder_meta_20260427_125329,13,0.604007,0,/home/junghc/TSLib/Time-Series-Library/meta_checkpoints/dspbuilder_meta_leave_one_out/260427_learning_rate_half_and_weight_head_1/08_val_M4_Quarterly/dspbuilder_meta_20260427_125329/valid_logs/M4_Quarterly.txt
M4_Quarterly,08_val_M4_Quarterly,dspbuilder_meta_20260427_125329,14,0.603232,0,/home/junghc/TSLib/Time-Series-Library/meta_checkpoints/dspbuilder_meta_leave_one_out/260427_learning_rate_half_and_weight_head_1/08_val_M4_Quarterly/dspbuilder_meta_20260427_125329/valid_logs/M4_Quarterly.txt
M4_Quarterly,08_val_M4_Quarterly,dspbuilder_meta_20260427_125329,15,0.603095,0,/home/junghc/TSLib/Time-Series-Library/meta_checkpoints/dspbuilder_meta_leave_one_out/260427_learning_rate_half_and_weight_head_1/08_val_M4_Quarterly/dspbuilder_meta_20260427_125329/valid_logs/M4_Quarterly.txt
M4_Quarterly,08_val_M4_Quarterly,dspbuilder_meta_20260427_125329,16,0.598809,0,/home/junghc/TSLib/Time-Series-Library/meta_checkpoints/dspbuilder_meta_leave_one_out/260427_learning_rate_half_and_weight_head_1/08_val_M4_Quarterly/dspbuilder_meta_20260427_125329/valid_logs/M4_Quarterly.txt
M4_Quarterly,08_val_M4_Quarterly,dspbuilder_meta_20260427_125329,17,0.599871,1,/home/junghc/TSLib/Time-Series-Library/meta_checkpoints/dspbuilder_meta_leave_one_out/260427_learning_rate_half_and_weight_head_1/08_val_M4_Quarterly/dspbuilder_meta_20260427_125329/valid_logs/M4_Quarterly.txt
M4_Quarterly,08_val_M4_Quarterly,dspbuilder_meta_20260427_125329,18,0.601001,2,/home/junghc/TSLib/Time-Series-Library/meta_checkpoints/dspbuilder_meta_leave_one_out/260427_learning_rate_half_and_weight_head_1/08_val_M4_Quarterly/dspbuilder_meta_20260427_125329/valid_logs/M4_Quarterly.txt
M4_Quarterly,08_val_M4_Quarterly,dspbuilder_meta_20260427_125329,19,0.595496,0,/home/junghc/TSLib/Time-Series-Library/meta_checkpoints/dspbuilder_meta_leave_one_out/260427_learning_rate_half_and_weight_head_1/08_val_M4_Quarterly/dspbuilder_meta_20260427_125329/valid_logs/M4_Quarterly.txt
M4_Quarterly,08_val_M4_Quarterly,dspbuilder_meta_20260427_125329,20,0.592899,0,/home/junghc/TSLib/Time-Series-Library/meta_checkpoints/dspbuilder_meta_leave_one_out/260427_learning_rate_half_and_weight_head_1/08_val_M4_Quarterly/dspbuilder_meta_20260427_125329/valid_logs/M4_Quarterly.txt
M4_Quarterly,08_val_M4_Quarterly,dspbuilder_meta_20260427_125329,21,0.594606,1,/home/junghc/TSLib/Time-Series-Library/meta_checkpoints/dspbuilder_meta_leave_one_out/260427_learning_rate_half_and_weight_head_1/08_val_M4_Quarterly/dspbuilder_meta_20260427_125329/valid_logs/M4_Quarterly.txt
M4_Quarterly,08_val_M4_Quarterly,dspbuilder_meta_20260427_125329,22,0.593147,2,/home/junghc/TSLib/Time-Series-Library/meta_checkpoints/dspbuilder_meta_leave_one_out/260427_learning_rate_half_and_weight_head_1/08_val_M4_Quarterly/dspbuilder_meta_20260427_125329/valid_logs/M4_Quarterly.txt
M4_Quarterly,08_val_M4_Quarterly,dspbuilder_meta_20260427_125329,23,0.591498,0,/home/junghc/TSLib/Time-Series-Library/meta_checkpoints/dspbuilder_meta_leave_one_out/260427_learning_rate_half_and_weight_head_1/08_val_M4_Quarterly/dspbuilder_meta_20260427_125329/valid_logs/M4_Quarterly.txt
M4_Quarterly,08_val_M4_Quarterly,dspbuilder_meta_20260427_125329,24,0.588181,0,/home/junghc/TSLib/Time-Series-Library/meta_checkpoints/dspbuilder_meta_leave_one_out/260427_learning_rate_half_and_weight_head_1/08_val_M4_Quarterly/dspbuilder_meta_20260427_125329/valid_logs/M4_Quarterly.txt
M4_Quarterly,08_val_M4_Quarterly,dspbuilder_meta_20260427_125329,25,0.586426,0,/home/junghc/TSLib/Time-Series-Library/meta_checkpoints/dspbuilder_meta_leave_one_out/260427_learning_rate_half_and_weight_head_1/08_val_M4_Quarterly/dspbuilder_meta_20260427_125329/valid_logs/M4_Quarterly.txt
M4_Quarterly,08_val_M4_Quarterly,dspbuilder_meta_20260427_125329,26,0.588502,1,/home/junghc/TSLib/Time-Series-Library/meta_checkpoints/dspbuilder_meta_leave_one_out/260427_learning_rate_half_and_weight_head_1/08_val_M4_Quarterly/dspbuilder_meta_20260427_125329/valid_logs/M4_Quarterly.txt
M4_Quarterly,08_val_M4_Quarterly,dspbuilder_meta_20260427_125329,27,0.591886,2,/home/junghc/TSLib/Time-Series-Library/meta_checkpoints/dspbuilder_meta_leave_one_out/260427_learning_rate_half_and_weight_head_1/08_val_M4_Quarterly/dspbuilder_meta_20260427_125329/valid_logs/M4_Quarterly.txt
M4_Quarterly,08_val_M4_Quarterly,dspbuilder_meta_20260427_125329,28,0.593375,3,/home/junghc/TSLib/Time-Series-Library/meta_checkpoints/dspbuilder_meta_leave_one_out/260427_learning_rate_half_and_weight_head_1/08_val_M4_Quarterly/dspbuilder_meta_20260427_125329/valid_logs/M4_Quarterly.txt
M4_Quarterly,08_val_M4_Quarterly,dspbuilder_meta_20260427_125329,29,0.595564,4,/home/junghc/TSLib/Time-Series-Library/meta_checkpoints/dspbuilder_meta_leave_one_out/260427_learning_rate_half_and_weight_head_1/08_val_M4_Quarterly/dspbuilder_meta_20260427_125329/valid_logs/M4_Quarterly.txt
M4_Quarterly,08_val_M4_Quarterly,dspbuilder_meta_20260427_125329,30,0.592542,5,/home/junghc/TSLib/Time-Series-Library/meta_checkpoints/dspbuilder_meta_leave_one_out/260427_learning_rate_half_and_weight_head_1/08_val_M4_Quarterly/dspbuilder_meta_20260427_125329/valid_logs/M4_Quarterly.txt
M4_Weekly,09_val_M4_Weekly,dspbuilder_meta_20260427_125351,1,0.675926,0,/home/junghc/TSLib/Time-Series-Library/meta_checkpoints/dspbuilder_meta_leave_one_out/260427_learning_rate_half_and_weight_head_1/09_val_M4_Weekly/dspbuilder_meta_20260427_125351/valid_logs/M4_Weekly.txt
M4_Weekly,09_val_M4_Weekly,dspbuilder_meta_20260427_125351,2,0.673641,0,/home/junghc/TSLib/Time-Series-Library/meta_checkpoints/dspbuilder_meta_leave_one_out/260427_learning_rate_half_and_weight_head_1/09_val_M4_Weekly/dspbuilder_meta_20260427_125351/valid_logs/M4_Weekly.txt
M4_Weekly,09_val_M4_Weekly,dspbuilder_meta_20260427_125351,3,0.67433,1,/home/junghc/TSLib/Time-Series-Library/meta_checkpoints/dspbuilder_meta_leave_one_out/260427_learning_rate_half_and_weight_head_1/09_val_M4_Weekly/dspbuilder_meta_20260427_125351/valid_logs/M4_Weekly.txt
M4_Weekly,09_val_M4_Weekly,dspbuilder_meta_20260427_125351,4,0.681189,2,/home/junghc/TSLib/Time-Series-Library/meta_checkpoints/dspbuilder_meta_leave_one_out/260427_learning_rate_half_and_weight_head_1/09_val_M4_Weekly/dspbuilder_meta_20260427_125351/valid_logs/M4_Weekly.txt
M4_Weekly,09_val_M4_Weekly,dspbuilder_meta_20260427_125351,5,0.690334,3,/home/junghc/TSLib/Time-Series-Library/meta_checkpoints/dspbuilder_meta_leave_one_out/260427_learning_rate_half_and_weight_head_1/09_val_M4_Weekly/dspbuilder_meta_20260427_125351/valid_logs/M4_Weekly.txt
M4_Weekly,09_val_M4_Weekly,dspbuilder_meta_20260427_125351,6,0.690861,4,/home/junghc/TSLib/Time-Series-Library/meta_checkpoints/dspbuilder_meta_leave_one_out/260427_learning_rate_half_and_weight_head_1/09_val_M4_Weekly/dspbuilder_meta_20260427_125351/valid_logs/M4_Weekly.txt
M4_Weekly,09_val_M4_Weekly,dspbuilder_meta_20260427_125351,7,0.690825,5,/home/junghc/TSLib/Time-Series-Library/meta_checkpoints/dspbuilder_meta_leave_one_out/260427_learning_rate_half_and_weight_head_1/09_val_M4_Weekly/dspbuilder_meta_20260427_125351/valid_logs/M4_Weekly.txt
ILI,10_val_ILI,dspbuilder_meta_20260427_125349,1,0.656658,0,/home/junghc/TSLib/Time-Series-Library/meta_checkpoints/dspbuilder_meta_leave_one_out/260427_learning_rate_half_and_weight_head_1/10_val_ILI/dspbuilder_meta_20260427_125349/valid_logs/ILI.txt
ILI,10_val_ILI,dspbuilder_meta_20260427_125349,2,0.627246,0,/home/junghc/TSLib/Time-Series-Library/meta_checkpoints/dspbuilder_meta_leave_one_out/260427_learning_rate_half_and_weight_head_1/10_val_ILI/dspbuilder_meta_20260427_125349/valid_logs/ILI.txt
ILI,10_val_ILI,dspbuilder_meta_20260427_125349,3,0.594584,0,/home/junghc/TSLib/Time-Series-Library/meta_checkpoints/dspbuilder_meta_leave_one_out/260427_learning_rate_half_and_weight_head_1/10_val_ILI/dspbuilder_meta_20260427_125349/valid_logs/ILI.txt
ILI,10_val_ILI,dspbuilder_meta_20260427_125349,4,0.56238,0,/home/junghc/TSLib/Time-Series-Library/meta_checkpoints/dspbuilder_meta_leave_one_out/260427_learning_rate_half_and_weight_head_1/10_val_ILI/dspbuilder_meta_20260427_125349/valid_logs/ILI.txt
ILI,10_val_ILI,dspbuilder_meta_20260427_125349,5,0.542161,0,/home/junghc/TSLib/Time-Series-Library/meta_checkpoints/dspbuilder_meta_leave_one_out/260427_learning_rate_half_and_weight_head_1/10_val_ILI/dspbuilder_meta_20260427_125349/valid_logs/ILI.txt
ILI,10_val_ILI,dspbuilder_meta_20260427_125349,6,0.524787,0,/home/junghc/TSLib/Time-Series-Library/meta_checkpoints/dspbuilder_meta_leave_one_out/260427_learning_rate_half_and_weight_head_1/10_val_ILI/dspbuilder_meta_20260427_125349/valid_logs/ILI.txt
ILI,10_val_ILI,dspbuilder_meta_20260427_125349,7,0.524473,0,/home/junghc/TSLib/Time-Series-Library/meta_checkpoints/dspbuilder_meta_leave_one_out/260427_learning_rate_half_and_weight_head_1/10_val_ILI/dspbuilder_meta_20260427_125349/valid_logs/ILI.txt
ILI,10_val_ILI,dspbuilder_meta_20260427_125349,8,0.514981,0,/home/junghc/TSLib/Time-Series-Library/meta_checkpoints/dspbuilder_meta_leave_one_out/260427_learning_rate_half_and_weight_head_1/10_val_ILI/dspbuilder_meta_20260427_125349/valid_logs/ILI.txt
ILI,10_val_ILI,dspbuilder_meta_20260427_125349,9,0.510514,0,/home/junghc/TSLib/Time-Series-Library/meta_checkpoints/dspbuilder_meta_leave_one_out/260427_learning_rate_half_and_weight_head_1/10_val_ILI/dspbuilder_meta_20260427_125349/valid_logs/ILI.txt
ILI,10_val_ILI,dspbuilder_meta_20260427_125349,10,0.512575,1,/home/junghc/TSLib/Time-Series-Library/meta_checkpoints/dspbuilder_meta_leave_one_out/260427_learning_rate_half_and_weight_head_1/10_val_ILI/dspbuilder_meta_20260427_125349/valid_logs/ILI.txt
ILI,10_val_ILI,dspbuilder_meta_20260427_125349,11,0.520934,2,/home/junghc/TSLib/Time-Series-Library/meta_checkpoints/dspbuilder_meta_leave_one_out/260427_learning_rate_half_and_weight_head_1/10_val_ILI/dspbuilder_meta_20260427_125349/valid_logs/ILI.txt
ILI,10_val_ILI,dspbuilder_meta_20260427_125349,12,0.521177,3,/home/junghc/TSLib/Time-Series-Library/meta_checkpoints/dspbuilder_meta_leave_one_out/260427_learning_rate_half_and_weight_head_1/10_val_ILI/dspbuilder_meta_20260427_125349/valid_logs/ILI.txt
ILI,10_val_ILI,dspbuilder_meta_20260427_125349,13,0.530178,4,/home/junghc/TSLib/Time-Series-Library/meta_checkpoints/dspbuilder_meta_leave_one_out/260427_learning_rate_half_and_weight_head_1/10_val_ILI/dspbuilder_meta_20260427_125349/valid_logs/ILI.txt
ILI,10_val_ILI,dspbuilder_meta_20260427_125349,14,0.517877,5,/home/junghc/TSLib/Time-Series-Library/meta_checkpoints/dspbuilder_meta_leave_one_out/260427_learning_rate_half_and_weight_head_1/10_val_ILI/dspbuilder_meta_20260427_125349/valid_logs/ILI.txt
M4_Daily,11_val_M4_Daily,dspbuilder_meta_20260427_125550,1,0.687548,0,/home/junghc/TSLib/Time-Series-Library/meta_checkpoints/dspbuilder_meta_leave_one_out/260427_learning_rate_half_and_weight_head_1/11_val_M4_Daily/dspbuilder_meta_20260427_125550/valid_logs/M4_Daily.txt
M4_Daily,11_val_M4_Daily,dspbuilder_meta_20260427_125550,2,0.682718,0,/home/junghc/TSLib/Time-Series-Library/meta_checkpoints/dspbuilder_meta_leave_one_out/260427_learning_rate_half_and_weight_head_1/11_val_M4_Daily/dspbuilder_meta_20260427_125550/valid_logs/M4_Daily.txt
M4_Daily,11_val_M4_Daily,dspbuilder_meta_20260427_125550,3,0.680565,0,/home/junghc/TSLib/Time-Series-Library/meta_checkpoints/dspbuilder_meta_leave_one_out/260427_learning_rate_half_and_weight_head_1/11_val_M4_Daily/dspbuilder_meta_20260427_125550/valid_logs/M4_Daily.txt
M4_Daily,11_val_M4_Daily,dspbuilder_meta_20260427_125550,4,0.682511,1,/home/junghc/TSLib/Time-Series-Library/meta_checkpoints/dspbuilder_meta_leave_one_out/260427_learning_rate_half_and_weight_head_1/11_val_M4_Daily/dspbuilder_meta_20260427_125550/valid_logs/M4_Daily.txt
M4_Daily,11_val_M4_Daily,dspbuilder_meta_20260427_125550,5,0.689738,2,/home/junghc/TSLib/Time-Series-Library/meta_checkpoints/dspbuilder_meta_leave_one_out/260427_learning_rate_half_and_weight_head_1/11_val_M4_Daily/dspbuilder_meta_20260427_125550/valid_logs/M4_Daily.txt
M4_Daily,11_val_M4_Daily,dspbuilder_meta_20260427_125550,6,0.696915,3,/home/junghc/TSLib/Time-Series-Library/meta_checkpoints/dspbuilder_meta_leave_one_out/260427_learning_rate_half_and_weight_head_1/11_val_M4_Daily/dspbuilder_meta_20260427_125550/valid_logs/M4_Daily.txt
M4_Daily,11_val_M4_Daily,dspbuilder_meta_20260427_125550,7,0.691291,4,/home/junghc/TSLib/Time-Series-Library/meta_checkpoints/dspbuilder_meta_leave_one_out/260427_learning_rate_half_and_weight_head_1/11_val_M4_Daily/dspbuilder_meta_20260427_125550/valid_logs/M4_Daily.txt
M4_Daily,11_val_M4_Daily,dspbuilder_meta_20260427_125550,8,0.691592,5,/home/junghc/TSLib/Time-Series-Library/meta_checkpoints/dspbuilder_meta_leave_one_out/260427_learning_rate_half_and_weight_head_1/11_val_M4_Daily/dspbuilder_meta_20260427_125550/valid_logs/M4_Daily.txt
M4_Yearly,12_val_M4_Yearly,dspbuilder_meta_20260427_125433,1,0.720209,0,/home/junghc/TSLib/Time-Series-Library/meta_checkpoints/dspbuilder_meta_leave_one_out/260427_learning_rate_half_and_weight_head_1/12_val_M4_Yearly/dspbuilder_meta_20260427_125433/valid_logs/M4_Yearly.txt
M4_Yearly,12_val_M4_Yearly,dspbuilder_meta_20260427_125433,2,0.725828,1,/home/junghc/TSLib/Time-Series-Library/meta_checkpoints/dspbuilder_meta_leave_one_out/260427_learning_rate_half_and_weight_head_1/12_val_M4_Yearly/dspbuilder_meta_20260427_125433/valid_logs/M4_Yearly.txt
M4_Yearly,12_val_M4_Yearly,dspbuilder_meta_20260427_125433,3,0.73675,2,/home/junghc/TSLib/Time-Series-Library/meta_checkpoints/dspbuilder_meta_leave_one_out/260427_learning_rate_half_and_weight_head_1/12_val_M4_Yearly/dspbuilder_meta_20260427_125433/valid_logs/M4_Yearly.txt
M4_Yearly,12_val_M4_Yearly,dspbuilder_meta_20260427_125433,4,0.755225,3,/home/junghc/TSLib/Time-Series-Library/meta_checkpoints/dspbuilder_meta_leave_one_out/260427_learning_rate_half_and_weight_head_1/12_val_M4_Yearly/dspbuilder_meta_20260427_125433/valid_logs/M4_Yearly.txt
M4_Yearly,12_val_M4_Yearly,dspbuilder_meta_20260427_125433,5,0.780577,4,/home/junghc/TSLib/Time-Series-Library/meta_checkpoints/dspbuilder_meta_leave_one_out/260427_learning_rate_half_and_weight_head_1/12_val_M4_Yearly/dspbuilder_meta_20260427_125433/valid_logs/M4_Yearly.txt
M4_Yearly,12_val_M4_Yearly,dspbuilder_meta_20260427_125433,6,0.801901,5,/home/junghc/TSLib/Time-Series-Library/meta_checkpoints/dspbuilder_meta_leave_one_out/260427_learning_rate_half_and_weight_head_1/12_val_M4_Yearly/dspbuilder_meta_20260427_125433/valid_logs/M4_Yearly.txt
