dataset,registry_name,family,source_format,source_path,split,sample_rank,window_index,series_index,window_start,input_len,pred_len,n_channels,pooling,scale,pc1,pc2,pc3,pc1_explained_ratio,pc2_explained_ratio,pc3_explained_ratio
ECL,ECL,Benchmark,csv,dataset/electricity/electricity.csv,train,1,10007,0,10007,96,96,321,mean,train_split_standard,-0.962982775,-1.177071702,1.745715636,0.359667531,0.099896136,0.091346773
ECL,ECL,Benchmark,csv,dataset/electricity/electricity.csv,train,2,1267,0,1267,96,96,321,mean,train_split_standard,-1.108168177,-1.134733381,1.841617473,0.359667531,0.099896136,0.091346773
ECL,ECL,Benchmark,csv,dataset/electricity/electricity.csv,train,3,14951,0,14951,96,96,321,mean,train_split_standard,-1.081524898,-1.170704964,1.670629308,0.359667531,0.099896136,0.091346773
ECL,ECL,Benchmark,csv,dataset/electricity/electricity.csv,train,4,10198,0,10198,96,96,321,mean,train_split_standard,-1.008731913,-1.137047079,1.562649061,0.359667531,0.099896136,0.091346773
ECL,ECL,Benchmark,csv,dataset/electricity/electricity.csv,train,5,1625,0,1625,96,96,321,mean,train_split_standard,-1.244031151,-1.215886669,1.967789392,0.359667531,0.099896136,0.091346773
ETTh1,ETTh1,Benchmark,csv,dataset/ETT-small/ETTh1.csv,train,1,7532,0,7532,96,96,7,mean,train_split_standard,-1.700285116,-0.714663756,0.686853249,0.359667531,0.099896136,0.091346773
ETTh1,ETTh1,Benchmark,csv,dataset/ETT-small/ETTh1.csv,train,2,3783,0,3783,96,96,7,mean,train_split_standard,3.793039091,0.712780495,-1.875614759,0.359667531,0.099896136,0.091346773
ETTh1,ETTh1,Benchmark,csv,dataset/ETT-small/ETTh1.csv,train,3,6779,0,6779,96,96,7,mean,train_split_standard,-0.758058583,-0.615015598,0.562655466,0.359667531,0.099896136,0.091346773
ETTh1,ETTh1,Benchmark,csv,dataset/ETT-small/ETTh1.csv,train,4,801,0,801,96,96,7,mean,train_split_standard,-0.972544098,-0.432080020,-1.185777710,0.359667531,0.099896136,0.091346773
ETTh1,ETTh1,Benchmark,csv,dataset/ETT-small/ETTh1.csv,train,5,1129,0,1129,96,96,7,mean,train_split_standard,-1.564297548,-1.082992001,0.340211321,0.359667531,0.099896136,0.091346773
exchange_rate,exchange_rate,Benchmark,csv,dataset/exchange_rate/exchange_rate.csv,train,1,1447,0,1447,96,96,8,mean,train_split_standard,2.319654930,-0.213656105,-0.314058155,0.359667531,0.099896136,0.091346773
exchange_rate,exchange_rate,Benchmark,csv,dataset/exchange_rate/exchange_rate.csv,train,2,4208,0,4208,96,96,8,mean,train_split_standard,2.151429622,0.579929119,-0.900614031,0.359667531,0.099896136,0.091346773
exchange_rate,exchange_rate,Benchmark,csv,dataset/exchange_rate/exchange_rate.csv,train,3,261,0,261,96,96,8,mean,train_split_standard,3.621223591,-0.250267984,-0.284615668,0.359667531,0.099896136,0.091346773
exchange_rate,exchange_rate,Benchmark,csv,dataset/exchange_rate/exchange_rate.csv,train,4,1676,0,1676,96,96,8,mean,train_split_standard,3.537945216,-0.244248417,-0.817232364,0.359667531,0.099896136,0.091346773
exchange_rate,exchange_rate,Benchmark,csv,dataset/exchange_rate/exchange_rate.csv,train,5,2533,0,2533,96,96,8,mean,train_split_standard,0.005555305,-0.589332905,-0.361632814,0.359667531,0.099896136,0.091346773
illness,illness,Benchmark,csv,dataset/illness/national_illness.csv,train,1,237,0,237,36,36,7,mean,train_split_standard,1.002187332,-0.485598245,-1.092528346,0.359667531,0.099896136,0.091346773
illness,illness,Benchmark,csv,dataset/illness/national_illness.csv,train,2,509,0,509,36,36,7,mean,train_split_standard,0.798211503,0.332667616,-1.048847754,0.359667531,0.099896136,0.091346773
illness,illness,Benchmark,csv,dataset/illness/national_illness.csv,train,3,415,0,415,36,36,7,mean,train_split_standard,-0.385240344,-0.234048425,0.145113726,0.359667531,0.099896136,0.091346773
illness,illness,Benchmark,csv,dataset/illness/national_illness.csv,train,4,4,0,4,36,36,7,mean,train_split_standard,0.888791812,-0.562791482,0.693438195,0.359667531,0.099896136,0.091346773
illness,illness,Benchmark,csv,dataset/illness/national_illness.csv,train,5,252,0,252,36,36,7,mean,train_split_standard,0.483933093,1.116713368,-0.633850959,0.359667531,0.099896136,0.091346773
traffic,traffic,Benchmark,csv,dataset/traffic/traffic.csv,train,1,1164,0,1164,96,96,862,mean,train_split_standard,-1.149642715,-2.415141465,1.742775466,0.359667531,0.099896136,0.091346773
traffic,traffic,Benchmark,csv,dataset/traffic/traffic.csv,train,2,9752,0,9752,96,96,862,mean,train_split_standard,-1.010680027,-2.302400174,1.879232690,0.359667531,0.099896136,0.091346773
traffic,traffic,Benchmark,csv,dataset/traffic/traffic.csv,train,3,1333,0,1333,96,96,862,mean,train_split_standard,-0.643314939,-2.229863808,0.820488139,0.359667531,0.099896136,0.091346773
traffic,traffic,Benchmark,csv,dataset/traffic/traffic.csv,train,4,5565,0,5565,96,96,862,mean,train_split_standard,-1.220664474,-1.547303711,1.627259791,0.359667531,0.099896136,0.091346773
traffic,traffic,Benchmark,csv,dataset/traffic/traffic.csv,train,5,5038,0,5038,96,96,862,mean,train_split_standard,-1.115592454,-1.810532862,2.068307195,0.359667531,0.099896136,0.091346773
weather,weather,Benchmark,csv,dataset/weather/weather.csv,train,1,21916,0,21916,96,96,21,mean,train_split_standard,4.989903383,0.694636420,1.487480618,0.359667531,0.099896136,0.091346773
weather,weather,Benchmark,csv,dataset/weather/weather.csv,train,2,18330,0,18330,96,96,21,mean,train_split_standard,4.723614880,1.165445432,1.357252923,0.359667531,0.099896136,0.091346773
weather,weather,Benchmark,csv,dataset/weather/weather.csv,train,3,15632,0,15632,96,96,21,mean,train_split_standard,4.188092231,0.033855912,-0.187698944,0.359667531,0.099896136,0.091346773
weather,weather,Benchmark,csv,dataset/weather/weather.csv,train,4,16458,0,16458,96,96,21,mean,train_split_standard,4.063490221,0.545833785,1.223688290,0.359667531,0.099896136,0.091346773
weather,weather,Benchmark,csv,dataset/weather/weather.csv,train,5,15745,0,15745,96,96,21,mean,train_split_standard,5.135497687,-0.262522252,0.946141509,0.359667531,0.099896136,0.091346773
anonymous_public_load_power_data_per_unit,anonymous_public_load_power_data_per_unit,Monash,rds,dataset/Monash_Dataset/anonymous_public_load_power_data_per_unit/*.rds,train,1,65669003,181,253201,96,96,1,mean,train_split_standard,0.077638985,-1.755707386,-0.757361046,0.359667531,0.099896136,0.091346773
anonymous_public_load_power_data_per_unit,anonymous_public_load_power_data_per_unit,Monash,rds,dataset/Monash_Dataset/anonymous_public_load_power_data_per_unit/*.rds,train,2,87202127,237,349435,96,96,1,mean,train_split_standard,-0.466062589,0.756189436,-0.351237441,0.359667531,0.099896136,0.091346773
anonymous_public_load_power_data_per_unit,anonymous_public_load_power_data_per_unit,Monash,rds,dataset/Monash_Dataset/anonymous_public_load_power_data_per_unit/*.rds,train,3,96780739,264,69329,96,96,1,mean,train_split_standard,-2.871787901,1.321632068,-1.225415524,0.359667531,0.099896136,0.091346773
anonymous_public_load_power_data_per_unit,anonymous_public_load_power_data_per_unit,Monash,rds,dataset/Monash_Dataset/anonymous_public_load_power_data_per_unit/*.rds,train,4,21275141,65,173658,96,96,1,mean,train_split_standard,-0.324197431,0.308326529,-1.634818789,0.359667531,0.099896136,0.091346773
anonymous_public_load_power_data_per_unit,anonymous_public_load_power_data_per_unit,Monash,rds,dataset/Monash_Dataset/anonymous_public_load_power_data_per_unit/*.rds,train,5,20333021,62,77602,96,96,1,mean,train_split_standard,1.586127905,-1.487766620,-3.171660278,0.359667531,0.099896136,0.091346773
anonymous_public_pv_power_data_per_unit,anonymous_public_pv_power_data_per_unit,Monash,rds,dataset/Monash_Dataset/anonymous_public_pv_power_data_per_unit/*.rds,train,1,8434310,24,384199,96,96,1,mean,train_split_standard,5.054341416,5.020533008,0.662732133,0.359667531,0.099896136,0.091346773
anonymous_public_pv_power_data_per_unit,anonymous_public_pv_power_data_per_unit,Monash,rds,dataset/Monash_Dataset/anonymous_public_pv_power_data_per_unit/*.rds,train,2,55071613,151,284064,96,96,1,mean,train_split_standard,1.850419396,-2.365808249,-0.899061747,0.359667531,0.099896136,0.091346773
anonymous_public_pv_power_data_per_unit,anonymous_public_pv_power_data_per_unit,Monash,rds,dataset/Monash_Dataset/anonymous_public_pv_power_data_per_unit/*.rds,train,3,16177150,50,66517,96,96,1,mean,train_split_standard,-0.823974774,-1.163634675,1.109642000,0.359667531,0.099896136,0.091346773
anonymous_public_pv_power_data_per_unit,anonymous_public_pv_power_data_per_unit,Monash,rds,dataset/Monash_Dataset/anonymous_public_pv_power_data_per_unit/*.rds,train,4,1468471,5,124631,96,96,1,mean,train_split_standard,1.984492008,1.504725132,-0.832222746,0.359667531,0.099896136,0.091346773
anonymous_public_pv_power_data_per_unit,anonymous_public_pv_power_data_per_unit,Monash,rds,dataset/Monash_Dataset/anonymous_public_pv_power_data_per_unit/*.rds,train,5,40332331,113,95025,96,96,1,mean,train_split_standard,0.696803019,-0.720126166,-1.739525015,0.359667531,0.099896136,0.091346773
australian_electricity_demand_dataset,australian_electricity_demand_dataset,Monash,tsf,dataset/Monash_Dataset/australian_electricity_demand_dataset/australian_electricity_demand_dataset.tsf,train,1,38910,0,38910,96,96,1,mean,train_split_standard,2.096746321,0.864685983,2.067433099,0.359667531,0.099896136,0.091346773
australian_electricity_demand_dataset,australian_electricity_demand_dataset,Monash,tsf,dataset/Monash_Dataset/australian_electricity_demand_dataset/australian_electricity_demand_dataset.tsf,train,2,685227,4,38823,96,96,1,mean,train_split_standard,-0.442894035,-0.610723448,3.379762661,0.359667531,0.099896136,0.091346773
australian_electricity_demand_dataset,australian_electricity_demand_dataset,Monash,tsf,dataset/Monash_Dataset/australian_electricity_demand_dataset/australian_electricity_demand_dataset.tsf,train,3,329238,2,6590,96,96,1,mean,train_split_standard,1.177469427,-1.219274797,1.182568483,0.359667531,0.099896136,0.091346773
australian_electricity_demand_dataset,australian_electricity_demand_dataset,Monash,tsf,dataset/Monash_Dataset/australian_electricity_demand_dataset/australian_electricity_demand_dataset.tsf,train,4,551221,3,66174,96,96,1,mean,train_split_standard,0.855808419,-0.834444669,2.170391391,0.359667531,0.099896136,0.091346773
australian_electricity_demand_dataset,australian_electricity_demand_dataset,Monash,tsf,dataset/Monash_Dataset/australian_electricity_demand_dataset/australian_electricity_demand_dataset.tsf,train,5,173662,1,12338,96,96,1,mean,train_split_standard,3.707161046,0.667122628,-2.776559317,0.359667531,0.099896136,0.091346773
bitcoin_dataset_without_missing_values,bitcoin_dataset_without_missing_values,Monash,tsf,dataset/Monash_Dataset/bitcoin_dataset_without_missing_values/bitcoin_dataset_without_missing_values.tsf,train,1,30987,11,381,96,96,1,mean,train_split_standard,-0.802710392,0.296622877,-0.123902612,0.359667531,0.099896136,0.091346773
bitcoin_dataset_without_missing_values,bitcoin_dataset_without_missing_values,Monash,tsf,dataset/Monash_Dataset/bitcoin_dataset_without_missing_values/bitcoin_dataset_without_missing_values.tsf,train,2,43948,15,1682,96,96,1,mean,train_split_standard,-0.802710392,0.296622877,-0.123902612,0.359667531,0.099896136,0.091346773
bitcoin_dataset_without_missing_values,bitcoin_dataset_without_missing_values,Monash,tsf,dataset/Monash_Dataset/bitcoin_dataset_without_missing_values/bitcoin_dataset_without_missing_values.tsf,train,3,40888,14,1633,96,96,1,mean,train_split_standard,-0.802710392,0.296622877,-0.123902612,0.359667531,0.099896136,0.091346773
bitcoin_dataset_without_missing_values,bitcoin_dataset_without_missing_values,Monash,tsf,dataset/Monash_Dataset/bitcoin_dataset_without_missing_values/bitcoin_dataset_without_missing_values.tsf,train,4,29113,10,1130,96,96,1,mean,train_split_standard,-0.802710392,0.296622877,-0.123902612,0.359667531,0.099896136,0.091346773
bitcoin_dataset_without_missing_values,bitcoin_dataset_without_missing_values,Monash,tsf,dataset/Monash_Dataset/bitcoin_dataset_without_missing_values/bitcoin_dataset_without_missing_values.tsf,train,5,10938,3,2289,96,96,1,mean,train_split_standard,3.771231123,2.622493613,1.241616934,0.359667531,0.099896136,0.091346773
elecdemand_dataset,elecdemand_dataset,Monash,tsf,dataset/Monash_Dataset/elecdemand_dataset/elecdemand_dataset.tsf,train,1,6986,0,6986,96,96,1,mean,train_split_standard,1.339976681,-0.196937112,1.873838329,0.359667531,0.099896136,0.091346773
elecdemand_dataset,elecdemand_dataset,Monash,tsf,dataset/Monash_Dataset/elecdemand_dataset/elecdemand_dataset.tsf,train,2,5432,0,5432,96,96,1,mean,train_split_standard,1.447805796,-0.019014563,2.583369701,0.359667531,0.099896136,0.091346773
elecdemand_dataset,elecdemand_dataset,Monash,tsf,dataset/Monash_Dataset/elecdemand_dataset/elecdemand_dataset.tsf,train,3,9917,0,9917,96,96,1,mean,train_split_standard,0.655727017,-2.070652660,-0.130731050,0.359667531,0.099896136,0.091346773
elecdemand_dataset,elecdemand_dataset,Monash,tsf,dataset/Monash_Dataset/elecdemand_dataset/elecdemand_dataset.tsf,train,4,9573,0,9573,96,96,1,mean,train_split_standard,0.137642383,0.372638109,1.325560023,0.359667531,0.099896136,0.091346773
elecdemand_dataset,elecdemand_dataset,Monash,tsf,dataset/Monash_Dataset/elecdemand_dataset/elecdemand_dataset.tsf,train,5,7155,0,7155,96,96,1,mean,train_split_standard,1.323235665,-1.946180038,2.209664562,0.359667531,0.099896136,0.091346773
electricity_hourly_dataset,electricity_hourly_dataset,Monash,tsf,dataset/Monash_Dataset/electricity_hourly_dataset/electricity_hourly_dataset.tsf,train,1,1490981,81,15080,96,96,1,mean,train_split_standard,2.782610818,1.462475561,-1.328258200,0.359667531,0.099896136,0.091346773
electricity_hourly_dataset,electricity_hourly_dataset,Monash,tsf,dataset/Monash_Dataset/electricity_hourly_dataset/electricity_hourly_dataset.tsf,train,2,2380248,130,11518,96,96,1,mean,train_split_standard,-0.675467446,-2.011182059,1.554452618,0.359667531,0.099896136,0.091346773
electricity_hourly_dataset,electricity_hourly_dataset,Monash,tsf,dataset/Monash_Dataset/electricity_hourly_dataset/electricity_hourly_dataset.tsf,train,3,706720,38,14322,96,96,1,mean,train_split_standard,-2.797202043,-2.776025149,1.570450473,0.359667531,0.099896136,0.091346773
electricity_hourly_dataset,electricity_hourly_dataset,Monash,tsf,dataset/Monash_Dataset/electricity_hourly_dataset/electricity_hourly_dataset.tsf,train,4,1949842,107,195,96,96,1,mean,train_split_standard,3.266421358,10.096841745,8.688109286,0.359667531,0.099896136,0.091346773
electricity_hourly_dataset,electricity_hourly_dataset,Monash,tsf,dataset/Monash_Dataset/electricity_hourly_dataset/electricity_hourly_dataset.tsf,train,5,5755902,315,16287,96,96,1,mean,train_split_standard,-1.055378292,0.266198570,3.819531070,0.359667531,0.099896136,0.091346773
kdd_cup_2018_dataset_without_missing_values,kdd_cup_2018_dataset_without_missing_values,Monash,tsf,dataset/Monash_Dataset/kdd_cup_2018_dataset_without_missing_values/kdd_cup_2018_dataset_without_missing_values.tsf,train,1,1083395,145,5030,96,96,1,mean,train_split_standard,-0.802710392,0.296622877,-0.123902612,0.359667531,0.099896136,0.091346773
kdd_cup_2018_dataset_without_missing_values,kdd_cup_2018_dataset_without_missing_values,Monash,tsf,dataset/Monash_Dataset/kdd_cup_2018_dataset_without_missing_values/kdd_cup_2018_dataset_without_missing_values.tsf,train,2,1375493,184,7085,96,96,1,mean,train_split_standard,-0.049914105,0.064152287,1.953637341,0.359667531,0.099896136,0.091346773
kdd_cup_2018_dataset_without_missing_values,kdd_cup_2018_dataset_without_missing_values,Monash,tsf,dataset/Monash_Dataset/kdd_cup_2018_dataset_without_missing_values/kdd_cup_2018_dataset_without_missing_values.tsf,train,3,60701,8,1205,96,96,1,mean,train_split_standard,1.738515338,-2.328501964,-1.245709760,0.359667531,0.099896136,0.091346773
kdd_cup_2018_dataset_without_missing_values,kdd_cup_2018_dataset_without_missing_values,Monash,tsf,dataset/Monash_Dataset/kdd_cup_2018_dataset_without_missing_values/kdd_cup_2018_dataset_without_missing_values.tsf,train,4,151040,20,2300,96,96,1,mean,train_split_standard,0.303306540,-1.501157423,0.521010157,0.359667531,0.099896136,0.091346773
kdd_cup_2018_dataset_without_missing_values,kdd_cup_2018_dataset_without_missing_values,Monash,tsf,dataset/Monash_Dataset/kdd_cup_2018_dataset_without_missing_values/kdd_cup_2018_dataset_without_missing_values.tsf,train,5,1287730,173,1129,96,96,1,mean,train_split_standard,0.633653779,-1.331898387,-1.135866552,0.359667531,0.099896136,0.091346773
oikolab_weather_dataset,oikolab_weather_dataset,Monash,tsf,dataset/Monash_Dataset/oikolab_weather_dataset/oikolab_weather_dataset.tsf,train,1,364168,5,14928,96,96,1,mean,train_split_standard,-0.676712314,-1.758617955,1.964176047,0.359667531,0.099896136,0.091346773
oikolab_weather_dataset,oikolab_weather_dataset,Monash,tsf,dataset/Monash_Dataset/oikolab_weather_dataset/oikolab_weather_dataset.tsf,train,2,337409,4,58017,96,96,1,mean,train_split_standard,-0.249791665,-0.393334337,2.605580458,0.359667531,0.099896136,0.091346773
oikolab_weather_dataset,oikolab_weather_dataset,Monash,tsf,dataset/Monash_Dataset/oikolab_weather_dataset/oikolab_weather_dataset.tsf,train,3,173599,2,33903,96,96,1,mean,train_split_standard,0.192845330,-3.513892786,1.659637877,0.359667531,0.099896136,0.091346773
oikolab_weather_dataset,oikolab_weather_dataset,Monash,tsf,dataset/Monash_Dataset/oikolab_weather_dataset/oikolab_weather_dataset.tsf,train,4,229573,3,20029,96,96,1,mean,train_split_standard,3.241700326,0.361382292,-1.521603764,0.359667531,0.099896136,0.091346773
oikolab_weather_dataset,oikolab_weather_dataset,Monash,tsf,dataset/Monash_Dataset/oikolab_weather_dataset/oikolab_weather_dataset.tsf,train,5,179891,2,40195,96,96,1,mean,train_split_standard,1.141976162,1.367577834,-0.896891186,0.359667531,0.099896136,0.091346773
pedestrian_counts_dataset,pedestrian_counts_dataset,Monash,tsf,dataset/Monash_Dataset/pedestrian_counts_dataset/pedestrian_counts_dataset.tsf,train,1,377040,5,59191,96,96,1,mean,train_split_standard,-2.153597700,-2.065669907,-0.432521775,0.359667531,0.099896136,0.091346773
pedestrian_counts_dataset,pedestrian_counts_dataset,Monash,tsf,dataset/Monash_Dataset/pedestrian_counts_dataset/pedestrian_counts_dataset.tsf,train,2,1032244,16,55725,96,96,1,mean,train_split_standard,-1.786529490,-1.712538849,-0.309136717,0.359667531,0.099896136,0.091346773
pedestrian_counts_dataset,pedestrian_counts_dataset,Monash,tsf,dataset/Monash_Dataset/pedestrian_counts_dataset/pedestrian_counts_dataset.tsf,train,3,1289061,22,30332,96,96,1,mean,train_split_standard,-1.507676665,-1.636102673,-0.068154421,0.359667531,0.099896136,0.091346773
pedestrian_counts_dataset,pedestrian_counts_dataset,Monash,tsf,dataset/Monash_Dataset/pedestrian_counts_dataset/pedestrian_counts_dataset.tsf,train,4,832308,13,12706,96,96,1,mean,train_split_standard,-3.675824186,0.372579716,-1.086623177,0.359667531,0.099896136,0.091346773
pedestrian_counts_dataset,pedestrian_counts_dataset,Monash,tsf,dataset/Monash_Dataset/pedestrian_counts_dataset/pedestrian_counts_dataset.tsf,train,5,2050144,49,9711,96,96,1,mean,train_split_standard,-0.928112852,-3.258840163,1.807067891,0.359667531,0.099896136,0.091346773
saugeenday_dataset,saugeenday_dataset,Monash,tsf,dataset/Monash_Dataset/saugeenday_dataset/saugeenday_dataset.tsf,train,1,10834,0,10834,96,96,1,mean,train_split_standard,-0.000033241,-0.294021846,-2.248013321,0.359667531,0.099896136,0.091346773
saugeenday_dataset,saugeenday_dataset,Monash,tsf,dataset/Monash_Dataset/saugeenday_dataset/saugeenday_dataset.tsf,train,2,4592,0,4592,96,96,1,mean,train_split_standard,-1.860496866,-1.341935896,-0.955870260,0.359667531,0.099896136,0.091346773
saugeenday_dataset,saugeenday_dataset,Monash,tsf,dataset/Monash_Dataset/saugeenday_dataset/saugeenday_dataset.tsf,train,3,8839,0,8839,96,96,1,mean,train_split_standard,1.018753977,-1.962258324,0.989135513,0.359667531,0.099896136,0.091346773
saugeenday_dataset,saugeenday_dataset,Monash,tsf,dataset/Monash_Dataset/saugeenday_dataset/saugeenday_dataset.tsf,train,4,7607,0,7607,96,96,1,mean,train_split_standard,0.260969542,-0.333059798,2.159940701,0.359667531,0.099896136,0.091346773
saugeenday_dataset,saugeenday_dataset,Monash,tsf,dataset/Monash_Dataset/saugeenday_dataset/saugeenday_dataset.tsf,train,5,4292,0,4292,96,96,1,mean,train_split_standard,0.252953838,0.109890362,-1.873643892,0.359667531,0.099896136,0.091346773
solar_10_minutes_dataset,solar_10_minutes_dataset,Monash,tsf,dataset/Monash_Dataset/solar_10_minutes_dataset/solar_10_minutes_dataset.tsf,train,1,1805251,49,11802,96,96,1,mean,train_split_standard,6.745306388,1.333653000,-2.403238583,0.359667531,0.099896136,0.091346773
solar_10_minutes_dataset,solar_10_minutes_dataset,Monash,tsf,dataset/Monash_Dataset/solar_10_minutes_dataset/solar_10_minutes_dataset.tsf,train,2,4869659,133,1726,96,96,1,mean,train_split_standard,5.159488685,1.226665518,-1.167237773,0.359667531,0.099896136,0.091346773
solar_10_minutes_dataset,solar_10_minutes_dataset,Monash,tsf,dataset/Monash_Dataset/solar_10_minutes_dataset/solar_10_minutes_dataset.tsf,train,3,1942317,53,2464,96,96,1,mean,train_split_standard,5.648233755,-1.109633448,0.621354113,0.359667531,0.099896136,0.091346773
solar_10_minutes_dataset,solar_10_minutes_dataset,Monash,tsf,dataset/Monash_Dataset/solar_10_minutes_dataset/solar_10_minutes_dataset.tsf,train,4,688306,18,29488,96,96,1,mean,train_split_standard,6.645733307,3.227952418,0.063485527,0.359667531,0.099896136,0.091346773
solar_10_minutes_dataset,solar_10_minutes_dataset,Monash,tsf,dataset/Monash_Dataset/solar_10_minutes_dataset/solar_10_minutes_dataset.tsf,train,5,1928397,52,25145,96,96,1,mean,train_split_standard,4.928180077,0.174625336,3.811730006,0.359667531,0.099896136,0.091346773
solar_4_seconds_dataset,solar_4_seconds_dataset,Monash,tsf,dataset/Monash_Dataset/solar_4_seconds_dataset/solar_4_seconds_dataset.tsf,train,1,2054005,0,2054005,96,96,1,mean,train_split_standard,-0.802710392,0.296622877,-0.123902612,0.359667531,0.099896136,0.091346773
solar_4_seconds_dataset,solar_4_seconds_dataset,Monash,tsf,dataset/Monash_Dataset/solar_4_seconds_dataset/solar_4_seconds_dataset.tsf,train,2,3282310,0,3282310,96,96,1,mean,train_split_standard,9.028991176,3.132984415,2.664490449,0.359667531,0.099896136,0.091346773
solar_4_seconds_dataset,solar_4_seconds_dataset,Monash,tsf,dataset/Monash_Dataset/solar_4_seconds_dataset/solar_4_seconds_dataset.tsf,train,3,957078,0,957078,96,96,1,mean,train_split_standard,-0.802710392,0.296622877,-0.123902612,0.359667531,0.099896136,0.091346773
solar_4_seconds_dataset,solar_4_seconds_dataset,Monash,tsf,dataset/Monash_Dataset/solar_4_seconds_dataset/solar_4_seconds_dataset.tsf,train,4,3672467,0,3672467,96,96,1,mean,train_split_standard,4.664948853,3.322005329,1.116354093,0.359667531,0.099896136,0.091346773
solar_4_seconds_dataset,solar_4_seconds_dataset,Monash,tsf,dataset/Monash_Dataset/solar_4_seconds_dataset/solar_4_seconds_dataset.tsf,train,5,3779290,0,3779290,96,96,1,mean,train_split_standard,4.168236170,0.827057127,0.237806291,0.359667531,0.099896136,0.091346773
sunspot_dataset_without_missing_values,sunspot_dataset_without_missing_values,Monash,tsf,dataset/Monash_Dataset/sunspot_dataset_without_missing_values/sunspot_dataset_without_missing_values.tsf,train,1,21558,0,21558,96,96,1,mean,train_split_standard,-1.240384790,-2.076551196,1.040272645,0.359667531,0.099896136,0.091346773
sunspot_dataset_without_missing_values,sunspot_dataset_without_missing_values,Monash,tsf,dataset/Monash_Dataset/sunspot_dataset_without_missing_values/sunspot_dataset_without_missing_values.tsf,train,2,28250,0,28250,96,96,1,mean,train_split_standard,-1.434129294,-2.150830571,0.256038215,0.359667531,0.099896136,0.091346773
sunspot_dataset_without_missing_values,sunspot_dataset_without_missing_values,Monash,tsf,dataset/Monash_Dataset/sunspot_dataset_without_missing_values/sunspot_dataset_without_missing_values.tsf,train,3,42021,0,42021,96,96,1,mean,train_split_standard,-0.011883329,-1.419434324,2.282990075,0.359667531,0.099896136,0.091346773
sunspot_dataset_without_missing_values,sunspot_dataset_without_missing_values,Monash,tsf,dataset/Monash_Dataset/sunspot_dataset_without_missing_values/sunspot_dataset_without_missing_values.tsf,train,4,3147,0,3147,96,96,1,mean,train_split_standard,-1.621656877,0.157797716,-1.878402105,0.359667531,0.099896136,0.091346773
sunspot_dataset_without_missing_values,sunspot_dataset_without_missing_values,Monash,tsf,dataset/Monash_Dataset/sunspot_dataset_without_missing_values/sunspot_dataset_without_missing_values.tsf,train,5,30879,0,30879,96,96,1,mean,train_split_standard,-0.168678348,0.217672715,-0.893866998,0.359667531,0.099896136,0.091346773
traffic_hourly_dataset,traffic_hourly_dataset,Monash,tsf,dataset/Monash_Dataset/traffic_hourly_dataset/traffic_hourly_dataset.tsf,train,1,1485012,122,10154,96,96,1,mean,train_split_standard,-1.530843389,-1.955779786,0.635898465,0.359667531,0.099896136,0.091346773
traffic_hourly_dataset,traffic_hourly_dataset,Monash,tsf,dataset/Monash_Dataset/traffic_hourly_dataset/traffic_hourly_dataset.tsf,train,2,7032304,581,8595,96,96,1,mean,train_split_standard,-0.723017792,-3.118225661,1.779089383,0.359667531,0.099896136,0.091346773
traffic_hourly_dataset,traffic_hourly_dataset,Monash,tsf,dataset/Monash_Dataset/traffic_hourly_dataset/traffic_hourly_dataset.tsf,train,3,7305543,604,3787,96,96,1,mean,train_split_standard,-2.233085182,-0.287505151,1.810027001,0.359667531,0.099896136,0.091346773
traffic_hourly_dataset,traffic_hourly_dataset,Monash,tsf,dataset/Monash_Dataset/traffic_hourly_dataset/traffic_hourly_dataset.tsf,train,4,3102404,256,7620,96,96,1,mean,train_split_standard,-1.073418400,-2.870671934,1.026407160,0.359667531,0.099896136,0.091346773
traffic_hourly_dataset,traffic_hourly_dataset,Monash,tsf,dataset/Monash_Dataset/traffic_hourly_dataset/traffic_hourly_dataset.tsf,train,5,2163242,178,11400,96,96,1,mean,train_split_standard,-1.732531321,-0.172558782,2.784015576,0.359667531,0.099896136,0.091346773
us_births_dataset,us_births_dataset,Monash,tsf,dataset/Monash_Dataset/us_births_dataset/us_births_dataset.tsf,train,1,2476,0,2476,96,96,1,mean,train_split_standard,-5.266075659,1.564654569,0.696464397,0.359667531,0.099896136,0.091346773
us_births_dataset,us_births_dataset,Monash,tsf,dataset/Monash_Dataset/us_births_dataset/us_births_dataset.tsf,train,2,2676,0,2676,96,96,1,mean,train_split_standard,-4.612460453,2.782133051,-0.009025784,0.359667531,0.099896136,0.091346773
us_births_dataset,us_births_dataset,Monash,tsf,dataset/Monash_Dataset/us_births_dataset/us_births_dataset.tsf,train,3,1539,0,1539,96,96,1,mean,train_split_standard,-4.876808281,2.038064464,0.206853003,0.359667531,0.099896136,0.091346773
us_births_dataset,us_births_dataset,Monash,tsf,dataset/Monash_Dataset/us_births_dataset/us_births_dataset.tsf,train,4,1392,0,1392,96,96,1,mean,train_split_standard,-4.994613500,2.194201442,0.504668238,0.359667531,0.099896136,0.091346773
us_births_dataset,us_births_dataset,Monash,tsf,dataset/Monash_Dataset/us_births_dataset/us_births_dataset.tsf,train,5,2048,0,2048,96,96,1,mean,train_split_standard,-4.745899213,2.497715358,1.178963442,0.359667531,0.099896136,0.091346773
weather_dataset,weather_dataset,Monash,tsf,dataset/Monash_Dataset/weather_dataset/weather_dataset.tsf,train,1,1633000,119,4557,96,96,1,mean,train_split_standard,-3.575457573,1.457034183,0.476938737,0.359667531,0.099896136,0.091346773
weather_dataset,weather_dataset,Monash,tsf,dataset/Monash_Dataset/weather_dataset/weather_dataset.tsf,train,2,16464304,1384,9732,96,96,1,mean,train_split_standard,-3.885619531,0.910759525,-1.170439663,0.359667531,0.099896136,0.091346773
weather_dataset,weather_dataset,Monash,tsf,dataset/Monash_Dataset/weather_dataset/weather_dataset.tsf,train,3,4278091,309,5081,96,96,1,mean,train_split_standard,-4.089886768,2.728087942,0.741042912,0.359667531,0.099896136,0.091346773
weather_dataset,weather_dataset,Monash,tsf,dataset/Monash_Dataset/weather_dataset/weather_dataset.tsf,train,4,12789968,1001,8300,96,96,1,mean,train_split_standard,-3.623312134,1.102024103,-2.505468820,0.359667531,0.099896136,0.091346773
weather_dataset,weather_dataset,Monash,tsf,dataset/Monash_Dataset/weather_dataset/weather_dataset.tsf,train,5,6370392,451,5639,96,96,1,mean,train_split_standard,-3.842241257,3.143001392,1.069183259,0.359667531,0.099896136,0.091346773
wind_4_seconds_dataset,wind_4_seconds_dataset,Monash,tsf,dataset/Monash_Dataset/wind_4_seconds_dataset/wind_4_seconds_dataset.tsf,train,1,2578253,0,2578253,96,96,1,mean,train_split_standard,0.962895982,1.516573458,0.020924161,0.359667531,0.099896136,0.091346773
wind_4_seconds_dataset,wind_4_seconds_dataset,Monash,tsf,dataset/Monash_Dataset/wind_4_seconds_dataset/wind_4_seconds_dataset.tsf,train,2,3245774,0,3245774,96,96,1,mean,train_split_standard,-0.717185819,1.538625556,-0.222668238,0.359667531,0.099896136,0.091346773
wind_4_seconds_dataset,wind_4_seconds_dataset,Monash,tsf,dataset/Monash_Dataset/wind_4_seconds_dataset/wind_4_seconds_dataset.tsf,train,3,1081727,0,1081727,96,96,1,mean,train_split_standard,4.786986398,1.562070647,-2.042368366,0.359667531,0.099896136,0.091346773
wind_4_seconds_dataset,wind_4_seconds_dataset,Monash,tsf,dataset/Monash_Dataset/wind_4_seconds_dataset/wind_4_seconds_dataset.tsf,train,4,4992209,0,4992209,96,96,1,mean,train_split_standard,1.730595710,0.057883397,-0.187673108,0.359667531,0.099896136,0.091346773
wind_4_seconds_dataset,wind_4_seconds_dataset,Monash,tsf,dataset/Monash_Dataset/wind_4_seconds_dataset/wind_4_seconds_dataset.tsf,train,5,5157569,0,5157569,96,96,1,mean,train_split_standard,-0.802710392,0.296622877,-0.123902612,0.359667531,0.099896136,0.091346773
wind_farms_minutely_dataset_without_missing_values,wind_farms_minutely_dataset_without_missing_values,Monash,tsf,dataset/Monash_Dataset/wind_farms_minutely_dataset_without_missing_values/wind_farms_minutely_dataset_without_missing_values.tsf,train,1,84807942,229,367169,96,96,1,mean,train_split_standard,-0.802710392,0.296622877,-0.123902612,0.359667531,0.099896136,0.091346773
wind_farms_minutely_dataset_without_missing_values,wind_farms_minutely_dataset_without_missing_values,Monash,tsf,dataset/Monash_Dataset/wind_farms_minutely_dataset_without_missing_values/wind_farms_minutely_dataset_without_missing_values.tsf,train,2,90124636,244,152808,96,96,1,mean,train_split_standard,-0.802710392,0.296622877,-0.123902612,0.359667531,0.099896136,0.091346773
wind_farms_minutely_dataset_without_missing_values,wind_farms_minutely_dataset_without_missing_values,Monash,tsf,dataset/Monash_Dataset/wind_farms_minutely_dataset_without_missing_values/wind_farms_minutely_dataset_without_missing_values.tsf,train,3,53529850,145,62985,96,96,1,mean,train_split_standard,-2.082263807,0.924020619,1.062944053,0.359667531,0.099896136,0.091346773
wind_farms_minutely_dataset_without_missing_values,wind_farms_minutely_dataset_without_missing_values,Monash,tsf,dataset/Monash_Dataset/wind_farms_minutely_dataset_without_missing_values/wind_farms_minutely_dataset_without_missing_values.tsf,train,4,101057714,274,23776,96,96,1,mean,train_split_standard,0.809900563,1.745525877,0.686915561,0.359667531,0.099896136,0.091346773
wind_farms_minutely_dataset_without_missing_values,wind_farms_minutely_dataset_without_missing_values,Monash,tsf,dataset/Monash_Dataset/wind_farms_minutely_dataset_without_missing_values/wind_farms_minutely_dataset_without_missing_values.tsf,train,5,114937947,311,260740,96,96,1,mean,train_split_standard,-0.802710392,0.296622877,-0.123902612,0.359667531,0.099896136,0.091346773
Australia_Solar__H,Australia_Solar__H,TIME,arrow,dataset/Time_Dataset/Australia_Solar/H/data-00000-of-00001.arrow,train,1,9833,0,9833,96,96,3,mean,train_split_standard,-0.345628060,-1.064886277,2.192634228,0.359667531,0.099896136,0.091346773
Australia_Solar__H,Australia_Solar__H,TIME,arrow,dataset/Time_Dataset/Australia_Solar/H/data-00000-of-00001.arrow,train,2,22920,0,22920,96,96,3,mean,train_split_standard,-0.023309732,-1.040350021,1.816586351,0.359667531,0.099896136,0.091346773
Australia_Solar__H,Australia_Solar__H,TIME,arrow,dataset/Time_Dataset/Australia_Solar/H/data-00000-of-00001.arrow,train,3,6635,0,6635,96,96,3,mean,train_split_standard,-0.057724052,-1.557530660,2.163311767,0.359667531,0.099896136,0.091346773
Australia_Solar__H,Australia_Solar__H,TIME,arrow,dataset/Time_Dataset/Australia_Solar/H/data-00000-of-00001.arrow,train,4,24091,0,24091,96,96,3,mean,train_split_standard,0.123057031,-2.385631425,1.244173538,0.359667531,0.099896136,0.091346773
Australia_Solar__H,Australia_Solar__H,TIME,arrow,dataset/Time_Dataset/Australia_Solar/H/data-00000-of-00001.arrow,train,5,16006,0,16006,96,96,3,mean,train_split_standard,0.010387034,-1.923905328,0.507556316,0.359667531,0.099896136,0.091346773
CPHL__15T,CPHL__15T,TIME,arrow,dataset/Time_Dataset/CPHL/15T/data-00000-of-00001.arrow,train,1,3611,0,3611,96,96,1,mean,train_split_standard,-0.811366448,-1.333065791,0.033930480,0.359667531,0.099896136,0.091346773
CPHL__15T,CPHL__15T,TIME,arrow,dataset/Time_Dataset/CPHL/15T/data-00000-of-00001.arrow,train,2,9997,1,2607,96,96,1,mean,train_split_standard,-1.762236423,-1.313725797,0.184846882,0.359667531,0.099896136,0.091346773
CPHL__15T,CPHL__15T,TIME,arrow,dataset/Time_Dataset/CPHL/15T/data-00000-of-00001.arrow,train,3,4247,0,4247,96,96,1,mean,train_split_standard,1.730396265,-1.050307416,-1.421512105,0.359667531,0.099896136,0.091346773
CPHL__15T,CPHL__15T,TIME,arrow,dataset/Time_Dataset/CPHL/15T/data-00000-of-00001.arrow,train,4,13970,1,6580,96,96,1,mean,train_split_standard,-2.368339013,-0.345280195,-1.503129546,0.359667531,0.099896136,0.091346773
CPHL__15T,CPHL__15T,TIME,arrow,dataset/Time_Dataset/CPHL/15T/data-00000-of-00001.arrow,train,5,4204,0,4204,96,96,1,mean,train_split_standard,2.001025315,-0.793829687,-1.741745695,0.359667531,0.099896136,0.091346773
CPHL__30T,CPHL__30T,TIME,arrow,dataset/Time_Dataset/CPHL/30T/data-00000-of-00001.arrow,train,1,17558,1,9484,96,96,1,mean,train_split_standard,-4.178317920,0.146785043,-3.773497410,0.359667531,0.099896136,0.091346773
CPHL__30T,CPHL__30T,TIME,arrow,dataset/Time_Dataset/CPHL/30T/data-00000-of-00001.arrow,train,2,19284,1,11210,96,96,1,mean,train_split_standard,-0.310179793,0.078543705,-1.492298771,0.359667531,0.099896136,0.091346773
CPHL__30T,CPHL__30T,TIME,arrow,dataset/Time_Dataset/CPHL/30T/data-00000-of-00001.arrow,train,3,14768,1,6694,96,96,1,mean,train_split_standard,-0.758624854,-0.502650466,1.261783727,0.359667531,0.099896136,0.091346773
CPHL__30T,CPHL__30T,TIME,arrow,dataset/Time_Dataset/CPHL/30T/data-00000-of-00001.arrow,train,4,10714,1,2640,96,96,1,mean,train_split_standard,-2.617941044,-1.267385881,-1.029008990,0.359667531,0.099896136,0.091346773
CPHL__30T,CPHL__30T,TIME,arrow,dataset/Time_Dataset/CPHL/30T/data-00000-of-00001.arrow,train,5,2875,0,2875,96,96,1,mean,train_split_standard,-0.361645832,0.408554114,-1.078413098,0.359667531,0.099896136,0.091346773
CPHL__H,CPHL__H,TIME,arrow,dataset/Time_Dataset/CPHL/H/data-00000-of-00001.arrow,train,1,10543,2,4898,96,96,1,mean,train_split_standard,-3.696453746,-0.331851976,-1.234348638,0.359667531,0.099896136,0.091346773
CPHL__H,CPHL__H,TIME,arrow,dataset/Time_Dataset/CPHL/H/data-00000-of-00001.arrow,train,2,3017,0,3017,96,96,1,mean,train_split_standard,2.952297932,-2.139670635,-0.217392460,0.359667531,0.099896136,0.091346773
CPHL__H,CPHL__H,TIME,arrow,dataset/Time_Dataset/CPHL/H/data-00000-of-00001.arrow,train,3,9534,2,3889,96,96,1,mean,train_split_standard,-1.189196623,-2.435330045,0.649998588,0.359667531,0.099896136,0.091346773
CPHL__H,CPHL__H,TIME,arrow,dataset/Time_Dataset/CPHL/H/data-00000-of-00001.arrow,train,4,4843,1,902,96,96,1,mean,train_split_standard,0.211359986,-1.751615501,1.385000716,0.359667531,0.099896136,0.091346773
CPHL__H,CPHL__H,TIME,arrow,dataset/Time_Dataset/CPHL/H/data-00000-of-00001.arrow,train,5,1577,0,1577,96,96,1,mean,train_split_standard,0.992601368,-2.278720098,-0.584647684,0.359667531,0.099896136,0.091346773
Coastal_T_S__15T,Coastal_T_S__15T,TIME,arrow,dataset/Time_Dataset/Coastal_T_S/15T/data-00000-of-00001.arrow,train,1,46608,3,176,96,96,3,mean,train_split_standard,1.772040818,1.000669467,-0.713352383,0.359667531,0.099896136,0.091346773
Coastal_T_S__15T,Coastal_T_S__15T,TIME,arrow,dataset/Time_Dataset/Coastal_T_S/15T/data-00000-of-00001.arrow,train,2,11589,0,11589,96,96,3,mean,train_split_standard,-4.021691675,2.030682734,0.089147750,0.359667531,0.099896136,0.091346773
Coastal_T_S__15T,Coastal_T_S__15T,TIME,arrow,dataset/Time_Dataset/Coastal_T_S/15T/data-00000-of-00001.arrow,train,3,58530,3,12098,96,96,3,mean,train_split_standard,-1.979782028,0.778395531,-1.233268098,0.359667531,0.099896136,0.091346773
Coastal_T_S__15T,Coastal_T_S__15T,TIME,arrow,dataset/Time_Dataset/Coastal_T_S/15T/data-00000-of-00001.arrow,train,4,52233,3,5801,96,96,3,mean,train_split_standard,2.097099405,0.579521595,-1.246410015,0.359667531,0.099896136,0.091346773
Coastal_T_S__15T,Coastal_T_S__15T,TIME,arrow,dataset/Time_Dataset/Coastal_T_S/15T/data-00000-of-00001.arrow,train,5,29030,1,13842,96,96,3,mean,train_split_standard,-4.243867179,1.918946961,0.511924659,0.359667531,0.099896136,0.091346773
Coastal_T_S__20T,Coastal_T_S__20T,TIME,arrow,dataset/Time_Dataset/Coastal_T_S/20T/data-00000-of-00001.arrow,train,1,2762,0,2762,96,96,3,mean,train_split_standard,4.017189695,-0.408060477,1.186156750,0.359667531,0.099896136,0.091346773
Coastal_T_S__20T,Coastal_T_S__20T,TIME,arrow,dataset/Time_Dataset/Coastal_T_S/20T/data-00000-of-00001.arrow,train,2,1975,0,1975,96,96,3,mean,train_split_standard,2.595391541,-0.163581321,0.242932829,0.359667531,0.099896136,0.091346773
Coastal_T_S__20T,Coastal_T_S__20T,TIME,arrow,dataset/Time_Dataset/Coastal_T_S/20T/data-00000-of-00001.arrow,train,3,3147,0,3147,96,96,3,mean,train_split_standard,1.490010929,0.045485555,0.865992432,0.359667531,0.099896136,0.091346773
Coastal_T_S__20T,Coastal_T_S__20T,TIME,arrow,dataset/Time_Dataset/Coastal_T_S/20T/data-00000-of-00001.arrow,train,4,4839,0,4839,96,96,3,mean,train_split_standard,3.026205883,-0.192020120,2.278922984,0.359667531,0.099896136,0.091346773
Coastal_T_S__20T,Coastal_T_S__20T,TIME,arrow,dataset/Time_Dataset/Coastal_T_S/20T/data-00000-of-00001.arrow,train,5,2574,0,2574,96,96,3,mean,train_split_standard,4.030389691,0.094909559,1.203661575,0.359667531,0.099896136,0.091346773
Coastal_T_S__5T,Coastal_T_S__5T,TIME,arrow,dataset/Time_Dataset/Coastal_T_S/5T/data-00000-of-00001.arrow,train,1,348585,7,26264,96,96,3,mean,train_split_standard,-1.170478878,-0.196844462,0.071916430,0.359667531,0.099896136,0.091346773
Coastal_T_S__5T,Coastal_T_S__5T,TIME,arrow,dataset/Time_Dataset/Coastal_T_S/5T/data-00000-of-00001.arrow,train,2,386996,7,64675,96,96,3,mean,train_split_standard,-0.153612684,0.822979470,-2.046326793,0.359667531,0.099896136,0.091346773
Coastal_T_S__5T,Coastal_T_S__5T,TIME,arrow,dataset/Time_Dataset/Coastal_T_S/5T/data-00000-of-00001.arrow,train,3,544918,11,32651,96,96,3,mean,train_split_standard,1.250866083,2.134236223,0.145634495,0.359667531,0.099896136,0.091346773
Coastal_T_S__5T,Coastal_T_S__5T,TIME,arrow,dataset/Time_Dataset/Coastal_T_S/5T/data-00000-of-00001.arrow,train,4,109409,2,6521,96,96,3,mean,train_split_standard,1.044355819,2.241557525,-0.873871008,0.359667531,0.099896136,0.091346773
Coastal_T_S__5T,Coastal_T_S__5T,TIME,arrow,dataset/Time_Dataset/Coastal_T_S/5T/data-00000-of-00001.arrow,train,5,171358,3,37256,96,96,3,mean,train_split_standard,1.264880678,0.548511205,-0.452045541,0.359667531,0.099896136,0.091346773
Coastal_T_S__H,Coastal_T_S__H,TIME,arrow,dataset/Time_Dataset/Coastal_T_S/H/data-00000-of-00001.arrow,train,1,25641,7,12,96,96,3,mean,train_split_standard,-1.578631604,0.127706836,-1.133121960,0.359667531,0.099896136,0.091346773
Coastal_T_S__H,Coastal_T_S__H,TIME,arrow,dataset/Time_Dataset/Coastal_T_S/H/data-00000-of-00001.arrow,train,2,49650,13,904,96,96,3,mean,train_split_standard,-2.073124636,-0.721519604,1.773876458,0.359667531,0.099896136,0.091346773
Coastal_T_S__H,Coastal_T_S__H,TIME,arrow,dataset/Time_Dataset/Coastal_T_S/H/data-00000-of-00001.arrow,train,3,60643,15,5506,96,96,3,mean,train_split_standard,-2.715902751,1.862205800,-1.567540220,0.359667531,0.099896136,0.091346773
Coastal_T_S__H,Coastal_T_S__H,TIME,arrow,dataset/Time_Dataset/Coastal_T_S/H/data-00000-of-00001.arrow,train,4,65002,16,3908,96,96,3,mean,train_split_standard,-4.828086607,1.118165865,-1.055031354,0.359667531,0.099896136,0.091346773
Coastal_T_S__H,Coastal_T_S__H,TIME,arrow,dataset/Time_Dataset/Coastal_T_S/H/data-00000-of-00001.arrow,train,5,42944,11,618,96,96,3,mean,train_split_standard,-2.253784745,0.813810904,0.841762442,0.359667531,0.099896136,0.091346773
Crypto__D,Crypto__D,TIME,arrow,dataset/Time_Dataset/Crypto/D/data-00000-of-00001.arrow,train,1,981,0,981,96,96,4,mean,train_split_standard,2.844753643,0.311896348,-2.136706561,0.359667531,0.099896136,0.091346773
Crypto__D,Crypto__D,TIME,arrow,dataset/Time_Dataset/Crypto/D/data-00000-of-00001.arrow,train,2,1233,0,1233,96,96,4,mean,train_split_standard,1.983839352,-1.528670789,0.055114277,0.359667531,0.099896136,0.091346773
Crypto__D,Crypto__D,TIME,arrow,dataset/Time_Dataset/Crypto/D/data-00000-of-00001.arrow,train,3,966,0,966,96,96,4,mean,train_split_standard,2.216734270,-1.008321258,-1.706018408,0.359667531,0.099896136,0.091346773
Crypto__D,Crypto__D,TIME,arrow,dataset/Time_Dataset/Crypto/D/data-00000-of-00001.arrow,train,4,1722,0,1722,96,96,4,mean,train_split_standard,1.636732240,-0.810435868,-0.148717703,0.359667531,0.099896136,0.091346773
Crypto__D,Crypto__D,TIME,arrow,dataset/Time_Dataset/Crypto/D/data-00000-of-00001.arrow,train,5,807,0,807,96,96,4,mean,train_split_standard,1.237838899,0.876316115,0.459900969,0.359667531,0.099896136,0.091346773
EWELD_Load__15T,EWELD_Load__15T,TIME,arrow,dataset/Time_Dataset/EWELD_Load/15T/data-00000-of-00001.arrow,train,1,4272,0,4272,96,96,10,mean,train_split_standard,1.710386249,-0.790208314,-1.223094366,0.359667531,0.099896136,0.091346773
EWELD_Load__15T,EWELD_Load__15T,TIME,arrow,dataset/Time_Dataset/EWELD_Load/15T/data-00000-of-00001.arrow,train,2,2661,0,2661,96,96,10,mean,train_split_standard,1.136442374,-0.425311859,-1.448853340,0.359667531,0.099896136,0.091346773
EWELD_Load__15T,EWELD_Load__15T,TIME,arrow,dataset/Time_Dataset/EWELD_Load/15T/data-00000-of-00001.arrow,train,3,13216,0,13216,96,96,10,mean,train_split_standard,1.435811116,-0.471775039,-1.332093477,0.359667531,0.099896136,0.091346773
EWELD_Load__15T,EWELD_Load__15T,TIME,arrow,dataset/Time_Dataset/EWELD_Load/15T/data-00000-of-00001.arrow,train,4,12151,0,12151,96,96,10,mean,train_split_standard,0.782820753,-0.900671938,-1.236118018,0.359667531,0.099896136,0.091346773
EWELD_Load__15T,EWELD_Load__15T,TIME,arrow,dataset/Time_Dataset/EWELD_Load/15T/data-00000-of-00001.arrow,train,5,4817,0,4817,96,96,10,mean,train_split_standard,1.283040561,-1.491812178,-0.779358393,0.359667531,0.099896136,0.091346773
Finland_Traffic__15T,Finland_Traffic__15T,TIME,arrow,dataset/Time_Dataset/Finland_Traffic/15T/data-00000-of-00001.arrow,train,1,12427,0,12427,96,96,1,mean,train_split_standard,4.221289532,-1.209810024,-2.365217456,0.359667531,0.099896136,0.091346773
Finland_Traffic__15T,Finland_Traffic__15T,TIME,arrow,dataset/Time_Dataset/Finland_Traffic/15T/data-00000-of-00001.arrow,train,2,10263,0,10263,96,96,1,mean,train_split_standard,2.369849443,-0.665405406,-3.127039799,0.359667531,0.099896136,0.091346773
Finland_Traffic__15T,Finland_Traffic__15T,TIME,arrow,dataset/Time_Dataset/Finland_Traffic/15T/data-00000-of-00001.arrow,train,3,16340,0,16340,96,96,1,mean,train_split_standard,4.272164746,-0.321118323,-1.437924315,0.359667531,0.099896136,0.091346773
Finland_Traffic__15T,Finland_Traffic__15T,TIME,arrow,dataset/Time_Dataset/Finland_Traffic/15T/data-00000-of-00001.arrow,train,4,22897,0,22897,96,96,1,mean,train_split_standard,2.864308435,-2.581427692,-1.716996548,0.359667531,0.099896136,0.091346773
Finland_Traffic__15T,Finland_Traffic__15T,TIME,arrow,dataset/Time_Dataset/Finland_Traffic/15T/data-00000-of-00001.arrow,train,5,20267,0,20267,96,96,1,mean,train_split_standard,3.642077034,-1.891826990,-1.319341249,0.359667531,0.099896136,0.091346773
MetroPT-3__5T,MetroPT-3__5T,TIME,arrow,dataset/Time_Dataset/MetroPT-3/5T/data-00000-of-00001.arrow,train,1,11753,0,11753,96,96,6,mean,train_split_standard,-4.449082138,0.219035236,-0.389326079,0.359667531,0.099896136,0.091346773
MetroPT-3__5T,MetroPT-3__5T,TIME,arrow,dataset/Time_Dataset/MetroPT-3/5T/data-00000-of-00001.arrow,train,2,53,0,53,96,96,6,mean,train_split_standard,-4.035578667,0.936948996,-1.492389965,0.359667531,0.099896136,0.091346773
MetroPT-3__5T,MetroPT-3__5T,TIME,arrow,dataset/Time_Dataset/MetroPT-3/5T/data-00000-of-00001.arrow,train,3,3630,0,3630,96,96,6,mean,train_split_standard,-4.495207142,1.526827449,-0.159130387,0.359667531,0.099896136,0.091346773
MetroPT-3__5T,MetroPT-3__5T,TIME,arrow,dataset/Time_Dataset/MetroPT-3/5T/data-00000-of-00001.arrow,train,4,8778,0,8778,96,96,6,mean,train_split_standard,-5.052521742,1.333289792,0.168155948,0.359667531,0.099896136,0.091346773
MetroPT-3__5T,MetroPT-3__5T,TIME,arrow,dataset/Time_Dataset/MetroPT-3/5T/data-00000-of-00001.arrow,train,5,12040,0,12040,96,96,6,mean,train_split_standard,1.105344882,-0.845982386,0.939256800,0.359667531,0.099896136,0.091346773
NE_China_Wind__H,NE_China_Wind__H,TIME,arrow,dataset/Time_Dataset/NE_China_Wind/H/data-00000-of-00001.arrow,train,1,4867,0,4867,96,96,4,mean,train_split_standard,-0.069043675,-1.251004673,0.603159277,0.359667531,0.099896136,0.091346773
NE_China_Wind__H,NE_China_Wind__H,TIME,arrow,dataset/Time_Dataset/NE_China_Wind/H/data-00000-of-00001.arrow,train,2,3995,0,3995,96,96,4,mean,train_split_standard,1.709787915,-0.598424155,1.138630596,0.359667531,0.099896136,0.091346773
NE_China_Wind__H,NE_China_Wind__H,TIME,arrow,dataset/Time_Dataset/NE_China_Wind/H/data-00000-of-00001.arrow,train,3,4067,0,4067,96,96,4,mean,train_split_standard,1.482671586,-1.709415085,1.169954672,0.359667531,0.099896136,0.091346773
NE_China_Wind__H,NE_China_Wind__H,TIME,arrow,dataset/Time_Dataset/NE_China_Wind/H/data-00000-of-00001.arrow,train,4,5356,0,5356,96,96,4,mean,train_split_standard,0.840921485,0.020154355,0.802042075,0.359667531,0.099896136,0.091346773
NE_China_Wind__H,NE_China_Wind__H,TIME,arrow,dataset/Time_Dataset/NE_China_Wind/H/data-00000-of-00001.arrow,train,5,1575,0,1575,96,96,4,mean,train_split_standard,4.397730276,0.275976071,0.595608495,0.359667531,0.099896136,0.091346773
Oil_Price__B,Oil_Price__B,TIME,arrow,dataset/Time_Dataset/Oil_Price/B/data-00000-of-00001.arrow,train,1,181,0,181,96,96,12,mean,train_split_standard,2.140984793,1.027141987,-0.998724316,0.359667531,0.099896136,0.091346773
Oil_Price__B,Oil_Price__B,TIME,arrow,dataset/Time_Dataset/Oil_Price/B/data-00000-of-00001.arrow,train,2,1740,0,1740,96,96,12,mean,train_split_standard,2.031085408,-1.041355391,-0.287555232,0.359667531,0.099896136,0.091346773
Oil_Price__B,Oil_Price__B,TIME,arrow,dataset/Time_Dataset/Oil_Price/B/data-00000-of-00001.arrow,train,3,201,0,201,96,96,12,mean,train_split_standard,1.592266800,0.698398397,-1.205548960,0.359667531,0.099896136,0.091346773
Oil_Price__B,Oil_Price__B,TIME,arrow,dataset/Time_Dataset/Oil_Price/B/data-00000-of-00001.arrow,train,4,679,0,679,96,96,12,mean,train_split_standard,1.933128169,0.705594539,-1.806153595,0.359667531,0.099896136,0.091346773
Oil_Price__B,Oil_Price__B,TIME,arrow,dataset/Time_Dataset/Oil_Price/B/data-00000-of-00001.arrow,train,5,841,0,841,96,96,12,mean,train_split_standard,1.861058364,0.967759342,-0.586103349,0.359667531,0.099896136,0.091346773
OpenElectricity_NEM__5T,OpenElectricity_NEM__5T,TIME,arrow,dataset/Time_Dataset/OpenElectricity_NEM/5T/data-00000-of-00001.arrow,train,1,14525,0,14525,96,96,10,mean,train_split_standard,2.681631433,0.245559372,0.237530642,0.359667531,0.099896136,0.091346773
OpenElectricity_NEM__5T,OpenElectricity_NEM__5T,TIME,arrow,dataset/Time_Dataset/OpenElectricity_NEM/5T/data-00000-of-00001.arrow,train,2,9164,0,9164,96,96,10,mean,train_split_standard,2.253621486,-0.995240554,-1.220914576,0.359667531,0.099896136,0.091346773
OpenElectricity_NEM__5T,OpenElectricity_NEM__5T,TIME,arrow,dataset/Time_Dataset/OpenElectricity_NEM/5T/data-00000-of-00001.arrow,train,3,21726,0,21726,96,96,10,mean,train_split_standard,1.076598498,-0.009046002,-0.868461484,0.359667531,0.099896136,0.091346773
OpenElectricity_NEM__5T,OpenElectricity_NEM__5T,TIME,arrow,dataset/Time_Dataset/OpenElectricity_NEM/5T/data-00000-of-00001.arrow,train,4,2934,0,2934,96,96,10,mean,train_split_standard,3.411596682,1.990647111,0.122539351,0.359667531,0.099896136,0.091346773
OpenElectricity_NEM__5T,OpenElectricity_NEM__5T,TIME,arrow,dataset/Time_Dataset/OpenElectricity_NEM/5T/data-00000-of-00001.arrow,train,5,18399,0,18399,96,96,10,mean,train_split_standard,1.254152911,-0.722538827,-0.832506605,0.359667531,0.099896136,0.091346773
Port_Activity__D,Port_Activity__D,TIME,arrow,dataset/Time_Dataset/Port_Activity/D/data-00000-of-00001.arrow,train,1,19932,15,477,96,96,2,mean,train_split_standard,-5.299028581,1.818512703,0.594314266,0.359667531,0.099896136,0.091346773
Port_Activity__D,Port_Activity__D,TIME,arrow,dataset/Time_Dataset/Port_Activity/D/data-00000-of-00001.arrow,train,2,124066,95,851,96,96,2,mean,train_split_standard,-5.688540899,1.448494029,-0.235178973,0.359667531,0.099896136,0.091346773
Port_Activity__D,Port_Activity__D,TIME,arrow,dataset/Time_Dataset/Port_Activity/D/data-00000-of-00001.arrow,train,3,121942,94,24,96,96,2,mean,train_split_standard,-3.671461495,2.932998502,-0.262463916,0.359667531,0.099896136,0.091346773
Port_Activity__D,Port_Activity__D,TIME,arrow,dataset/Time_Dataset/Port_Activity/D/data-00000-of-00001.arrow,train,4,77908,60,88,96,96,2,mean,train_split_standard,-5.845841867,0.853725386,0.488185066,0.359667531,0.099896136,0.091346773
Port_Activity__D,Port_Activity__D,TIME,arrow,dataset/Time_Dataset/Port_Activity/D/data-00000-of-00001.arrow,train,5,22975,17,926,96,96,2,mean,train_split_standard,-5.622100687,1.499913763,-0.729562573,0.359667531,0.099896136,0.091346773
SG_Carpark__15T,SG_Carpark__15T,TIME,arrow,dataset/Time_Dataset/SG_Carpark/15T/data-00000-of-00001.arrow,train,1,3038171,305,1896,96,96,1,mean,train_split_standard,5.507913954,-0.027483365,-2.261213128,0.359667531,0.099896136,0.091346773
SG_Carpark__15T,SG_Carpark__15T,TIME,arrow,dataset/Time_Dataset/SG_Carpark/15T/data-00000-of-00001.arrow,train,2,2021822,203,957,96,96,1,mean,train_split_standard,5.890399851,2.791778232,-0.977788323,0.359667531,0.099896136,0.091346773
SG_Carpark__15T,SG_Carpark__15T,TIME,arrow,dataset/Time_Dataset/SG_Carpark/15T/data-00000-of-00001.arrow,train,3,878202,88,2162,96,96,1,mean,train_split_standard,4.049650551,-2.021955214,0.542181090,0.359667531,0.099896136,0.091346773
SG_Carpark__15T,SG_Carpark__15T,TIME,arrow,dataset/Time_Dataset/SG_Carpark/15T/data-00000-of-00001.arrow,train,4,307986,30,9336,96,96,1,mean,train_split_standard,2.718022146,2.117859800,-0.635012071,0.359667531,0.099896136,0.091346773
SG_Carpark__15T,SG_Carpark__15T,TIME,arrow,dataset/Time_Dataset/SG_Carpark/15T/data-00000-of-00001.arrow,train,5,2173299,218,3109,96,96,1,mean,train_split_standard,3.913689308,2.425801536,-0.626241212,0.359667531,0.099896136,0.091346773
SG_PM25__H,SG_PM25__H,TIME,arrow,dataset/Time_Dataset/SG_PM25/H/data-00000-of-00001.arrow,train,1,10048,0,10048,96,96,5,mean,train_split_standard,-3.544289511,0.307979801,-1.617149697,0.359667531,0.099896136,0.091346773
SG_PM25__H,SG_PM25__H,TIME,arrow,dataset/Time_Dataset/SG_PM25/H/data-00000-of-00001.arrow,train,2,9968,0,9968,96,96,5,mean,train_split_standard,-2.848970317,-0.840984318,0.141190452,0.359667531,0.099896136,0.091346773
SG_PM25__H,SG_PM25__H,TIME,arrow,dataset/Time_Dataset/SG_PM25/H/data-00000-of-00001.arrow,train,3,23133,0,23133,96,96,5,mean,train_split_standard,-3.547576119,0.105784716,-0.378311145,0.359667531,0.099896136,0.091346773
SG_PM25__H,SG_PM25__H,TIME,arrow,dataset/Time_Dataset/SG_PM25/H/data-00000-of-00001.arrow,train,4,8165,0,8165,96,96,5,mean,train_split_standard,-3.357742787,0.379402648,-0.200226343,0.359667531,0.099896136,0.091346773
SG_PM25__H,SG_PM25__H,TIME,arrow,dataset/Time_Dataset/SG_PM25/H/data-00000-of-00001.arrow,train,5,25121,0,25121,96,96,5,mean,train_split_standard,-2.127949993,-0.918753966,-1.031716191,0.359667531,0.099896136,0.091346773
SG_Weather__D,SG_Weather__D,TIME,arrow,dataset/Time_Dataset/SG_Weather/D/data-00000-of-00001.arrow,train,1,3038,1,1162,96,96,4,mean,train_split_standard,-3.177974081,0.442377044,-1.927117604,0.359667531,0.099896136,0.091346773
SG_Weather__D,SG_Weather__D,TIME,arrow,dataset/Time_Dataset/SG_Weather/D/data-00000-of-00001.arrow,train,2,2238,1,362,96,96,4,mean,train_split_standard,-1.828974901,-0.137437600,-0.893676639,0.359667531,0.099896136,0.091346773
SG_Weather__D,SG_Weather__D,TIME,arrow,dataset/Time_Dataset/SG_Weather/D/data-00000-of-00001.arrow,train,3,5592,2,1840,96,96,4,mean,train_split_standard,-2.339177811,0.746056441,-1.858757238,0.359667531,0.099896136,0.091346773
SG_Weather__D,SG_Weather__D,TIME,arrow,dataset/Time_Dataset/SG_Weather/D/data-00000-of-00001.arrow,train,4,5449,2,1697,96,96,4,mean,train_split_standard,-4.311696117,0.285945765,-0.640216840,0.359667531,0.099896136,0.091346773
SG_Weather__D,SG_Weather__D,TIME,arrow,dataset/Time_Dataset/SG_Weather/D/data-00000-of-00001.arrow,train,5,586,0,586,96,96,4,mean,train_split_standard,-3.351535494,-0.074264325,-0.905918131,0.359667531,0.099896136,0.091346773
US_Term_Structure__B,US_Term_Structure__B,TIME,arrow,dataset/Time_Dataset/US_Term_Structure/B/data-00000-of-00001.arrow,train,1,5774,0,5774,96,96,40,mean,train_split_standard,4.821669370,-0.413665605,-0.063858068,0.359667531,0.099896136,0.091346773
US_Term_Structure__B,US_Term_Structure__B,TIME,arrow,dataset/Time_Dataset/US_Term_Structure/B/data-00000-of-00001.arrow,train,2,631,0,631,96,96,40,mean,train_split_standard,4.254467706,-0.734275861,0.215426901,0.359667531,0.099896136,0.091346773
US_Term_Structure__B,US_Term_Structure__B,TIME,arrow,dataset/Time_Dataset/US_Term_Structure/B/data-00000-of-00001.arrow,train,3,4031,0,4031,96,96,40,mean,train_split_standard,1.295561396,1.136970968,-0.287478815,0.359667531,0.099896136,0.091346773
US_Term_Structure__B,US_Term_Structure__B,TIME,arrow,dataset/Time_Dataset/US_Term_Structure/B/data-00000-of-00001.arrow,train,4,2985,0,2985,96,96,40,mean,train_split_standard,3.561869173,-1.131423020,-0.348802941,0.359667531,0.099896136,0.091346773
US_Term_Structure__B,US_Term_Structure__B,TIME,arrow,dataset/Time_Dataset/US_Term_Structure/B/data-00000-of-00001.arrow,train,5,514,0,514,96,96,40,mean,train_split_standard,4.193614290,1.733733511,-1.232428756,0.359667531,0.099896136,0.091346773
Water_Quality_Darwin__15T,Water_Quality_Darwin__15T,TIME,arrow,dataset/Time_Dataset/Water_Quality_Darwin/15T/data-00000-of-00001.arrow,train,1,53196,5,395,96,96,6,mean,train_split_standard,1.759899440,-1.074403369,0.351277772,0.359667531,0.099896136,0.091346773
Water_Quality_Darwin__15T,Water_Quality_Darwin__15T,TIME,arrow,dataset/Time_Dataset/Water_Quality_Darwin/15T/data-00000-of-00001.arrow,train,2,13795,1,1719,96,96,6,mean,train_split_standard,2.454987883,-0.245141934,-0.720132687,0.359667531,0.099896136,0.091346773
Water_Quality_Darwin__15T,Water_Quality_Darwin__15T,TIME,arrow,dataset/Time_Dataset/Water_Quality_Darwin/15T/data-00000-of-00001.arrow,train,3,47947,4,8086,96,96,6,mean,train_split_standard,0.724717411,-0.111401881,-1.040749721,0.359667531,0.099896136,0.091346773
Water_Quality_Darwin__15T,Water_Quality_Darwin__15T,TIME,arrow,dataset/Time_Dataset/Water_Quality_Darwin/15T/data-00000-of-00001.arrow,train,4,31026,3,1707,96,96,6,mean,train_split_standard,1.938818940,0.591752943,0.522292622,0.359667531,0.099896136,0.091346773
Water_Quality_Darwin__15T,Water_Quality_Darwin__15T,TIME,arrow,dataset/Time_Dataset/Water_Quality_Darwin/15T/data-00000-of-00001.arrow,train,5,26826,2,3379,96,96,6,mean,train_split_standard,2.372374392,0.107479040,-0.635325476,0.359667531,0.099896136,0.091346773
azure2019_D__5T,azure2019_D__5T,TIME,arrow,dataset/Time_Dataset/azure2019_D/5T/data-00000-of-00001.arrow,train,1,5228418,894,681,96,96,3,mean,train_split_standard,-3.443400194,-0.518237013,-0.274499521,0.359667531,0.099896136,0.091346773
azure2019_D__5T,azure2019_D__5T,TIME,arrow,dataset/Time_Dataset/azure2019_D/5T/data-00000-of-00001.arrow,train,2,5389945,921,4394,96,96,3,mean,train_split_standard,-5.308228454,0.821566520,-1.507976197,0.359667531,0.099896136,0.091346773
azure2019_D__5T,azure2019_D__5T,TIME,arrow,dataset/Time_Dataset/azure2019_D/5T/data-00000-of-00001.arrow,train,3,148421,25,2359,96,96,3,mean,train_split_standard,-5.535511240,1.542305619,-0.002958474,0.359667531,0.099896136,0.091346773
azure2019_D__5T,azure2019_D__5T,TIME,arrow,dataset/Time_Dataset/azure2019_D/5T/data-00000-of-00001.arrow,train,4,4619160,789,5776,96,96,3,mean,train_split_standard,-5.264357186,1.092102480,-0.395767872,0.359667531,0.099896136,0.091346773
azure2019_D__5T,azure2019_D__5T,TIME,arrow,dataset/Time_Dataset/azure2019_D/5T/data-00000-of-00001.arrow,train,5,124257,21,1451,96,96,3,mean,train_split_standard,-3.425743778,1.235470311,-0.036162599,0.359667531,0.099896136,0.091346773
azure2019_I__5T,azure2019_I__5T,TIME,arrow,dataset/Time_Dataset/azure2019_I/5T/data-00000-of-00001.arrow,train,1,1034625,176,4972,96,96,3,mean,train_split_standard,-4.982560350,0.811263299,-0.499815365,0.359667531,0.099896136,0.091346773
azure2019_I__5T,azure2019_I__5T,TIME,arrow,dataset/Time_Dataset/azure2019_I/5T/data-00000-of-00001.arrow,train,2,1728893,295,3293,96,96,3,mean,train_split_standard,-4.788994588,0.598375538,-1.024145872,0.359667531,0.099896136,0.091346773
azure2019_I__5T,azure2019_I__5T,TIME,arrow,dataset/Time_Dataset/azure2019_I/5T/data-00000-of-00001.arrow,train,3,2715930,464,1690,96,96,3,mean,train_split_standard,-5.569868419,0.811255460,0.389738830,0.359667531,0.099896136,0.091346773
azure2019_I__5T,azure2019_I__5T,TIME,arrow,dataset/Time_Dataset/azure2019_I/5T/data-00000-of-00001.arrow,train,4,1754160,299,5149,96,96,3,mean,train_split_standard,-5.007152599,1.375529119,-0.082326817,0.359667531,0.099896136,0.091346773
azure2019_I__5T,azure2019_I__5T,TIME,arrow,dataset/Time_Dataset/azure2019_I/5T/data-00000-of-00001.arrow,train,5,627946,107,1984,96,96,3,mean,train_split_standard,-5.137672508,0.724203360,-0.898586300,0.359667531,0.099896136,0.091346773
current_velocity__10T,current_velocity__10T,TIME,arrow,dataset/Time_Dataset/current_velocity/10T/data-00000-of-00001.arrow,train,1,101840,5,10103,96,96,6,mean,train_split_standard,-0.241398932,0.910691296,-0.760773462,0.359667531,0.099896136,0.091346773
current_velocity__10T,current_velocity__10T,TIME,arrow,dataset/Time_Dataset/current_velocity/10T/data-00000-of-00001.arrow,train,2,29025,1,8983,96,96,6,mean,train_split_standard,2.508738762,-0.333357627,-0.321823333,0.359667531,0.099896136,0.091346773
current_velocity__10T,current_velocity__10T,TIME,arrow,dataset/Time_Dataset/current_velocity/10T/data-00000-of-00001.arrow,train,3,4052,0,4052,96,96,6,mean,train_split_standard,2.103078534,0.911552609,0.834365784,0.359667531,0.099896136,0.091346773
current_velocity__10T,current_velocity__10T,TIME,arrow,dataset/Time_Dataset/current_velocity/10T/data-00000-of-00001.arrow,train,4,123476,7,1166,96,96,6,mean,train_split_standard,-0.002107270,0.390156701,-0.337119484,0.359667531,0.099896136,0.091346773
current_velocity__10T,current_velocity__10T,TIME,arrow,dataset/Time_Dataset/current_velocity/10T/data-00000-of-00001.arrow,train,5,25613,1,5571,96,96,6,mean,train_split_standard,2.181335239,0.366420860,0.193954136,0.359667531,0.099896136,0.091346773
current_velocity__15T,current_velocity__15T,TIME,arrow,dataset/Time_Dataset/current_velocity/15T/data-00000-of-00001.arrow,train,1,16585,2,827,96,96,6,mean,train_split_standard,-2.272809677,0.622411195,-1.008394333,0.359667531,0.099896136,0.091346773
current_velocity__15T,current_velocity__15T,TIME,arrow,dataset/Time_Dataset/current_velocity/15T/data-00000-of-00001.arrow,train,2,12834,1,458,96,96,6,mean,train_split_standard,-1.835499116,0.857981759,-1.273756847,0.359667531,0.099896136,0.091346773
current_velocity__15T,current_velocity__15T,TIME,arrow,dataset/Time_Dataset/current_velocity/15T/data-00000-of-00001.arrow,train,3,27893,4,6162,96,96,6,mean,train_split_standard,-0.746273095,-0.117424737,-1.557086766,0.359667531,0.099896136,0.091346773
current_velocity__15T,current_velocity__15T,TIME,arrow,dataset/Time_Dataset/current_velocity/15T/data-00000-of-00001.arrow,train,4,19997,3,1833,96,96,6,mean,train_split_standard,0.327788167,0.022607652,0.104963582,0.359667531,0.099896136,0.091346773
current_velocity__15T,current_velocity__15T,TIME,arrow,dataset/Time_Dataset/current_velocity/15T/data-00000-of-00001.arrow,train,5,2337,0,2337,96,96,6,mean,train_split_standard,2.312123987,0.524815617,-0.632807892,0.359667531,0.099896136,0.091346773
current_velocity__20T,current_velocity__20T,TIME,arrow,dataset/Time_Dataset/current_velocity/20T/data-00000-of-00001.arrow,train,1,23455,6,836,96,96,6,mean,train_split_standard,-1.488486499,-0.212220397,0.018405588,0.359667531,0.099896136,0.091346773
current_velocity__20T,current_velocity__20T,TIME,arrow,dataset/Time_Dataset/current_velocity/20T/data-00000-of-00001.arrow,train,2,12867,3,485,96,96,6,mean,train_split_standard,1.139468120,0.049389995,-0.723723404,0.359667531,0.099896136,0.091346773
current_velocity__20T,current_velocity__20T,TIME,arrow,dataset/Time_Dataset/current_velocity/20T/data-00000-of-00001.arrow,train,3,20551,5,2151,96,96,6,mean,train_split_standard,-1.110283556,0.324150220,-0.836587508,0.359667531,0.099896136,0.091346773
current_velocity__20T,current_velocity__20T,TIME,arrow,dataset/Time_Dataset/current_velocity/20T/data-00000-of-00001.arrow,train,4,26736,7,992,96,96,6,mean,train_split_standard,-0.786015359,0.311214252,-0.454182276,0.359667531,0.099896136,0.091346773
current_velocity__20T,current_velocity__20T,TIME,arrow,dataset/Time_Dataset/current_velocity/20T/data-00000-of-00001.arrow,train,5,62762,14,6920,96,96,6,mean,train_split_standard,1.289622040,0.009271268,-0.719391200,0.359667531,0.099896136,0.091346773
current_velocity__5T,current_velocity__5T,TIME,arrow,dataset/Time_Dataset/current_velocity/5T/data-00000-of-00001.arrow,train,1,13314,0,13314,96,96,6,mean,train_split_standard,0.975923607,0.349739699,-0.768402439,0.359667531,0.099896136,0.091346773
current_velocity__5T,current_velocity__5T,TIME,arrow,dataset/Time_Dataset/current_velocity/5T/data-00000-of-00001.arrow,train,2,18082,0,18082,96,96,6,mean,train_split_standard,-0.303346829,1.075109586,-0.945260610,0.359667531,0.099896136,0.091346773
current_velocity__5T,current_velocity__5T,TIME,arrow,dataset/Time_Dataset/current_velocity/5T/data-00000-of-00001.arrow,train,3,3042,0,3042,96,96,6,mean,train_split_standard,1.426933690,-0.914870848,-0.467790008,0.359667531,0.099896136,0.091346773
current_velocity__5T,current_velocity__5T,TIME,arrow,dataset/Time_Dataset/current_velocity/5T/data-00000-of-00001.arrow,train,4,13208,0,13208,96,96,6,mean,train_split_standard,0.657696157,0.381398100,-0.639340312,0.359667531,0.099896136,0.091346773
current_velocity__5T,current_velocity__5T,TIME,arrow,dataset/Time_Dataset/current_velocity/5T/data-00000-of-00001.arrow,train,5,7092,0,7092,96,96,6,mean,train_split_standard,1.635598523,0.738592065,-2.064321146,0.359667531,0.099896136,0.091346773
current_velocity__H,current_velocity__H,TIME,arrow,dataset/Time_Dataset/current_velocity/H/data-00000-of-00001.arrow,train,1,35855,15,196,96,96,6,mean,train_split_standard,-2.387640945,-0.398609729,0.970148507,0.359667531,0.099896136,0.091346773
current_velocity__H,current_velocity__H,TIME,arrow,dataset/Time_Dataset/current_velocity/H/data-00000-of-00001.arrow,train,2,24446,9,1130,96,96,6,mean,train_split_standard,-2.647051936,0.172479704,0.606870285,0.359667531,0.099896136,0.091346773
current_velocity__H,current_velocity__H,TIME,arrow,dataset/Time_Dataset/current_velocity/H/data-00000-of-00001.arrow,train,3,1192,0,1192,96,96,6,mean,train_split_standard,-1.687182583,-0.165923504,2.135845933,0.359667531,0.099896136,0.091346773
current_velocity__H,current_velocity__H,TIME,arrow,dataset/Time_Dataset/current_velocity/H/data-00000-of-00001.arrow,train,4,16357,5,1812,96,96,6,mean,train_split_standard,-1.217243080,-0.188684866,0.017439103,0.359667531,0.099896136,0.091346773
current_velocity__H,current_velocity__H,TIME,arrow,dataset/Time_Dataset/current_velocity/H/data-00000-of-00001.arrow,train,5,1403,0,1403,96,96,6,mean,train_split_standard,-2.442244969,-0.282535095,1.782800693,0.359667531,0.099896136,0.091346773
epf_electricity_price__H,epf_electricity_price__H,TIME,arrow,dataset/Time_Dataset/epf_electricity_price/H/data-00000-of-00001.arrow,train,1,171720,4,25720,96,96,1,mean,train_split_standard,-1.683838874,-1.607502971,4.351346659,0.359667531,0.099896136,0.091346773
epf_electricity_price__H,epf_electricity_price__H,TIME,arrow,dataset/Time_Dataset/epf_electricity_price/H/data-00000-of-00001.arrow,train,2,19616,0,19616,96,96,1,mean,train_split_standard,-2.815530692,-0.933766761,-0.519486842,0.359667531,0.099896136,0.091346773
epf_electricity_price__H,epf_electricity_price__H,TIME,arrow,dataset/Time_Dataset/epf_electricity_price/H/data-00000-of-00001.arrow,train,3,68197,1,31697,96,96,1,mean,train_split_standard,-0.616114407,-2.111443218,-0.571743299,0.359667531,0.099896136,0.091346773
epf_electricity_price__H,epf_electricity_price__H,TIME,arrow,dataset/Time_Dataset/epf_electricity_price/H/data-00000-of-00001.arrow,train,4,55057,1,18557,96,96,1,mean,train_split_standard,-1.091964215,-1.857859999,0.817015795,0.359667531,0.099896136,0.091346773
epf_electricity_price__H,epf_electricity_price__H,TIME,arrow,dataset/Time_Dataset/epf_electricity_price/H/data-00000-of-00001.arrow,train,5,9227,0,9227,96,96,1,mean,train_split_standard,-2.429166477,-0.571187218,-0.043384254,0.359667531,0.099896136,0.091346773
