dataset,run_name,epoch,spearman_mean,best_epoch,is_best_epoch,baseline_best_proxy,baseline_coefficient,valid_log_path,summary_path
Weather,01_val_Weather,1,0.1594,15,False,flops,0.446600,/home/junghc/TSLib/Time-Series-Library/meta_checkpoints/dspbuilder_meta_leave_one_out/suite_20260511_114502/01_val_Weather/dspbuilder_meta_20260511_114518/valid_logs/Weather.txt,/home/junghc/TSLib/Time-Series-Library/meta_checkpoints/dspbuilder_meta_leave_one_out/suite_20260511_114502/01_val_Weather/dspbuilder_meta_20260511_114518/summary.json
Weather,01_val_Weather,2,0.324164,15,False,flops,0.446600,/home/junghc/TSLib/Time-Series-Library/meta_checkpoints/dspbuilder_meta_leave_one_out/suite_20260511_114502/01_val_Weather/dspbuilder_meta_20260511_114518/valid_logs/Weather.txt,/home/junghc/TSLib/Time-Series-Library/meta_checkpoints/dspbuilder_meta_leave_one_out/suite_20260511_114502/01_val_Weather/dspbuilder_meta_20260511_114518/summary.json
Weather,01_val_Weather,3,0.381108,15,False,flops,0.446600,/home/junghc/TSLib/Time-Series-Library/meta_checkpoints/dspbuilder_meta_leave_one_out/suite_20260511_114502/01_val_Weather/dspbuilder_meta_20260511_114518/valid_logs/Weather.txt,/home/junghc/TSLib/Time-Series-Library/meta_checkpoints/dspbuilder_meta_leave_one_out/suite_20260511_114502/01_val_Weather/dspbuilder_meta_20260511_114518/summary.json
Weather,01_val_Weather,4,0.408739,15,False,flops,0.446600,/home/junghc/TSLib/Time-Series-Library/meta_checkpoints/dspbuilder_meta_leave_one_out/suite_20260511_114502/01_val_Weather/dspbuilder_meta_20260511_114518/valid_logs/Weather.txt,/home/junghc/TSLib/Time-Series-Library/meta_checkpoints/dspbuilder_meta_leave_one_out/suite_20260511_114502/01_val_Weather/dspbuilder_meta_20260511_114518/summary.json
Weather,01_val_Weather,5,0.404083,15,False,flops,0.446600,/home/junghc/TSLib/Time-Series-Library/meta_checkpoints/dspbuilder_meta_leave_one_out/suite_20260511_114502/01_val_Weather/dspbuilder_meta_20260511_114518/valid_logs/Weather.txt,/home/junghc/TSLib/Time-Series-Library/meta_checkpoints/dspbuilder_meta_leave_one_out/suite_20260511_114502/01_val_Weather/dspbuilder_meta_20260511_114518/summary.json
Weather,01_val_Weather,6,0.410602,15,False,flops,0.446600,/home/junghc/TSLib/Time-Series-Library/meta_checkpoints/dspbuilder_meta_leave_one_out/suite_20260511_114502/01_val_Weather/dspbuilder_meta_20260511_114518/valid_logs/Weather.txt,/home/junghc/TSLib/Time-Series-Library/meta_checkpoints/dspbuilder_meta_leave_one_out/suite_20260511_114502/01_val_Weather/dspbuilder_meta_20260511_114518/summary.json
Weather,01_val_Weather,7,0.41257,15,False,flops,0.446600,/home/junghc/TSLib/Time-Series-Library/meta_checkpoints/dspbuilder_meta_leave_one_out/suite_20260511_114502/01_val_Weather/dspbuilder_meta_20260511_114518/valid_logs/Weather.txt,/home/junghc/TSLib/Time-Series-Library/meta_checkpoints/dspbuilder_meta_leave_one_out/suite_20260511_114502/01_val_Weather/dspbuilder_meta_20260511_114518/summary.json
Weather,01_val_Weather,8,0.416756,15,False,flops,0.446600,/home/junghc/TSLib/Time-Series-Library/meta_checkpoints/dspbuilder_meta_leave_one_out/suite_20260511_114502/01_val_Weather/dspbuilder_meta_20260511_114518/valid_logs/Weather.txt,/home/junghc/TSLib/Time-Series-Library/meta_checkpoints/dspbuilder_meta_leave_one_out/suite_20260511_114502/01_val_Weather/dspbuilder_meta_20260511_114518/summary.json
Weather,01_val_Weather,9,0.409923,15,False,flops,0.446600,/home/junghc/TSLib/Time-Series-Library/meta_checkpoints/dspbuilder_meta_leave_one_out/suite_20260511_114502/01_val_Weather/dspbuilder_meta_20260511_114518/valid_logs/Weather.txt,/home/junghc/TSLib/Time-Series-Library/meta_checkpoints/dspbuilder_meta_leave_one_out/suite_20260511_114502/01_val_Weather/dspbuilder_meta_20260511_114518/summary.json
Weather,01_val_Weather,10,0.411711,15,False,flops,0.446600,/home/junghc/TSLib/Time-Series-Library/meta_checkpoints/dspbuilder_meta_leave_one_out/suite_20260511_114502/01_val_Weather/dspbuilder_meta_20260511_114518/valid_logs/Weather.txt,/home/junghc/TSLib/Time-Series-Library/meta_checkpoints/dspbuilder_meta_leave_one_out/suite_20260511_114502/01_val_Weather/dspbuilder_meta_20260511_114518/summary.json
Weather,01_val_Weather,11,0.413907,15,False,flops,0.446600,/home/junghc/TSLib/Time-Series-Library/meta_checkpoints/dspbuilder_meta_leave_one_out/suite_20260511_114502/01_val_Weather/dspbuilder_meta_20260511_114518/valid_logs/Weather.txt,/home/junghc/TSLib/Time-Series-Library/meta_checkpoints/dspbuilder_meta_leave_one_out/suite_20260511_114502/01_val_Weather/dspbuilder_meta_20260511_114518/summary.json
Weather,01_val_Weather,12,0.41144,15,False,flops,0.446600,/home/junghc/TSLib/Time-Series-Library/meta_checkpoints/dspbuilder_meta_leave_one_out/suite_20260511_114502/01_val_Weather/dspbuilder_meta_20260511_114518/valid_logs/Weather.txt,/home/junghc/TSLib/Time-Series-Library/meta_checkpoints/dspbuilder_meta_leave_one_out/suite_20260511_114502/01_val_Weather/dspbuilder_meta_20260511_114518/summary.json
Weather,01_val_Weather,13,0.410866,15,False,flops,0.446600,/home/junghc/TSLib/Time-Series-Library/meta_checkpoints/dspbuilder_meta_leave_one_out/suite_20260511_114502/01_val_Weather/dspbuilder_meta_20260511_114518/valid_logs/Weather.txt,/home/junghc/TSLib/Time-Series-Library/meta_checkpoints/dspbuilder_meta_leave_one_out/suite_20260511_114502/01_val_Weather/dspbuilder_meta_20260511_114518/summary.json
Weather,01_val_Weather,14,0.414049,15,False,flops,0.446600,/home/junghc/TSLib/Time-Series-Library/meta_checkpoints/dspbuilder_meta_leave_one_out/suite_20260511_114502/01_val_Weather/dspbuilder_meta_20260511_114518/valid_logs/Weather.txt,/home/junghc/TSLib/Time-Series-Library/meta_checkpoints/dspbuilder_meta_leave_one_out/suite_20260511_114502/01_val_Weather/dspbuilder_meta_20260511_114518/summary.json
Weather,01_val_Weather,15,0.414584,15,True,flops,0.446600,/home/junghc/TSLib/Time-Series-Library/meta_checkpoints/dspbuilder_meta_leave_one_out/suite_20260511_114502/01_val_Weather/dspbuilder_meta_20260511_114518/valid_logs/Weather.txt,/home/junghc/TSLib/Time-Series-Library/meta_checkpoints/dspbuilder_meta_leave_one_out/suite_20260511_114502/01_val_Weather/dspbuilder_meta_20260511_114518/summary.json
Weather,01_val_Weather,16,0.412865,15,False,flops,0.446600,/home/junghc/TSLib/Time-Series-Library/meta_checkpoints/dspbuilder_meta_leave_one_out/suite_20260511_114502/01_val_Weather/dspbuilder_meta_20260511_114518/valid_logs/Weather.txt,/home/junghc/TSLib/Time-Series-Library/meta_checkpoints/dspbuilder_meta_leave_one_out/suite_20260511_114502/01_val_Weather/dspbuilder_meta_20260511_114518/summary.json
Weather,01_val_Weather,17,0.419236,15,False,flops,0.446600,/home/junghc/TSLib/Time-Series-Library/meta_checkpoints/dspbuilder_meta_leave_one_out/suite_20260511_114502/01_val_Weather/dspbuilder_meta_20260511_114518/valid_logs/Weather.txt,/home/junghc/TSLib/Time-Series-Library/meta_checkpoints/dspbuilder_meta_leave_one_out/suite_20260511_114502/01_val_Weather/dspbuilder_meta_20260511_114518/summary.json
Weather,01_val_Weather,18,0.416384,15,False,flops,0.446600,/home/junghc/TSLib/Time-Series-Library/meta_checkpoints/dspbuilder_meta_leave_one_out/suite_20260511_114502/01_val_Weather/dspbuilder_meta_20260511_114518/valid_logs/Weather.txt,/home/junghc/TSLib/Time-Series-Library/meta_checkpoints/dspbuilder_meta_leave_one_out/suite_20260511_114502/01_val_Weather/dspbuilder_meta_20260511_114518/summary.json
Weather,01_val_Weather,19,0.418105,15,False,flops,0.446600,/home/junghc/TSLib/Time-Series-Library/meta_checkpoints/dspbuilder_meta_leave_one_out/suite_20260511_114502/01_val_Weather/dspbuilder_meta_20260511_114518/valid_logs/Weather.txt,/home/junghc/TSLib/Time-Series-Library/meta_checkpoints/dspbuilder_meta_leave_one_out/suite_20260511_114502/01_val_Weather/dspbuilder_meta_20260511_114518/summary.json
Weather,01_val_Weather,20,0.418167,15,False,flops,0.446600,/home/junghc/TSLib/Time-Series-Library/meta_checkpoints/dspbuilder_meta_leave_one_out/suite_20260511_114502/01_val_Weather/dspbuilder_meta_20260511_114518/valid_logs/Weather.txt,/home/junghc/TSLib/Time-Series-Library/meta_checkpoints/dspbuilder_meta_leave_one_out/suite_20260511_114502/01_val_Weather/dspbuilder_meta_20260511_114518/summary.json
Traffic,02_val_Traffic,1,0.288209,31,False,params,0.549300,/home/junghc/TSLib/Time-Series-Library/meta_checkpoints/dspbuilder_meta_leave_one_out/suite_20260511_114502/02_val_Traffic/dspbuilder_meta_20260511_114729/valid_logs/Traffic.txt,/home/junghc/TSLib/Time-Series-Library/meta_checkpoints/dspbuilder_meta_leave_one_out/suite_20260511_114502/02_val_Traffic/dspbuilder_meta_20260511_114729/summary.json
Traffic,02_val_Traffic,2,0.406889,31,False,params,0.549300,/home/junghc/TSLib/Time-Series-Library/meta_checkpoints/dspbuilder_meta_leave_one_out/suite_20260511_114502/02_val_Traffic/dspbuilder_meta_20260511_114729/valid_logs/Traffic.txt,/home/junghc/TSLib/Time-Series-Library/meta_checkpoints/dspbuilder_meta_leave_one_out/suite_20260511_114502/02_val_Traffic/dspbuilder_meta_20260511_114729/summary.json
Traffic,02_val_Traffic,3,0.360722,31,False,params,0.549300,/home/junghc/TSLib/Time-Series-Library/meta_checkpoints/dspbuilder_meta_leave_one_out/suite_20260511_114502/02_val_Traffic/dspbuilder_meta_20260511_114729/valid_logs/Traffic.txt,/home/junghc/TSLib/Time-Series-Library/meta_checkpoints/dspbuilder_meta_leave_one_out/suite_20260511_114502/02_val_Traffic/dspbuilder_meta_20260511_114729/summary.json
Traffic,02_val_Traffic,4,0.512314,31,False,params,0.549300,/home/junghc/TSLib/Time-Series-Library/meta_checkpoints/dspbuilder_meta_leave_one_out/suite_20260511_114502/02_val_Traffic/dspbuilder_meta_20260511_114729/valid_logs/Traffic.txt,/home/junghc/TSLib/Time-Series-Library/meta_checkpoints/dspbuilder_meta_leave_one_out/suite_20260511_114502/02_val_Traffic/dspbuilder_meta_20260511_114729/summary.json
Traffic,02_val_Traffic,5,0.538791,31,False,params,0.549300,/home/junghc/TSLib/Time-Series-Library/meta_checkpoints/dspbuilder_meta_leave_one_out/suite_20260511_114502/02_val_Traffic/dspbuilder_meta_20260511_114729/valid_logs/Traffic.txt,/home/junghc/TSLib/Time-Series-Library/meta_checkpoints/dspbuilder_meta_leave_one_out/suite_20260511_114502/02_val_Traffic/dspbuilder_meta_20260511_114729/summary.json
Traffic,02_val_Traffic,6,0.547884,31,False,params,0.549300,/home/junghc/TSLib/Time-Series-Library/meta_checkpoints/dspbuilder_meta_leave_one_out/suite_20260511_114502/02_val_Traffic/dspbuilder_meta_20260511_114729/valid_logs/Traffic.txt,/home/junghc/TSLib/Time-Series-Library/meta_checkpoints/dspbuilder_meta_leave_one_out/suite_20260511_114502/02_val_Traffic/dspbuilder_meta_20260511_114729/summary.json
Traffic,02_val_Traffic,7,0.554739,31,False,params,0.549300,/home/junghc/TSLib/Time-Series-Library/meta_checkpoints/dspbuilder_meta_leave_one_out/suite_20260511_114502/02_val_Traffic/dspbuilder_meta_20260511_114729/valid_logs/Traffic.txt,/home/junghc/TSLib/Time-Series-Library/meta_checkpoints/dspbuilder_meta_leave_one_out/suite_20260511_114502/02_val_Traffic/dspbuilder_meta_20260511_114729/summary.json
Traffic,02_val_Traffic,8,0.552257,31,False,params,0.549300,/home/junghc/TSLib/Time-Series-Library/meta_checkpoints/dspbuilder_meta_leave_one_out/suite_20260511_114502/02_val_Traffic/dspbuilder_meta_20260511_114729/valid_logs/Traffic.txt,/home/junghc/TSLib/Time-Series-Library/meta_checkpoints/dspbuilder_meta_leave_one_out/suite_20260511_114502/02_val_Traffic/dspbuilder_meta_20260511_114729/summary.json
Traffic,02_val_Traffic,9,0.555161,31,False,params,0.549300,/home/junghc/TSLib/Time-Series-Library/meta_checkpoints/dspbuilder_meta_leave_one_out/suite_20260511_114502/02_val_Traffic/dspbuilder_meta_20260511_114729/valid_logs/Traffic.txt,/home/junghc/TSLib/Time-Series-Library/meta_checkpoints/dspbuilder_meta_leave_one_out/suite_20260511_114502/02_val_Traffic/dspbuilder_meta_20260511_114729/summary.json
Traffic,02_val_Traffic,10,0.555593,31,False,params,0.549300,/home/junghc/TSLib/Time-Series-Library/meta_checkpoints/dspbuilder_meta_leave_one_out/suite_20260511_114502/02_val_Traffic/dspbuilder_meta_20260511_114729/valid_logs/Traffic.txt,/home/junghc/TSLib/Time-Series-Library/meta_checkpoints/dspbuilder_meta_leave_one_out/suite_20260511_114502/02_val_Traffic/dspbuilder_meta_20260511_114729/summary.json
Traffic,02_val_Traffic,11,0.558807,31,False,params,0.549300,/home/junghc/TSLib/Time-Series-Library/meta_checkpoints/dspbuilder_meta_leave_one_out/suite_20260511_114502/02_val_Traffic/dspbuilder_meta_20260511_114729/valid_logs/Traffic.txt,/home/junghc/TSLib/Time-Series-Library/meta_checkpoints/dspbuilder_meta_leave_one_out/suite_20260511_114502/02_val_Traffic/dspbuilder_meta_20260511_114729/summary.json
Traffic,02_val_Traffic,12,0.523051,31,False,params,0.549300,/home/junghc/TSLib/Time-Series-Library/meta_checkpoints/dspbuilder_meta_leave_one_out/suite_20260511_114502/02_val_Traffic/dspbuilder_meta_20260511_114729/valid_logs/Traffic.txt,/home/junghc/TSLib/Time-Series-Library/meta_checkpoints/dspbuilder_meta_leave_one_out/suite_20260511_114502/02_val_Traffic/dspbuilder_meta_20260511_114729/summary.json
Traffic,02_val_Traffic,13,0.559069,31,False,params,0.549300,/home/junghc/TSLib/Time-Series-Library/meta_checkpoints/dspbuilder_meta_leave_one_out/suite_20260511_114502/02_val_Traffic/dspbuilder_meta_20260511_114729/valid_logs/Traffic.txt,/home/junghc/TSLib/Time-Series-Library/meta_checkpoints/dspbuilder_meta_leave_one_out/suite_20260511_114502/02_val_Traffic/dspbuilder_meta_20260511_114729/summary.json
Traffic,02_val_Traffic,14,0.54978,31,False,params,0.549300,/home/junghc/TSLib/Time-Series-Library/meta_checkpoints/dspbuilder_meta_leave_one_out/suite_20260511_114502/02_val_Traffic/dspbuilder_meta_20260511_114729/valid_logs/Traffic.txt,/home/junghc/TSLib/Time-Series-Library/meta_checkpoints/dspbuilder_meta_leave_one_out/suite_20260511_114502/02_val_Traffic/dspbuilder_meta_20260511_114729/summary.json
Traffic,02_val_Traffic,15,0.555545,31,False,params,0.549300,/home/junghc/TSLib/Time-Series-Library/meta_checkpoints/dspbuilder_meta_leave_one_out/suite_20260511_114502/02_val_Traffic/dspbuilder_meta_20260511_114729/valid_logs/Traffic.txt,/home/junghc/TSLib/Time-Series-Library/meta_checkpoints/dspbuilder_meta_leave_one_out/suite_20260511_114502/02_val_Traffic/dspbuilder_meta_20260511_114729/summary.json
Traffic,02_val_Traffic,16,0.555099,31,False,params,0.549300,/home/junghc/TSLib/Time-Series-Library/meta_checkpoints/dspbuilder_meta_leave_one_out/suite_20260511_114502/02_val_Traffic/dspbuilder_meta_20260511_114729/valid_logs/Traffic.txt,/home/junghc/TSLib/Time-Series-Library/meta_checkpoints/dspbuilder_meta_leave_one_out/suite_20260511_114502/02_val_Traffic/dspbuilder_meta_20260511_114729/summary.json
Traffic,02_val_Traffic,17,0.563012,31,False,params,0.549300,/home/junghc/TSLib/Time-Series-Library/meta_checkpoints/dspbuilder_meta_leave_one_out/suite_20260511_114502/02_val_Traffic/dspbuilder_meta_20260511_114729/valid_logs/Traffic.txt,/home/junghc/TSLib/Time-Series-Library/meta_checkpoints/dspbuilder_meta_leave_one_out/suite_20260511_114502/02_val_Traffic/dspbuilder_meta_20260511_114729/summary.json
Traffic,02_val_Traffic,18,0.559172,31,False,params,0.549300,/home/junghc/TSLib/Time-Series-Library/meta_checkpoints/dspbuilder_meta_leave_one_out/suite_20260511_114502/02_val_Traffic/dspbuilder_meta_20260511_114729/valid_logs/Traffic.txt,/home/junghc/TSLib/Time-Series-Library/meta_checkpoints/dspbuilder_meta_leave_one_out/suite_20260511_114502/02_val_Traffic/dspbuilder_meta_20260511_114729/summary.json
Traffic,02_val_Traffic,19,0.551731,31,False,params,0.549300,/home/junghc/TSLib/Time-Series-Library/meta_checkpoints/dspbuilder_meta_leave_one_out/suite_20260511_114502/02_val_Traffic/dspbuilder_meta_20260511_114729/valid_logs/Traffic.txt,/home/junghc/TSLib/Time-Series-Library/meta_checkpoints/dspbuilder_meta_leave_one_out/suite_20260511_114502/02_val_Traffic/dspbuilder_meta_20260511_114729/summary.json
Traffic,02_val_Traffic,20,0.541816,31,False,params,0.549300,/home/junghc/TSLib/Time-Series-Library/meta_checkpoints/dspbuilder_meta_leave_one_out/suite_20260511_114502/02_val_Traffic/dspbuilder_meta_20260511_114729/valid_logs/Traffic.txt,/home/junghc/TSLib/Time-Series-Library/meta_checkpoints/dspbuilder_meta_leave_one_out/suite_20260511_114502/02_val_Traffic/dspbuilder_meta_20260511_114729/summary.json
Traffic,02_val_Traffic,21,0.552919,31,False,params,0.549300,/home/junghc/TSLib/Time-Series-Library/meta_checkpoints/dspbuilder_meta_leave_one_out/suite_20260511_114502/02_val_Traffic/dspbuilder_meta_20260511_114729/valid_logs/Traffic.txt,/home/junghc/TSLib/Time-Series-Library/meta_checkpoints/dspbuilder_meta_leave_one_out/suite_20260511_114502/02_val_Traffic/dspbuilder_meta_20260511_114729/summary.json
Traffic,02_val_Traffic,22,0.551078,31,False,params,0.549300,/home/junghc/TSLib/Time-Series-Library/meta_checkpoints/dspbuilder_meta_leave_one_out/suite_20260511_114502/02_val_Traffic/dspbuilder_meta_20260511_114729/valid_logs/Traffic.txt,/home/junghc/TSLib/Time-Series-Library/meta_checkpoints/dspbuilder_meta_leave_one_out/suite_20260511_114502/02_val_Traffic/dspbuilder_meta_20260511_114729/summary.json
Traffic,02_val_Traffic,23,0.552074,31,False,params,0.549300,/home/junghc/TSLib/Time-Series-Library/meta_checkpoints/dspbuilder_meta_leave_one_out/suite_20260511_114502/02_val_Traffic/dspbuilder_meta_20260511_114729/valid_logs/Traffic.txt,/home/junghc/TSLib/Time-Series-Library/meta_checkpoints/dspbuilder_meta_leave_one_out/suite_20260511_114502/02_val_Traffic/dspbuilder_meta_20260511_114729/summary.json
Traffic,02_val_Traffic,24,0.557369,31,False,params,0.549300,/home/junghc/TSLib/Time-Series-Library/meta_checkpoints/dspbuilder_meta_leave_one_out/suite_20260511_114502/02_val_Traffic/dspbuilder_meta_20260511_114729/valid_logs/Traffic.txt,/home/junghc/TSLib/Time-Series-Library/meta_checkpoints/dspbuilder_meta_leave_one_out/suite_20260511_114502/02_val_Traffic/dspbuilder_meta_20260511_114729/summary.json
Traffic,02_val_Traffic,25,0.545795,31,False,params,0.549300,/home/junghc/TSLib/Time-Series-Library/meta_checkpoints/dspbuilder_meta_leave_one_out/suite_20260511_114502/02_val_Traffic/dspbuilder_meta_20260511_114729/valid_logs/Traffic.txt,/home/junghc/TSLib/Time-Series-Library/meta_checkpoints/dspbuilder_meta_leave_one_out/suite_20260511_114502/02_val_Traffic/dspbuilder_meta_20260511_114729/summary.json
Traffic,02_val_Traffic,26,0.542687,31,False,params,0.549300,/home/junghc/TSLib/Time-Series-Library/meta_checkpoints/dspbuilder_meta_leave_one_out/suite_20260511_114502/02_val_Traffic/dspbuilder_meta_20260511_114729/valid_logs/Traffic.txt,/home/junghc/TSLib/Time-Series-Library/meta_checkpoints/dspbuilder_meta_leave_one_out/suite_20260511_114502/02_val_Traffic/dspbuilder_meta_20260511_114729/summary.json
Traffic,02_val_Traffic,27,0.549453,31,False,params,0.549300,/home/junghc/TSLib/Time-Series-Library/meta_checkpoints/dspbuilder_meta_leave_one_out/suite_20260511_114502/02_val_Traffic/dspbuilder_meta_20260511_114729/valid_logs/Traffic.txt,/home/junghc/TSLib/Time-Series-Library/meta_checkpoints/dspbuilder_meta_leave_one_out/suite_20260511_114502/02_val_Traffic/dspbuilder_meta_20260511_114729/summary.json
Traffic,02_val_Traffic,28,0.547092,31,False,params,0.549300,/home/junghc/TSLib/Time-Series-Library/meta_checkpoints/dspbuilder_meta_leave_one_out/suite_20260511_114502/02_val_Traffic/dspbuilder_meta_20260511_114729/valid_logs/Traffic.txt,/home/junghc/TSLib/Time-Series-Library/meta_checkpoints/dspbuilder_meta_leave_one_out/suite_20260511_114502/02_val_Traffic/dspbuilder_meta_20260511_114729/summary.json
Traffic,02_val_Traffic,29,0.552739,31,False,params,0.549300,/home/junghc/TSLib/Time-Series-Library/meta_checkpoints/dspbuilder_meta_leave_one_out/suite_20260511_114502/02_val_Traffic/dspbuilder_meta_20260511_114729/valid_logs/Traffic.txt,/home/junghc/TSLib/Time-Series-Library/meta_checkpoints/dspbuilder_meta_leave_one_out/suite_20260511_114502/02_val_Traffic/dspbuilder_meta_20260511_114729/summary.json
Traffic,02_val_Traffic,30,0.535388,31,False,params,0.549300,/home/junghc/TSLib/Time-Series-Library/meta_checkpoints/dspbuilder_meta_leave_one_out/suite_20260511_114502/02_val_Traffic/dspbuilder_meta_20260511_114729/valid_logs/Traffic.txt,/home/junghc/TSLib/Time-Series-Library/meta_checkpoints/dspbuilder_meta_leave_one_out/suite_20260511_114502/02_val_Traffic/dspbuilder_meta_20260511_114729/summary.json
Traffic,02_val_Traffic,31,0.557127,31,True,params,0.549300,/home/junghc/TSLib/Time-Series-Library/meta_checkpoints/dspbuilder_meta_leave_one_out/suite_20260511_114502/02_val_Traffic/dspbuilder_meta_20260511_114729/valid_logs/Traffic.txt,/home/junghc/TSLib/Time-Series-Library/meta_checkpoints/dspbuilder_meta_leave_one_out/suite_20260511_114502/02_val_Traffic/dspbuilder_meta_20260511_114729/summary.json
Traffic,02_val_Traffic,32,0.55807,31,False,params,0.549300,/home/junghc/TSLib/Time-Series-Library/meta_checkpoints/dspbuilder_meta_leave_one_out/suite_20260511_114502/02_val_Traffic/dspbuilder_meta_20260511_114729/valid_logs/Traffic.txt,/home/junghc/TSLib/Time-Series-Library/meta_checkpoints/dspbuilder_meta_leave_one_out/suite_20260511_114502/02_val_Traffic/dspbuilder_meta_20260511_114729/summary.json
Traffic,02_val_Traffic,33,0.553903,31,False,params,0.549300,/home/junghc/TSLib/Time-Series-Library/meta_checkpoints/dspbuilder_meta_leave_one_out/suite_20260511_114502/02_val_Traffic/dspbuilder_meta_20260511_114729/valid_logs/Traffic.txt,/home/junghc/TSLib/Time-Series-Library/meta_checkpoints/dspbuilder_meta_leave_one_out/suite_20260511_114502/02_val_Traffic/dspbuilder_meta_20260511_114729/summary.json
Traffic,02_val_Traffic,34,0.561582,31,False,params,0.549300,/home/junghc/TSLib/Time-Series-Library/meta_checkpoints/dspbuilder_meta_leave_one_out/suite_20260511_114502/02_val_Traffic/dspbuilder_meta_20260511_114729/valid_logs/Traffic.txt,/home/junghc/TSLib/Time-Series-Library/meta_checkpoints/dspbuilder_meta_leave_one_out/suite_20260511_114502/02_val_Traffic/dspbuilder_meta_20260511_114729/summary.json
Traffic,02_val_Traffic,35,0.563432,31,False,params,0.549300,/home/junghc/TSLib/Time-Series-Library/meta_checkpoints/dspbuilder_meta_leave_one_out/suite_20260511_114502/02_val_Traffic/dspbuilder_meta_20260511_114729/valid_logs/Traffic.txt,/home/junghc/TSLib/Time-Series-Library/meta_checkpoints/dspbuilder_meta_leave_one_out/suite_20260511_114502/02_val_Traffic/dspbuilder_meta_20260511_114729/summary.json
Traffic,02_val_Traffic,36,0.565873,31,False,params,0.549300,/home/junghc/TSLib/Time-Series-Library/meta_checkpoints/dspbuilder_meta_leave_one_out/suite_20260511_114502/02_val_Traffic/dspbuilder_meta_20260511_114729/valid_logs/Traffic.txt,/home/junghc/TSLib/Time-Series-Library/meta_checkpoints/dspbuilder_meta_leave_one_out/suite_20260511_114502/02_val_Traffic/dspbuilder_meta_20260511_114729/summary.json
ECL,03_val_ECL,1,0.564524,5,False,params,0.941200,/home/junghc/TSLib/Time-Series-Library/meta_checkpoints/dspbuilder_meta_leave_one_out/suite_20260511_114502/03_val_ECL/dspbuilder_meta_20260511_115043/valid_logs/ECL.txt,/home/junghc/TSLib/Time-Series-Library/meta_checkpoints/dspbuilder_meta_leave_one_out/suite_20260511_114502/03_val_ECL/dspbuilder_meta_20260511_115043/summary.json
ECL,03_val_ECL,2,0.810477,5,False,params,0.941200,/home/junghc/TSLib/Time-Series-Library/meta_checkpoints/dspbuilder_meta_leave_one_out/suite_20260511_114502/03_val_ECL/dspbuilder_meta_20260511_115043/valid_logs/ECL.txt,/home/junghc/TSLib/Time-Series-Library/meta_checkpoints/dspbuilder_meta_leave_one_out/suite_20260511_114502/03_val_ECL/dspbuilder_meta_20260511_115043/summary.json
ECL,03_val_ECL,3,0.853921,5,False,params,0.941200,/home/junghc/TSLib/Time-Series-Library/meta_checkpoints/dspbuilder_meta_leave_one_out/suite_20260511_114502/03_val_ECL/dspbuilder_meta_20260511_115043/valid_logs/ECL.txt,/home/junghc/TSLib/Time-Series-Library/meta_checkpoints/dspbuilder_meta_leave_one_out/suite_20260511_114502/03_val_ECL/dspbuilder_meta_20260511_115043/summary.json
ECL,03_val_ECL,4,0.907051,5,False,params,0.941200,/home/junghc/TSLib/Time-Series-Library/meta_checkpoints/dspbuilder_meta_leave_one_out/suite_20260511_114502/03_val_ECL/dspbuilder_meta_20260511_115043/valid_logs/ECL.txt,/home/junghc/TSLib/Time-Series-Library/meta_checkpoints/dspbuilder_meta_leave_one_out/suite_20260511_114502/03_val_ECL/dspbuilder_meta_20260511_115043/summary.json
ECL,03_val_ECL,5,0.926044,5,True,params,0.941200,/home/junghc/TSLib/Time-Series-Library/meta_checkpoints/dspbuilder_meta_leave_one_out/suite_20260511_114502/03_val_ECL/dspbuilder_meta_20260511_115043/valid_logs/ECL.txt,/home/junghc/TSLib/Time-Series-Library/meta_checkpoints/dspbuilder_meta_leave_one_out/suite_20260511_114502/03_val_ECL/dspbuilder_meta_20260511_115043/summary.json
ECL,03_val_ECL,6,0.917372,5,False,params,0.941200,/home/junghc/TSLib/Time-Series-Library/meta_checkpoints/dspbuilder_meta_leave_one_out/suite_20260511_114502/03_val_ECL/dspbuilder_meta_20260511_115043/valid_logs/ECL.txt,/home/junghc/TSLib/Time-Series-Library/meta_checkpoints/dspbuilder_meta_leave_one_out/suite_20260511_114502/03_val_ECL/dspbuilder_meta_20260511_115043/summary.json
ECL,03_val_ECL,7,0.922868,5,False,params,0.941200,/home/junghc/TSLib/Time-Series-Library/meta_checkpoints/dspbuilder_meta_leave_one_out/suite_20260511_114502/03_val_ECL/dspbuilder_meta_20260511_115043/valid_logs/ECL.txt,/home/junghc/TSLib/Time-Series-Library/meta_checkpoints/dspbuilder_meta_leave_one_out/suite_20260511_114502/03_val_ECL/dspbuilder_meta_20260511_115043/summary.json
ECL,03_val_ECL,8,0.894073,5,False,params,0.941200,/home/junghc/TSLib/Time-Series-Library/meta_checkpoints/dspbuilder_meta_leave_one_out/suite_20260511_114502/03_val_ECL/dspbuilder_meta_20260511_115043/valid_logs/ECL.txt,/home/junghc/TSLib/Time-Series-Library/meta_checkpoints/dspbuilder_meta_leave_one_out/suite_20260511_114502/03_val_ECL/dspbuilder_meta_20260511_115043/summary.json
ECL,03_val_ECL,9,0.912967,5,False,params,0.941200,/home/junghc/TSLib/Time-Series-Library/meta_checkpoints/dspbuilder_meta_leave_one_out/suite_20260511_114502/03_val_ECL/dspbuilder_meta_20260511_115043/valid_logs/ECL.txt,/home/junghc/TSLib/Time-Series-Library/meta_checkpoints/dspbuilder_meta_leave_one_out/suite_20260511_114502/03_val_ECL/dspbuilder_meta_20260511_115043/summary.json
ECL,03_val_ECL,10,0.881445,5,False,params,0.941200,/home/junghc/TSLib/Time-Series-Library/meta_checkpoints/dspbuilder_meta_leave_one_out/suite_20260511_114502/03_val_ECL/dspbuilder_meta_20260511_115043/valid_logs/ECL.txt,/home/junghc/TSLib/Time-Series-Library/meta_checkpoints/dspbuilder_meta_leave_one_out/suite_20260511_114502/03_val_ECL/dspbuilder_meta_20260511_115043/summary.json
Etth1,04_val_Etth1,1,-0.164416,1,True,flops,-0.352200,/home/junghc/TSLib/Time-Series-Library/meta_checkpoints/dspbuilder_meta_leave_one_out/suite_20260511_114502/04_val_Etth1/dspbuilder_meta_20260511_115158/valid_logs/Etth1.txt,/home/junghc/TSLib/Time-Series-Library/meta_checkpoints/dspbuilder_meta_leave_one_out/suite_20260511_114502/04_val_Etth1/dspbuilder_meta_20260511_115158/summary.json
Etth1,04_val_Etth1,2,-0.358368,1,False,flops,-0.352200,/home/junghc/TSLib/Time-Series-Library/meta_checkpoints/dspbuilder_meta_leave_one_out/suite_20260511_114502/04_val_Etth1/dspbuilder_meta_20260511_115158/valid_logs/Etth1.txt,/home/junghc/TSLib/Time-Series-Library/meta_checkpoints/dspbuilder_meta_leave_one_out/suite_20260511_114502/04_val_Etth1/dspbuilder_meta_20260511_115158/summary.json
Etth1,04_val_Etth1,3,-0.339603,1,False,flops,-0.352200,/home/junghc/TSLib/Time-Series-Library/meta_checkpoints/dspbuilder_meta_leave_one_out/suite_20260511_114502/04_val_Etth1/dspbuilder_meta_20260511_115158/valid_logs/Etth1.txt,/home/junghc/TSLib/Time-Series-Library/meta_checkpoints/dspbuilder_meta_leave_one_out/suite_20260511_114502/04_val_Etth1/dspbuilder_meta_20260511_115158/summary.json
Etth1,04_val_Etth1,4,-0.389321,1,False,flops,-0.352200,/home/junghc/TSLib/Time-Series-Library/meta_checkpoints/dspbuilder_meta_leave_one_out/suite_20260511_114502/04_val_Etth1/dspbuilder_meta_20260511_115158/valid_logs/Etth1.txt,/home/junghc/TSLib/Time-Series-Library/meta_checkpoints/dspbuilder_meta_leave_one_out/suite_20260511_114502/04_val_Etth1/dspbuilder_meta_20260511_115158/summary.json
Etth1,04_val_Etth1,5,-0.372054,1,False,flops,-0.352200,/home/junghc/TSLib/Time-Series-Library/meta_checkpoints/dspbuilder_meta_leave_one_out/suite_20260511_114502/04_val_Etth1/dspbuilder_meta_20260511_115158/valid_logs/Etth1.txt,/home/junghc/TSLib/Time-Series-Library/meta_checkpoints/dspbuilder_meta_leave_one_out/suite_20260511_114502/04_val_Etth1/dspbuilder_meta_20260511_115158/summary.json
Etth1,04_val_Etth1,6,-0.373948,1,False,flops,-0.352200,/home/junghc/TSLib/Time-Series-Library/meta_checkpoints/dspbuilder_meta_leave_one_out/suite_20260511_114502/04_val_Etth1/dspbuilder_meta_20260511_115158/valid_logs/Etth1.txt,/home/junghc/TSLib/Time-Series-Library/meta_checkpoints/dspbuilder_meta_leave_one_out/suite_20260511_114502/04_val_Etth1/dspbuilder_meta_20260511_115158/summary.json
Exchange,05_val_Exchange,1,0.191167,4,False,synflow,0.376500,/home/junghc/TSLib/Time-Series-Library/meta_checkpoints/dspbuilder_meta_leave_one_out/suite_20260511_114502/05_val_Exchange/dspbuilder_meta_20260511_115251/valid_logs/Exchange.txt,/home/junghc/TSLib/Time-Series-Library/meta_checkpoints/dspbuilder_meta_leave_one_out/suite_20260511_114502/05_val_Exchange/dspbuilder_meta_20260511_115251/summary.json
Exchange,05_val_Exchange,2,0.295146,4,False,synflow,0.376500,/home/junghc/TSLib/Time-Series-Library/meta_checkpoints/dspbuilder_meta_leave_one_out/suite_20260511_114502/05_val_Exchange/dspbuilder_meta_20260511_115251/valid_logs/Exchange.txt,/home/junghc/TSLib/Time-Series-Library/meta_checkpoints/dspbuilder_meta_leave_one_out/suite_20260511_114502/05_val_Exchange/dspbuilder_meta_20260511_115251/summary.json
Exchange,05_val_Exchange,3,0.311813,4,False,synflow,0.376500,/home/junghc/TSLib/Time-Series-Library/meta_checkpoints/dspbuilder_meta_leave_one_out/suite_20260511_114502/05_val_Exchange/dspbuilder_meta_20260511_115251/valid_logs/Exchange.txt,/home/junghc/TSLib/Time-Series-Library/meta_checkpoints/dspbuilder_meta_leave_one_out/suite_20260511_114502/05_val_Exchange/dspbuilder_meta_20260511_115251/summary.json
Exchange,05_val_Exchange,4,0.31164,4,True,synflow,0.376500,/home/junghc/TSLib/Time-Series-Library/meta_checkpoints/dspbuilder_meta_leave_one_out/suite_20260511_114502/05_val_Exchange/dspbuilder_meta_20260511_115251/valid_logs/Exchange.txt,/home/junghc/TSLib/Time-Series-Library/meta_checkpoints/dspbuilder_meta_leave_one_out/suite_20260511_114502/05_val_Exchange/dspbuilder_meta_20260511_115251/summary.json
Exchange,05_val_Exchange,5,0.323999,4,False,synflow,0.376500,/home/junghc/TSLib/Time-Series-Library/meta_checkpoints/dspbuilder_meta_leave_one_out/suite_20260511_114502/05_val_Exchange/dspbuilder_meta_20260511_115251/valid_logs/Exchange.txt,/home/junghc/TSLib/Time-Series-Library/meta_checkpoints/dspbuilder_meta_leave_one_out/suite_20260511_114502/05_val_Exchange/dspbuilder_meta_20260511_115251/summary.json
Exchange,05_val_Exchange,6,0.32065,4,False,synflow,0.376500,/home/junghc/TSLib/Time-Series-Library/meta_checkpoints/dspbuilder_meta_leave_one_out/suite_20260511_114502/05_val_Exchange/dspbuilder_meta_20260511_115251/valid_logs/Exchange.txt,/home/junghc/TSLib/Time-Series-Library/meta_checkpoints/dspbuilder_meta_leave_one_out/suite_20260511_114502/05_val_Exchange/dspbuilder_meta_20260511_115251/summary.json
Exchange,05_val_Exchange,7,0.333612,4,False,synflow,0.376500,/home/junghc/TSLib/Time-Series-Library/meta_checkpoints/dspbuilder_meta_leave_one_out/suite_20260511_114502/05_val_Exchange/dspbuilder_meta_20260511_115251/valid_logs/Exchange.txt,/home/junghc/TSLib/Time-Series-Library/meta_checkpoints/dspbuilder_meta_leave_one_out/suite_20260511_114502/05_val_Exchange/dspbuilder_meta_20260511_115251/summary.json
Exchange,05_val_Exchange,8,0.329867,4,False,synflow,0.376500,/home/junghc/TSLib/Time-Series-Library/meta_checkpoints/dspbuilder_meta_leave_one_out/suite_20260511_114502/05_val_Exchange/dspbuilder_meta_20260511_115251/valid_logs/Exchange.txt,/home/junghc/TSLib/Time-Series-Library/meta_checkpoints/dspbuilder_meta_leave_one_out/suite_20260511_114502/05_val_Exchange/dspbuilder_meta_20260511_115251/summary.json
Exchange,05_val_Exchange,9,0.340688,4,False,synflow,0.376500,/home/junghc/TSLib/Time-Series-Library/meta_checkpoints/dspbuilder_meta_leave_one_out/suite_20260511_114502/05_val_Exchange/dspbuilder_meta_20260511_115251/valid_logs/Exchange.txt,/home/junghc/TSLib/Time-Series-Library/meta_checkpoints/dspbuilder_meta_leave_one_out/suite_20260511_114502/05_val_Exchange/dspbuilder_meta_20260511_115251/summary.json
ILI,06_val_ILI,1,0.449157,7,False,synflow,0.910900,/home/junghc/TSLib/Time-Series-Library/meta_checkpoints/dspbuilder_meta_leave_one_out/suite_20260511_114502/06_val_ILI/dspbuilder_meta_20260511_115401/valid_logs/ILI.txt,/home/junghc/TSLib/Time-Series-Library/meta_checkpoints/dspbuilder_meta_leave_one_out/suite_20260511_114502/06_val_ILI/dspbuilder_meta_20260511_115401/summary.json
ILI,06_val_ILI,2,0.81691,7,False,synflow,0.910900,/home/junghc/TSLib/Time-Series-Library/meta_checkpoints/dspbuilder_meta_leave_one_out/suite_20260511_114502/06_val_ILI/dspbuilder_meta_20260511_115401/valid_logs/ILI.txt,/home/junghc/TSLib/Time-Series-Library/meta_checkpoints/dspbuilder_meta_leave_one_out/suite_20260511_114502/06_val_ILI/dspbuilder_meta_20260511_115401/summary.json
ILI,06_val_ILI,3,0.890086,7,False,synflow,0.910900,/home/junghc/TSLib/Time-Series-Library/meta_checkpoints/dspbuilder_meta_leave_one_out/suite_20260511_114502/06_val_ILI/dspbuilder_meta_20260511_115401/valid_logs/ILI.txt,/home/junghc/TSLib/Time-Series-Library/meta_checkpoints/dspbuilder_meta_leave_one_out/suite_20260511_114502/06_val_ILI/dspbuilder_meta_20260511_115401/summary.json
ILI,06_val_ILI,4,0.879098,7,False,synflow,0.910900,/home/junghc/TSLib/Time-Series-Library/meta_checkpoints/dspbuilder_meta_leave_one_out/suite_20260511_114502/06_val_ILI/dspbuilder_meta_20260511_115401/valid_logs/ILI.txt,/home/junghc/TSLib/Time-Series-Library/meta_checkpoints/dspbuilder_meta_leave_one_out/suite_20260511_114502/06_val_ILI/dspbuilder_meta_20260511_115401/summary.json
ILI,06_val_ILI,5,0.885943,7,False,synflow,0.910900,/home/junghc/TSLib/Time-Series-Library/meta_checkpoints/dspbuilder_meta_leave_one_out/suite_20260511_114502/06_val_ILI/dspbuilder_meta_20260511_115401/valid_logs/ILI.txt,/home/junghc/TSLib/Time-Series-Library/meta_checkpoints/dspbuilder_meta_leave_one_out/suite_20260511_114502/06_val_ILI/dspbuilder_meta_20260511_115401/summary.json
ILI,06_val_ILI,6,0.90051,7,False,synflow,0.910900,/home/junghc/TSLib/Time-Series-Library/meta_checkpoints/dspbuilder_meta_leave_one_out/suite_20260511_114502/06_val_ILI/dspbuilder_meta_20260511_115401/valid_logs/ILI.txt,/home/junghc/TSLib/Time-Series-Library/meta_checkpoints/dspbuilder_meta_leave_one_out/suite_20260511_114502/06_val_ILI/dspbuilder_meta_20260511_115401/summary.json
ILI,06_val_ILI,7,0.901938,7,True,synflow,0.910900,/home/junghc/TSLib/Time-Series-Library/meta_checkpoints/dspbuilder_meta_leave_one_out/suite_20260511_114502/06_val_ILI/dspbuilder_meta_20260511_115401/valid_logs/ILI.txt,/home/junghc/TSLib/Time-Series-Library/meta_checkpoints/dspbuilder_meta_leave_one_out/suite_20260511_114502/06_val_ILI/dspbuilder_meta_20260511_115401/summary.json
ILI,06_val_ILI,8,0.893146,7,False,synflow,0.910900,/home/junghc/TSLib/Time-Series-Library/meta_checkpoints/dspbuilder_meta_leave_one_out/suite_20260511_114502/06_val_ILI/dspbuilder_meta_20260511_115401/valid_logs/ILI.txt,/home/junghc/TSLib/Time-Series-Library/meta_checkpoints/dspbuilder_meta_leave_one_out/suite_20260511_114502/06_val_ILI/dspbuilder_meta_20260511_115401/summary.json
ILI,06_val_ILI,9,0.889949,7,False,synflow,0.910900,/home/junghc/TSLib/Time-Series-Library/meta_checkpoints/dspbuilder_meta_leave_one_out/suite_20260511_114502/06_val_ILI/dspbuilder_meta_20260511_115401/valid_logs/ILI.txt,/home/junghc/TSLib/Time-Series-Library/meta_checkpoints/dspbuilder_meta_leave_one_out/suite_20260511_114502/06_val_ILI/dspbuilder_meta_20260511_115401/summary.json
ILI,06_val_ILI,10,0.88578,7,False,synflow,0.910900,/home/junghc/TSLib/Time-Series-Library/meta_checkpoints/dspbuilder_meta_leave_one_out/suite_20260511_114502/06_val_ILI/dspbuilder_meta_20260511_115401/valid_logs/ILI.txt,/home/junghc/TSLib/Time-Series-Library/meta_checkpoints/dspbuilder_meta_leave_one_out/suite_20260511_114502/06_val_ILI/dspbuilder_meta_20260511_115401/summary.json
ILI,06_val_ILI,11,0.899703,7,False,synflow,0.910900,/home/junghc/TSLib/Time-Series-Library/meta_checkpoints/dspbuilder_meta_leave_one_out/suite_20260511_114502/06_val_ILI/dspbuilder_meta_20260511_115401/valid_logs/ILI.txt,/home/junghc/TSLib/Time-Series-Library/meta_checkpoints/dspbuilder_meta_leave_one_out/suite_20260511_114502/06_val_ILI/dspbuilder_meta_20260511_115401/summary.json
ILI,06_val_ILI,12,0.882873,7,False,synflow,0.910900,/home/junghc/TSLib/Time-Series-Library/meta_checkpoints/dspbuilder_meta_leave_one_out/suite_20260511_114502/06_val_ILI/dspbuilder_meta_20260511_115401/valid_logs/ILI.txt,/home/junghc/TSLib/Time-Series-Library/meta_checkpoints/dspbuilder_meta_leave_one_out/suite_20260511_114502/06_val_ILI/dspbuilder_meta_20260511_115401/summary.json
M4_Hourly,07_val_M4_Hourly,1,0.150495,4,False,snip,0.507100,/home/junghc/TSLib/Time-Series-Library/meta_checkpoints/dspbuilder_meta_leave_one_out/suite_20260511_114502/07_val_M4_Hourly/dspbuilder_meta_20260511_115530/valid_logs/M4_Hourly.txt,/home/junghc/TSLib/Time-Series-Library/meta_checkpoints/dspbuilder_meta_leave_one_out/suite_20260511_114502/07_val_M4_Hourly/dspbuilder_meta_20260511_115530/summary.json
M4_Hourly,07_val_M4_Hourly,2,0.364668,4,False,snip,0.507100,/home/junghc/TSLib/Time-Series-Library/meta_checkpoints/dspbuilder_meta_leave_one_out/suite_20260511_114502/07_val_M4_Hourly/dspbuilder_meta_20260511_115530/valid_logs/M4_Hourly.txt,/home/junghc/TSLib/Time-Series-Library/meta_checkpoints/dspbuilder_meta_leave_one_out/suite_20260511_114502/07_val_M4_Hourly/dspbuilder_meta_20260511_115530/summary.json
M4_Hourly,07_val_M4_Hourly,3,0.447906,4,False,snip,0.507100,/home/junghc/TSLib/Time-Series-Library/meta_checkpoints/dspbuilder_meta_leave_one_out/suite_20260511_114502/07_val_M4_Hourly/dspbuilder_meta_20260511_115530/valid_logs/M4_Hourly.txt,/home/junghc/TSLib/Time-Series-Library/meta_checkpoints/dspbuilder_meta_leave_one_out/suite_20260511_114502/07_val_M4_Hourly/dspbuilder_meta_20260511_115530/summary.json
M4_Hourly,07_val_M4_Hourly,4,0.474314,4,True,snip,0.507100,/home/junghc/TSLib/Time-Series-Library/meta_checkpoints/dspbuilder_meta_leave_one_out/suite_20260511_114502/07_val_M4_Hourly/dspbuilder_meta_20260511_115530/valid_logs/M4_Hourly.txt,/home/junghc/TSLib/Time-Series-Library/meta_checkpoints/dspbuilder_meta_leave_one_out/suite_20260511_114502/07_val_M4_Hourly/dspbuilder_meta_20260511_115530/summary.json
M4_Hourly,07_val_M4_Hourly,5,0.471537,4,False,snip,0.507100,/home/junghc/TSLib/Time-Series-Library/meta_checkpoints/dspbuilder_meta_leave_one_out/suite_20260511_114502/07_val_M4_Hourly/dspbuilder_meta_20260511_115530/valid_logs/M4_Hourly.txt,/home/junghc/TSLib/Time-Series-Library/meta_checkpoints/dspbuilder_meta_leave_one_out/suite_20260511_114502/07_val_M4_Hourly/dspbuilder_meta_20260511_115530/summary.json
M4_Hourly,07_val_M4_Hourly,6,0.458669,4,False,snip,0.507100,/home/junghc/TSLib/Time-Series-Library/meta_checkpoints/dspbuilder_meta_leave_one_out/suite_20260511_114502/07_val_M4_Hourly/dspbuilder_meta_20260511_115530/valid_logs/M4_Hourly.txt,/home/junghc/TSLib/Time-Series-Library/meta_checkpoints/dspbuilder_meta_leave_one_out/suite_20260511_114502/07_val_M4_Hourly/dspbuilder_meta_20260511_115530/summary.json
M4_Hourly,07_val_M4_Hourly,7,0.474105,4,False,snip,0.507100,/home/junghc/TSLib/Time-Series-Library/meta_checkpoints/dspbuilder_meta_leave_one_out/suite_20260511_114502/07_val_M4_Hourly/dspbuilder_meta_20260511_115530/valid_logs/M4_Hourly.txt,/home/junghc/TSLib/Time-Series-Library/meta_checkpoints/dspbuilder_meta_leave_one_out/suite_20260511_114502/07_val_M4_Hourly/dspbuilder_meta_20260511_115530/summary.json
M4_Hourly,07_val_M4_Hourly,8,0.435953,4,False,snip,0.507100,/home/junghc/TSLib/Time-Series-Library/meta_checkpoints/dspbuilder_meta_leave_one_out/suite_20260511_114502/07_val_M4_Hourly/dspbuilder_meta_20260511_115530/valid_logs/M4_Hourly.txt,/home/junghc/TSLib/Time-Series-Library/meta_checkpoints/dspbuilder_meta_leave_one_out/suite_20260511_114502/07_val_M4_Hourly/dspbuilder_meta_20260511_115530/summary.json
M4_Hourly,07_val_M4_Hourly,9,0.458712,4,False,snip,0.507100,/home/junghc/TSLib/Time-Series-Library/meta_checkpoints/dspbuilder_meta_leave_one_out/suite_20260511_114502/07_val_M4_Hourly/dspbuilder_meta_20260511_115530/valid_logs/M4_Hourly.txt,/home/junghc/TSLib/Time-Series-Library/meta_checkpoints/dspbuilder_meta_leave_one_out/suite_20260511_114502/07_val_M4_Hourly/dspbuilder_meta_20260511_115530/summary.json
M4_Monthly,08_val_M4_Monthly,1,0.159364,6,False,synflow,0.824000,/home/junghc/TSLib/Time-Series-Library/meta_checkpoints/dspbuilder_meta_leave_one_out/suite_20260511_114502/08_val_M4_Monthly/dspbuilder_meta_20260511_115641/valid_logs/M4_Monthly.txt,/home/junghc/TSLib/Time-Series-Library/meta_checkpoints/dspbuilder_meta_leave_one_out/suite_20260511_114502/08_val_M4_Monthly/dspbuilder_meta_20260511_115641/summary.json
M4_Monthly,08_val_M4_Monthly,2,0.564368,6,False,synflow,0.824000,/home/junghc/TSLib/Time-Series-Library/meta_checkpoints/dspbuilder_meta_leave_one_out/suite_20260511_114502/08_val_M4_Monthly/dspbuilder_meta_20260511_115641/valid_logs/M4_Monthly.txt,/home/junghc/TSLib/Time-Series-Library/meta_checkpoints/dspbuilder_meta_leave_one_out/suite_20260511_114502/08_val_M4_Monthly/dspbuilder_meta_20260511_115641/summary.json
M4_Monthly,08_val_M4_Monthly,3,0.666818,6,False,synflow,0.824000,/home/junghc/TSLib/Time-Series-Library/meta_checkpoints/dspbuilder_meta_leave_one_out/suite_20260511_114502/08_val_M4_Monthly/dspbuilder_meta_20260511_115641/valid_logs/M4_Monthly.txt,/home/junghc/TSLib/Time-Series-Library/meta_checkpoints/dspbuilder_meta_leave_one_out/suite_20260511_114502/08_val_M4_Monthly/dspbuilder_meta_20260511_115641/summary.json
M4_Monthly,08_val_M4_Monthly,4,0.733542,6,False,synflow,0.824000,/home/junghc/TSLib/Time-Series-Library/meta_checkpoints/dspbuilder_meta_leave_one_out/suite_20260511_114502/08_val_M4_Monthly/dspbuilder_meta_20260511_115641/valid_logs/M4_Monthly.txt,/home/junghc/TSLib/Time-Series-Library/meta_checkpoints/dspbuilder_meta_leave_one_out/suite_20260511_114502/08_val_M4_Monthly/dspbuilder_meta_20260511_115641/summary.json
M4_Monthly,08_val_M4_Monthly,5,0.751916,6,False,synflow,0.824000,/home/junghc/TSLib/Time-Series-Library/meta_checkpoints/dspbuilder_meta_leave_one_out/suite_20260511_114502/08_val_M4_Monthly/dspbuilder_meta_20260511_115641/valid_logs/M4_Monthly.txt,/home/junghc/TSLib/Time-Series-Library/meta_checkpoints/dspbuilder_meta_leave_one_out/suite_20260511_114502/08_val_M4_Monthly/dspbuilder_meta_20260511_115641/summary.json
M4_Monthly,08_val_M4_Monthly,6,0.769402,6,True,synflow,0.824000,/home/junghc/TSLib/Time-Series-Library/meta_checkpoints/dspbuilder_meta_leave_one_out/suite_20260511_114502/08_val_M4_Monthly/dspbuilder_meta_20260511_115641/valid_logs/M4_Monthly.txt,/home/junghc/TSLib/Time-Series-Library/meta_checkpoints/dspbuilder_meta_leave_one_out/suite_20260511_114502/08_val_M4_Monthly/dspbuilder_meta_20260511_115641/summary.json
M4_Monthly,08_val_M4_Monthly,7,0.779564,6,False,synflow,0.824000,/home/junghc/TSLib/Time-Series-Library/meta_checkpoints/dspbuilder_meta_leave_one_out/suite_20260511_114502/08_val_M4_Monthly/dspbuilder_meta_20260511_115641/valid_logs/M4_Monthly.txt,/home/junghc/TSLib/Time-Series-Library/meta_checkpoints/dspbuilder_meta_leave_one_out/suite_20260511_114502/08_val_M4_Monthly/dspbuilder_meta_20260511_115641/summary.json
M4_Monthly,08_val_M4_Monthly,8,0.777872,6,False,synflow,0.824000,/home/junghc/TSLib/Time-Series-Library/meta_checkpoints/dspbuilder_meta_leave_one_out/suite_20260511_114502/08_val_M4_Monthly/dspbuilder_meta_20260511_115641/valid_logs/M4_Monthly.txt,/home/junghc/TSLib/Time-Series-Library/meta_checkpoints/dspbuilder_meta_leave_one_out/suite_20260511_114502/08_val_M4_Monthly/dspbuilder_meta_20260511_115641/summary.json
M4_Monthly,08_val_M4_Monthly,9,0.785973,6,False,synflow,0.824000,/home/junghc/TSLib/Time-Series-Library/meta_checkpoints/dspbuilder_meta_leave_one_out/suite_20260511_114502/08_val_M4_Monthly/dspbuilder_meta_20260511_115641/valid_logs/M4_Monthly.txt,/home/junghc/TSLib/Time-Series-Library/meta_checkpoints/dspbuilder_meta_leave_one_out/suite_20260511_114502/08_val_M4_Monthly/dspbuilder_meta_20260511_115641/summary.json
M4_Monthly,08_val_M4_Monthly,10,0.790843,6,False,synflow,0.824000,/home/junghc/TSLib/Time-Series-Library/meta_checkpoints/dspbuilder_meta_leave_one_out/suite_20260511_114502/08_val_M4_Monthly/dspbuilder_meta_20260511_115641/valid_logs/M4_Monthly.txt,/home/junghc/TSLib/Time-Series-Library/meta_checkpoints/dspbuilder_meta_leave_one_out/suite_20260511_114502/08_val_M4_Monthly/dspbuilder_meta_20260511_115641/summary.json
M4_Monthly,08_val_M4_Monthly,11,0.793423,6,False,synflow,0.824000,/home/junghc/TSLib/Time-Series-Library/meta_checkpoints/dspbuilder_meta_leave_one_out/suite_20260511_114502/08_val_M4_Monthly/dspbuilder_meta_20260511_115641/valid_logs/M4_Monthly.txt,/home/junghc/TSLib/Time-Series-Library/meta_checkpoints/dspbuilder_meta_leave_one_out/suite_20260511_114502/08_val_M4_Monthly/dspbuilder_meta_20260511_115641/summary.json
M4_Quarterly,09_val_M4_Quarterly,1,-0.369469,7,False,synflow,0.759000,/home/junghc/TSLib/Time-Series-Library/meta_checkpoints/dspbuilder_meta_leave_one_out/suite_20260511_114502/09_val_M4_Quarterly/dspbuilder_meta_20260511_115804/valid_logs/M4_Quarterly.txt,/home/junghc/TSLib/Time-Series-Library/meta_checkpoints/dspbuilder_meta_leave_one_out/suite_20260511_114502/09_val_M4_Quarterly/dspbuilder_meta_20260511_115804/summary.json
M4_Quarterly,09_val_M4_Quarterly,2,0.1277,7,False,synflow,0.759000,/home/junghc/TSLib/Time-Series-Library/meta_checkpoints/dspbuilder_meta_leave_one_out/suite_20260511_114502/09_val_M4_Quarterly/dspbuilder_meta_20260511_115804/valid_logs/M4_Quarterly.txt,/home/junghc/TSLib/Time-Series-Library/meta_checkpoints/dspbuilder_meta_leave_one_out/suite_20260511_114502/09_val_M4_Quarterly/dspbuilder_meta_20260511_115804/summary.json
M4_Quarterly,09_val_M4_Quarterly,3,0.367429,7,False,synflow,0.759000,/home/junghc/TSLib/Time-Series-Library/meta_checkpoints/dspbuilder_meta_leave_one_out/suite_20260511_114502/09_val_M4_Quarterly/dspbuilder_meta_20260511_115804/valid_logs/M4_Quarterly.txt,/home/junghc/TSLib/Time-Series-Library/meta_checkpoints/dspbuilder_meta_leave_one_out/suite_20260511_114502/09_val_M4_Quarterly/dspbuilder_meta_20260511_115804/summary.json
M4_Quarterly,09_val_M4_Quarterly,4,0.510589,7,False,synflow,0.759000,/home/junghc/TSLib/Time-Series-Library/meta_checkpoints/dspbuilder_meta_leave_one_out/suite_20260511_114502/09_val_M4_Quarterly/dspbuilder_meta_20260511_115804/valid_logs/M4_Quarterly.txt,/home/junghc/TSLib/Time-Series-Library/meta_checkpoints/dspbuilder_meta_leave_one_out/suite_20260511_114502/09_val_M4_Quarterly/dspbuilder_meta_20260511_115804/summary.json
M4_Quarterly,09_val_M4_Quarterly,5,0.532064,7,False,synflow,0.759000,/home/junghc/TSLib/Time-Series-Library/meta_checkpoints/dspbuilder_meta_leave_one_out/suite_20260511_114502/09_val_M4_Quarterly/dspbuilder_meta_20260511_115804/valid_logs/M4_Quarterly.txt,/home/junghc/TSLib/Time-Series-Library/meta_checkpoints/dspbuilder_meta_leave_one_out/suite_20260511_114502/09_val_M4_Quarterly/dspbuilder_meta_20260511_115804/summary.json
M4_Quarterly,09_val_M4_Quarterly,6,0.582049,7,False,synflow,0.759000,/home/junghc/TSLib/Time-Series-Library/meta_checkpoints/dspbuilder_meta_leave_one_out/suite_20260511_114502/09_val_M4_Quarterly/dspbuilder_meta_20260511_115804/valid_logs/M4_Quarterly.txt,/home/junghc/TSLib/Time-Series-Library/meta_checkpoints/dspbuilder_meta_leave_one_out/suite_20260511_114502/09_val_M4_Quarterly/dspbuilder_meta_20260511_115804/summary.json
M4_Quarterly,09_val_M4_Quarterly,7,0.602124,7,True,synflow,0.759000,/home/junghc/TSLib/Time-Series-Library/meta_checkpoints/dspbuilder_meta_leave_one_out/suite_20260511_114502/09_val_M4_Quarterly/dspbuilder_meta_20260511_115804/valid_logs/M4_Quarterly.txt,/home/junghc/TSLib/Time-Series-Library/meta_checkpoints/dspbuilder_meta_leave_one_out/suite_20260511_114502/09_val_M4_Quarterly/dspbuilder_meta_20260511_115804/summary.json
M4_Quarterly,09_val_M4_Quarterly,8,0.600907,7,False,synflow,0.759000,/home/junghc/TSLib/Time-Series-Library/meta_checkpoints/dspbuilder_meta_leave_one_out/suite_20260511_114502/09_val_M4_Quarterly/dspbuilder_meta_20260511_115804/valid_logs/M4_Quarterly.txt,/home/junghc/TSLib/Time-Series-Library/meta_checkpoints/dspbuilder_meta_leave_one_out/suite_20260511_114502/09_val_M4_Quarterly/dspbuilder_meta_20260511_115804/summary.json
M4_Quarterly,09_val_M4_Quarterly,9,0.600048,7,False,synflow,0.759000,/home/junghc/TSLib/Time-Series-Library/meta_checkpoints/dspbuilder_meta_leave_one_out/suite_20260511_114502/09_val_M4_Quarterly/dspbuilder_meta_20260511_115804/valid_logs/M4_Quarterly.txt,/home/junghc/TSLib/Time-Series-Library/meta_checkpoints/dspbuilder_meta_leave_one_out/suite_20260511_114502/09_val_M4_Quarterly/dspbuilder_meta_20260511_115804/summary.json
M4_Quarterly,09_val_M4_Quarterly,10,0.616982,7,False,synflow,0.759000,/home/junghc/TSLib/Time-Series-Library/meta_checkpoints/dspbuilder_meta_leave_one_out/suite_20260511_114502/09_val_M4_Quarterly/dspbuilder_meta_20260511_115804/valid_logs/M4_Quarterly.txt,/home/junghc/TSLib/Time-Series-Library/meta_checkpoints/dspbuilder_meta_leave_one_out/suite_20260511_114502/09_val_M4_Quarterly/dspbuilder_meta_20260511_115804/summary.json
M4_Quarterly,09_val_M4_Quarterly,11,0.621787,7,False,synflow,0.759000,/home/junghc/TSLib/Time-Series-Library/meta_checkpoints/dspbuilder_meta_leave_one_out/suite_20260511_114502/09_val_M4_Quarterly/dspbuilder_meta_20260511_115804/valid_logs/M4_Quarterly.txt,/home/junghc/TSLib/Time-Series-Library/meta_checkpoints/dspbuilder_meta_leave_one_out/suite_20260511_114502/09_val_M4_Quarterly/dspbuilder_meta_20260511_115804/summary.json
M4_Quarterly,09_val_M4_Quarterly,12,0.645369,7,False,synflow,0.759000,/home/junghc/TSLib/Time-Series-Library/meta_checkpoints/dspbuilder_meta_leave_one_out/suite_20260511_114502/09_val_M4_Quarterly/dspbuilder_meta_20260511_115804/valid_logs/M4_Quarterly.txt,/home/junghc/TSLib/Time-Series-Library/meta_checkpoints/dspbuilder_meta_leave_one_out/suite_20260511_114502/09_val_M4_Quarterly/dspbuilder_meta_20260511_115804/summary.json
M4_Daily,10_val_M4_Daily,1,0.206973,2,False,params,0.208800,/home/junghc/TSLib/Time-Series-Library/meta_checkpoints/dspbuilder_meta_leave_one_out/suite_20260511_114502/10_val_M4_Daily/dspbuilder_meta_20260511_115931/valid_logs/M4_Daily.txt,/home/junghc/TSLib/Time-Series-Library/meta_checkpoints/dspbuilder_meta_leave_one_out/suite_20260511_114502/10_val_M4_Daily/dspbuilder_meta_20260511_115931/summary.json
M4_Daily,10_val_M4_Daily,2,0.215148,2,True,params,0.208800,/home/junghc/TSLib/Time-Series-Library/meta_checkpoints/dspbuilder_meta_leave_one_out/suite_20260511_114502/10_val_M4_Daily/dspbuilder_meta_20260511_115931/valid_logs/M4_Daily.txt,/home/junghc/TSLib/Time-Series-Library/meta_checkpoints/dspbuilder_meta_leave_one_out/suite_20260511_114502/10_val_M4_Daily/dspbuilder_meta_20260511_115931/summary.json
M4_Daily,10_val_M4_Daily,3,0.179428,2,False,params,0.208800,/home/junghc/TSLib/Time-Series-Library/meta_checkpoints/dspbuilder_meta_leave_one_out/suite_20260511_114502/10_val_M4_Daily/dspbuilder_meta_20260511_115931/valid_logs/M4_Daily.txt,/home/junghc/TSLib/Time-Series-Library/meta_checkpoints/dspbuilder_meta_leave_one_out/suite_20260511_114502/10_val_M4_Daily/dspbuilder_meta_20260511_115931/summary.json
M4_Daily,10_val_M4_Daily,4,0.18098,2,False,params,0.208800,/home/junghc/TSLib/Time-Series-Library/meta_checkpoints/dspbuilder_meta_leave_one_out/suite_20260511_114502/10_val_M4_Daily/dspbuilder_meta_20260511_115931/valid_logs/M4_Daily.txt,/home/junghc/TSLib/Time-Series-Library/meta_checkpoints/dspbuilder_meta_leave_one_out/suite_20260511_114502/10_val_M4_Daily/dspbuilder_meta_20260511_115931/summary.json
M4_Daily,10_val_M4_Daily,5,0.187682,2,False,params,0.208800,/home/junghc/TSLib/Time-Series-Library/meta_checkpoints/dspbuilder_meta_leave_one_out/suite_20260511_114502/10_val_M4_Daily/dspbuilder_meta_20260511_115931/valid_logs/M4_Daily.txt,/home/junghc/TSLib/Time-Series-Library/meta_checkpoints/dspbuilder_meta_leave_one_out/suite_20260511_114502/10_val_M4_Daily/dspbuilder_meta_20260511_115931/summary.json
M4_Daily,10_val_M4_Daily,6,0.172308,2,False,params,0.208800,/home/junghc/TSLib/Time-Series-Library/meta_checkpoints/dspbuilder_meta_leave_one_out/suite_20260511_114502/10_val_M4_Daily/dspbuilder_meta_20260511_115931/valid_logs/M4_Daily.txt,/home/junghc/TSLib/Time-Series-Library/meta_checkpoints/dspbuilder_meta_leave_one_out/suite_20260511_114502/10_val_M4_Daily/dspbuilder_meta_20260511_115931/summary.json
M4_Daily,10_val_M4_Daily,7,0.176622,2,False,params,0.208800,/home/junghc/TSLib/Time-Series-Library/meta_checkpoints/dspbuilder_meta_leave_one_out/suite_20260511_114502/10_val_M4_Daily/dspbuilder_meta_20260511_115931/valid_logs/M4_Daily.txt,/home/junghc/TSLib/Time-Series-Library/meta_checkpoints/dspbuilder_meta_leave_one_out/suite_20260511_114502/10_val_M4_Daily/dspbuilder_meta_20260511_115931/summary.json
M4_Weekly,11_val_M4_Weekly,1,-0.122652,2,False,jacob_cov,0.242000,/home/junghc/TSLib/Time-Series-Library/meta_checkpoints/dspbuilder_meta_leave_one_out/suite_20260511_114502/11_val_M4_Weekly/dspbuilder_meta_20260511_120030/valid_logs/M4_Weekly.txt,/home/junghc/TSLib/Time-Series-Library/meta_checkpoints/dspbuilder_meta_leave_one_out/suite_20260511_114502/11_val_M4_Weekly/dspbuilder_meta_20260511_120030/summary.json
M4_Weekly,11_val_M4_Weekly,2,0.023203,2,True,jacob_cov,0.242000,/home/junghc/TSLib/Time-Series-Library/meta_checkpoints/dspbuilder_meta_leave_one_out/suite_20260511_114502/11_val_M4_Weekly/dspbuilder_meta_20260511_120030/valid_logs/M4_Weekly.txt,/home/junghc/TSLib/Time-Series-Library/meta_checkpoints/dspbuilder_meta_leave_one_out/suite_20260511_114502/11_val_M4_Weekly/dspbuilder_meta_20260511_120030/summary.json
M4_Weekly,11_val_M4_Weekly,3,0.12163,2,False,jacob_cov,0.242000,/home/junghc/TSLib/Time-Series-Library/meta_checkpoints/dspbuilder_meta_leave_one_out/suite_20260511_114502/11_val_M4_Weekly/dspbuilder_meta_20260511_120030/valid_logs/M4_Weekly.txt,/home/junghc/TSLib/Time-Series-Library/meta_checkpoints/dspbuilder_meta_leave_one_out/suite_20260511_114502/11_val_M4_Weekly/dspbuilder_meta_20260511_120030/summary.json
M4_Weekly,11_val_M4_Weekly,4,0.165809,2,False,jacob_cov,0.242000,/home/junghc/TSLib/Time-Series-Library/meta_checkpoints/dspbuilder_meta_leave_one_out/suite_20260511_114502/11_val_M4_Weekly/dspbuilder_meta_20260511_120030/valid_logs/M4_Weekly.txt,/home/junghc/TSLib/Time-Series-Library/meta_checkpoints/dspbuilder_meta_leave_one_out/suite_20260511_114502/11_val_M4_Weekly/dspbuilder_meta_20260511_120030/summary.json
M4_Weekly,11_val_M4_Weekly,5,0.1606,2,False,jacob_cov,0.242000,/home/junghc/TSLib/Time-Series-Library/meta_checkpoints/dspbuilder_meta_leave_one_out/suite_20260511_114502/11_val_M4_Weekly/dspbuilder_meta_20260511_120030/valid_logs/M4_Weekly.txt,/home/junghc/TSLib/Time-Series-Library/meta_checkpoints/dspbuilder_meta_leave_one_out/suite_20260511_114502/11_val_M4_Weekly/dspbuilder_meta_20260511_120030/summary.json
M4_Weekly,11_val_M4_Weekly,6,0.168665,2,False,jacob_cov,0.242000,/home/junghc/TSLib/Time-Series-Library/meta_checkpoints/dspbuilder_meta_leave_one_out/suite_20260511_114502/11_val_M4_Weekly/dspbuilder_meta_20260511_120030/valid_logs/M4_Weekly.txt,/home/junghc/TSLib/Time-Series-Library/meta_checkpoints/dspbuilder_meta_leave_one_out/suite_20260511_114502/11_val_M4_Weekly/dspbuilder_meta_20260511_120030/summary.json
M4_Weekly,11_val_M4_Weekly,7,0.16727,2,False,jacob_cov,0.242000,/home/junghc/TSLib/Time-Series-Library/meta_checkpoints/dspbuilder_meta_leave_one_out/suite_20260511_114502/11_val_M4_Weekly/dspbuilder_meta_20260511_120030/valid_logs/M4_Weekly.txt,/home/junghc/TSLib/Time-Series-Library/meta_checkpoints/dspbuilder_meta_leave_one_out/suite_20260511_114502/11_val_M4_Weekly/dspbuilder_meta_20260511_120030/summary.json
M4_Yearly,12_val_M4_Yearly,1,-0.0385,1,True,sfrd,-0.134970,/home/junghc/TSLib/Time-Series-Library/meta_checkpoints/dspbuilder_meta_leave_one_out/suite_20260511_114502/12_val_M4_Yearly/dspbuilder_meta_20260511_120130/valid_logs/M4_Yearly.txt,/home/junghc/TSLib/Time-Series-Library/meta_checkpoints/dspbuilder_meta_leave_one_out/suite_20260511_114502/12_val_M4_Yearly/dspbuilder_meta_20260511_120130/summary.json
M4_Yearly,12_val_M4_Yearly,2,0.014833,1,False,sfrd,-0.134970,/home/junghc/TSLib/Time-Series-Library/meta_checkpoints/dspbuilder_meta_leave_one_out/suite_20260511_114502/12_val_M4_Yearly/dspbuilder_meta_20260511_120130/valid_logs/M4_Yearly.txt,/home/junghc/TSLib/Time-Series-Library/meta_checkpoints/dspbuilder_meta_leave_one_out/suite_20260511_114502/12_val_M4_Yearly/dspbuilder_meta_20260511_120130/summary.json
M4_Yearly,12_val_M4_Yearly,3,0.004587,1,False,sfrd,-0.134970,/home/junghc/TSLib/Time-Series-Library/meta_checkpoints/dspbuilder_meta_leave_one_out/suite_20260511_114502/12_val_M4_Yearly/dspbuilder_meta_20260511_120130/valid_logs/M4_Yearly.txt,/home/junghc/TSLib/Time-Series-Library/meta_checkpoints/dspbuilder_meta_leave_one_out/suite_20260511_114502/12_val_M4_Yearly/dspbuilder_meta_20260511_120130/summary.json
M4_Yearly,12_val_M4_Yearly,4,0.012073,1,False,sfrd,-0.134970,/home/junghc/TSLib/Time-Series-Library/meta_checkpoints/dspbuilder_meta_leave_one_out/suite_20260511_114502/12_val_M4_Yearly/dspbuilder_meta_20260511_120130/valid_logs/M4_Yearly.txt,/home/junghc/TSLib/Time-Series-Library/meta_checkpoints/dspbuilder_meta_leave_one_out/suite_20260511_114502/12_val_M4_Yearly/dspbuilder_meta_20260511_120130/summary.json
M4_Yearly,12_val_M4_Yearly,5,0.027092,1,False,sfrd,-0.134970,/home/junghc/TSLib/Time-Series-Library/meta_checkpoints/dspbuilder_meta_leave_one_out/suite_20260511_114502/12_val_M4_Yearly/dspbuilder_meta_20260511_120130/valid_logs/M4_Yearly.txt,/home/junghc/TSLib/Time-Series-Library/meta_checkpoints/dspbuilder_meta_leave_one_out/suite_20260511_114502/12_val_M4_Yearly/dspbuilder_meta_20260511_120130/summary.json
M4_Yearly,12_val_M4_Yearly,6,0.029662,1,False,sfrd,-0.134970,/home/junghc/TSLib/Time-Series-Library/meta_checkpoints/dspbuilder_meta_leave_one_out/suite_20260511_114502/12_val_M4_Yearly/dspbuilder_meta_20260511_120130/valid_logs/M4_Yearly.txt,/home/junghc/TSLib/Time-Series-Library/meta_checkpoints/dspbuilder_meta_leave_one_out/suite_20260511_114502/12_val_M4_Yearly/dspbuilder_meta_20260511_120130/summary.json
